user_id,merchant_raw,amount,category,date
1,UPI-PRIYA S-2124@okaxis,183.32,misc,2026-04-01 09:22:00
1,Flipkart*ORD697347,100.0,shopping,2026-04-02 17:43:00
1,AJIO,418.29,shopping,2026-04-02 18:13:00
1,Udemy TXN54236,50.0,education,2026-04-02 21:11:00
1,pRiNToUt hSOP REF9540,466.55,education,2026-04-03 14:33:00
1,pRiNTTUt hSOP REF9540,466.55,education,2026-04-03 14:33:00
1,SWigGY inSTmaaRT,327.44,food,2026-04-03 20:34:00
1,UPI-MESS SECRETARY-7149@okaxis,50.0,misc,2026-04-04 08:59:00
1,Meesho/UPI,100.0,shopping,2026-04-04 13:59:00
1,AJiO REF83,921.28,shopping,2026-04-04 17:13:00
1,JiO REF83,921.28,shopping,2026-04-04 17:13:00
1,UPI-UNKNOWN UPI-2983@okaxis,50.0,misc,2026-04-04 17:54:00
1,CAMPUSC ANTEEN REF1488,310.68,food,2026-04-05 08:47:00
1,SWIGGY,441.09,food,2026-04-05 12:17:00
1,Vi Prepaid,216.13,recharge,2026-04-05 13:46:00
1,Vi Pepaid,216.13,recharge,2026-04-05 13:46:00
1,UPI-RAHUL K-4571@okaxis,294.6,misc,2026-04-05 23:42:00
1,UPI-PRIYA S-4908@okaxis,1040.91,misc,2026-04-07 08:39:00
1,mEsS fEE*ORD899550,154.27,food,2026-04-07 09:00:00
1,mEsS fEEE*ORD899550,154.27,food,2026-04-07 09:00:00
1,BOOKMYsHoW,79.0,entertainment,2026-04-07 21:45:00
1,BOOKMYsHoW,79.0,entertainment,2026-04-07 21:45:00
1,vi prePAID REF1006,260.13,recharge,2026-04-07 21:46:00
1,Vi Prepaid,469.85,recharge,2026-04-08 07:49:00
1,UDEMY,73.37,education,2026-04-08 08:44:00
1,SWIGGY,433.22,food,2026-04-08 11:55:00
1,WSIGY,433.22,food,2026-04-08 11:55:00
1,Meesho*ORD86449,417.14,shopping,2026-04-08 18:22:00
1,Meehho*ROD86449,417.14,shopping,2026-04-08 18:22:00
1,UPI-FRIEND REPAYMENT-4978@okaxis,383.55,misc,2026-04-13 14:04:00
1,hotSTAR TXN83385,79.0,entertainment,2026-04-15 06:23:00
1,hotSTAR TXN83385,79.0,entertainment,2026-04-15 06:23:00
1,UPI-MESS SECRETARY-3749@okaxis,50.0,misc,2026-04-15 16:49:00
1,cOUrSERa*ORD125611,50.0,education,2026-04-15 20:50:00
1,College Fee Portal*ORD973349,50.0,education,2026-04-16 13:34:00
1,College Fee Potal*ORD973349,50.0,education,2026-04-16 13:34:00
1,BOOKMYSHOW,227.14,food,2026-04-19 12:08:00
1,DOMINOS*ORD96,187.22,food,2026-04-19 16:59:00
1,WIFI BILL,99.0,recharge,2026-04-19 20:06:00
1,WFI BILL,99.0,recharge,2026-04-19 20:06:00
1,UPI-PRIYA S-6096@okaxis,629.02,misc,2026-04-20 11:49:00
1,SWIGGY INSTAMART*ORD319684,187.22,food,2026-04-20 14:53:00
1,SWIGGY INSTTAMART*ORD139684,187.22,food,2026-04-20 14:53:00
1,AJIO REF1241,770.98,shopping,2026-04-21 21:54:00
1,Udemy TXN31632,625.42,education,2026-04-22 10:31:00
1,UPI-RAHUL K-5051@okaxis,59.32,misc,2026-04-25 09:48:00
1,Myntra*ORD7768,368.86,shopping,2026-04-25 19:15:00
1,MyntarORD7768,368.86,shopping,2026-04-25 19:15:00
1,mYntRa,532.71,shopping,2026-05-01 06:59:00
1,COURSERA,1241.68,education,2026-05-01 11:43:00
1,OCRSERA,1241.68,education,2026-05-01 11:43:00
1,Airtel Prepaid,484.7,recharge,2026-05-01 16:00:00
1,AirtelPrepaid,484.7,recharge,2026-05-01 16:00:00
1,HOsTEl fee,7452.32,rent,2026-05-02 07:23:00
1,HOsTEll fee,7452.32,rent,2026-05-02 07:23:00
1,wIfI BILL/UPI/,99.0,recharge,2026-05-02 09:20:00
1,UPI-MESS SECRETARY-2257@okaxis,50.0,misc,2026-05-02 09:23:00
1,REdBUS,94.72,transport,2026-05-02 10:50:00
1,Meesho,557.17,shopping,2026-05-02 11:07:00
1,MYNTRA,495.39,shopping,2026-05-02 12:18:00
1,UBRE MOTO/UPI/782546314,181.33,transport,2026-05-02 15:32:00
1,Amazon TXN99742,652.56,shopping,2026-05-02 20:08:00
1,Amazzon TXN99742,652.56,shopping,2026-05-02 20:08:00
1,MeSs Fee,233.59,food,2026-05-02 22:19:00
1,MeSs  Fee,233.59,food,2026-05-02 22:19:00
1,flipkart,1115.64,shopping,2026-05-02 22:28:00
1,flipkart,1115.64,shopping,2026-05-02 22:28:00
1,Landlord Transfer,6888.33,rent,2026-05-02 23:49:00
1,Ajio,100.0,shopping,2026-05-03 06:56:00
1,LANDLORD T,6891.98,rent,2026-05-03 08:57:00
1,UPI-FRIEND REPAYMENT-9281@okaxis,98.61,misc,2026-05-03 11:03:00
1,Hostel Fee*ORD983791,10694.86,rent,2026-05-03 12:03:00
1,UPI-RAHUL K-8429@okaxis,50.0,misc,2026-05-03 22:51:00
1,Hostel Fee,7090.35,rent,2026-05-04 08:32:00
1,Landlord Transfer/UPI/611365210,8505.3,rent,2026-05-04 10:08:00
1,LANDLORD TRANSFER,6032.32,rent,2026-05-04 16:06:00
1,LANDLOR DTRANSFER,6032.32,rent,2026-05-04 16:06:00
1,pG Rent PAYM,9307.05,rent,2026-05-04 16:13:00
1,pGR ent PAYM,9307.05,rent,2026-05-04 16:13:00
1,ZOMATO TXN69048,119.22,food,2026-05-04 19:10:00
1,Hostel Fee TXN67619,4121.84,rent,2026-05-04 20:43:00
1,Hostel Fee TXN67619,4121.84,rent,2026-05-04 20:43:00
1,SWIGGY/UPI/26,177.85,food,2026-05-04 22:30:00
1,ZOMATO,355.61,food,2026-05-04 22:31:00
1,Hostel Fee*ORD213206,7542.45,rent,2026-05-04 23:03:00
1,Hostel Fee*ORD213206,7542.45,rent,2026-05-04 23:03:00
1,hOStel Fee TXN26021,7542.09,rent,2026-05-05 07:27:00
1,Pg Rent Paymen,6960.23,rent,2026-05-05 12:35:00
1,LANDLORD TRANSFER TXN76093,6711.46,rent,2026-05-05 13:36:00
1,UPI-FRIEND REPAYMENT-1945@okaxis,489.44,misc,2026-05-05 21:29:00
1,UPI-ROOMMATE SPLIT-7121@okaxis,1176.18,misc,2026-05-05 23:09:00
1,Myntra,852.03,shopping,2026-05-06 07:34:00
1,UDEMY TXN620,50.0,rent,2026-05-06 07:49:00
1,CAMPUS CAN,203.81,food,2026-05-06 12:45:00
1,zOmaTo/UPI/534222401,323.39,food,2026-05-06 22:05:00
1,zOmaTo/UPI/534222401,323.39,food,2026-05-06 22:05:00
1,BOoKMysHOw,218.63,entertainment,2026-05-06 22:14:00
1,MYntRa,410.41,shopping,2026-05-06 22:30:00
1,UPI-MESS SECRETARY-9525@okaxis,50.0,misc,2026-05-07 12:10:00
1,MeesHO,439.68,shopping,2026-05-07 18:19:00
1,MeesHO,439.68,shopping,2026-05-07 18:19:00
1,VI PrepaId*ORD637234,244.63,recharge,2026-05-08 08:19:00
1,Zomato TXN38361,243.99,food,2026-05-09 10:46:00
1,wIFI bILL TNX,244.79,recharge,2026-05-09 11:07:00
1,wIIF bILLL TNX,244.79,recharge,2026-05-09 11:07:00
1,MeTro Card reChaRGE*ORD114338,20.0,transport,2026-05-09 11:49:00
1,MYNTRA/UPI/956084565,100.0,shopping,2026-05-09 14:24:00
1,Irctc,102.95,transport,2026-05-09 20:05:00
1,rIctc,102.95,transport,2026-05-09 20:05:00
1,MyNTrA,230.39,shopping,2026-05-09 22:29:00
1,UBER MOTO,185.53,transport,2026-05-09 22:38:00
1,UBER MMOO,185.53,transport,2026-05-09 22:38:00
1,Redbus,191.23,transport,2026-05-09 23:27:00
1,Reduubs,191.23,transport,2026-05-09 23:27:00
1,Flipkart REF7044,1593.09,shopping,2026-05-10 09:08:00
1,UPI-RAHUL K-6766@okaxis,180.4,misc,2026-05-10 16:37:00
1,Vi Prepaid/UPI/507693523,421.42,recharge,2026-05-10 16:59:00
1,Vi Prepaid/UPI/07693523,421.42,recharge,2026-05-10 16:59:00
1,AMAZON,248.86,shopping,2026-05-10 18:15:00
1,AMAZN,248.86,shopping,2026-05-10 18:15:00
1,UPI-PRIYA S-4590@okaxis,534.74,misc,2026-05-10 19:39:00
1,zoMATo TXN41133,121.71,food,2026-05-10 21:39:00
1,zoMATo TXN41313,121.71,food,2026-05-10 21:39:00
1,peTrLO PumP,276.85,transport,2026-05-12 08:44:00
1,DOMInoS,174.13,food,2026-05-12 20:49:00
1,UPI-RAHUL K-4570@okaxis,919.97,misc,2026-05-13 16:52:00
1,UPI-MESS SECRETARY-1857@okaxis,431.5,misc,2026-05-13 21:49:00
1,UPI-FRIEND REPAYMENT-1672@okaxis,442.85,misc,2026-05-13 22:37:00
1,Bookmyshow TXN60940,79.0,entertainment,2026-05-14 06:02:00
1,UPI-FRIEND REPAYMENT-4578@okaxis,50.0,misc,2026-05-14 23:48:00
1,UPI-PRIYA S-9008@okaxis,327.43,misc,2026-05-15 11:43:00
1,Coursera/UPI/524951250,893.14,education,2026-05-15 13:06:00
1,Coursera/UPI/524951250,893.14,education,2026-05-15 13:06:00
1,UPI-MESS SECRETARY-5634@okaxis,666.16,misc,2026-05-15 13:23:00
1,UPI-FRIEND REPAYMENT-8792@okaxis,891.16,misc,2026-05-15 14:20:00
1,Ola Auto REF3369,188.89,transport,2026-05-16 10:53:00
1,Amazon,955.84,shopping,2026-05-16 18:09:00
1,Amano,955.84,shopping,2026-05-16 18:09:00
1,AJIO/UPI/583156434,737.29,shopping,2026-05-16 20:52:00
1,AmaZOn REF7807,1137.77,shopping,2026-05-16 21:40:00
1,AjiO TXN30111,478.64,shopping,2026-05-17 06:54:00
1,UPI-ROOMMATE SPLIT-8404@okaxis,336.7,misc,2026-05-17 10:19:00
1,UPI-ROOMMATE SPLIT-2695@okaxis,92.69,misc,2026-05-17 12:03:00
1,MYNTRA,815.63,shopping,2026-05-17 17:31:00
1,VI PREPAID RE4F920,362.79,recharge,2026-05-17 20:17:00
1,UPI-UNKNOWN UPI-6927@okaxis,339.86,misc,2026-05-17 22:33:00
1,OLa Auto,20.0,transport,2026-05-18 10:53:00
1,OaL Auto,20.0,transport,2026-05-18 10:53:00
1,Swiggy,40.0,food,2026-05-18 14:23:00
1,Coursera,874.62,education,2026-05-18 15:59:00
1,Dominos,40.0,food,2026-05-18 16:28:00
1,UPI-MESS SECRETARY-3463@okaxis,505.31,misc,2026-05-18 20:18:00
1,UPI-MESS SECRETARY-1356@okaxis,50.0,misc,2026-05-18 22:43:00
1,cOuRSeRA,452.23,education,2026-05-19 08:12:00
1,cOuRReRA,452.23,education,2026-05-19 08:12:00
1,UPI-ROOMMATE SPLIT-6644@okaxis,50.0,misc,2026-05-19 10:02:00
1,paRkINg fEE TXN51704,103.79,transport,2026-05-19 11:37:00
1,COLLEGE FEE PORTAL TXN66267,50.0,education,2026-05-19 21:02:00
1,COLLEGE FEE PORTAL TXN66276,50.0,education,2026-05-19 21:02:00
1,UPI-FRIEND REPAYMENT-9307@okaxis,212.13,misc,2026-05-21 10:39:00
1,UPI-PRIYA S-8172@okaxis,99.3,misc,2026-05-21 13:02:00
1,AMAZON,1165.5,shopping,2026-05-22 16:39:00
1,mESs feE TXN33,247.56,food,2026-05-24 14:52:00
1,Exa mFee Payment/UPI/380840558,50.0,education,2026-05-25 12:28:00
1,Exa mFee Payment/UPI/380840558,50.0,education,2026-05-25 12:28:00
1,UPI-FRIEND REPAYMENT-2341@okaxis,73.48,misc,2026-05-25 15:43:00
1,Prime Video,301.88,entertainment,2026-05-25 19:13:00
1,UPI-MESS SECRETARY-2548@okaxis,88.1,misc,2026-05-26 18:04:00
1,UPI-RAHUL K-9266@okaxis,50.0,misc,2026-05-26 18:45:00
1,Ajio,311.54,shopping,2026-05-27 06:32:00
1,Netflix REF1349,383.44,entertainment,2026-05-27 13:12:00
1,MEESHO,569.36,shopping,2026-05-28 08:04:00
1,UDEMY,50.0,education,2026-06-01 19:29:00
1,spoTiFy TX,214.84,entertainment,2026-06-02 19:40:00
1,Hostel Fee,5928.47,rent,2026-06-03 08:00:00
1,UPI-UNKNOWN UPI-3688@okaxis,50.0,misc,2026-06-03 08:39:00
1,Pg Rent Paym,7710.75,rent,2026-06-03 11:44:00
1,UPI-PRIYA S-9510@okaxis,630.87,misc,2026-06-03 12:37:00
1,Pg Rent Payment TXN92955,9798.66,rent,2026-06-03 16:44:00
1,Pg Rent Payment TXXN2955,9798.66,rent,2026-06-03 16:44:00
1,Hostel Fee*ORD146853,5537.98,rent,2026-06-04 13:44:00
1,Hoste lFee*ORD46853,5537.98,rent,2026-06-04 13:44:00
1,LAnDlorD TranSFeR REF7815,7984.83,rent,2026-06-04 17:36:00
1,OLA AUTO,181.19,transport,2026-06-04 19:47:00
1,OLAA UTO,181.19,transport,2026-06-04 19:47:00
1,Namma Metro,243.82,transport,2026-06-05 15:06:00
1,Namma Mettro,243.82,transport,2026-06-05 15:06:00
1,Landlord Transfer/UPI/683734594,5213.04,rent,2026-06-05 23:30:00
1,zOmATO REF9683,40.0,food,2026-06-06 09:24:00
1,mEeShO,798.49,shopping,2026-06-06 13:25:00
1,Jio Recharge/UPI/588225728,534.52,recharge,2026-06-06 14:40:00
1,Jio Recharge/UPI/588225728,534.52,recharge,2026-06-06 14:40:00
1,NETFlix TXN31916,223.96,entertainment,2026-06-07 11:24:00
1,NETFlix TXN31916,223.96,entertainment,2026-06-07 11:24:00
1,Swiggy Instamart,245.85,food,2026-06-07 21:03:00
1,SWIGGY INSTAMART TXN96533,47.68,food,2026-06-08 10:29:00
1,SWIGGY INSTAMART TX96533,47.68,food,2026-06-08 10:29:00
1,PARKING FEE TXN74044,20.0,transport,2026-06-08 11:24:00
1,PARKING FEE TXN7404,20.0,transport,2026-06-08 11:24:00
1,MESS FEE,403.0,food,2026-06-08 16:37:00
1,wifi BILL TXN44387,368.06,recharge,2026-06-09 17:12:00
1,Jio Recharge,126.9,recharge,2026-06-10 11:28:00
1,UPI-PRIYA S-3340@okaxis,550.27,misc,2026-06-10 12:24:00
1,UPI-MESS SECRETARY-2529@okaxis,50.0,misc,2026-06-10 13:55:00
1,Vi PRePAiD REF2,311.92,recharge,2026-06-11 08:49:00
1,AiRtel pREpaid,423.79,recharge,2026-06-12 21:39:00
1,vI PrEPAID REF5090,373.31,recharge,2026-06-12 23:18:00
1,nEtfLiX,79.0,entertainment,2026-06-13 23:20:00
1,Wifi Bill/UPI,394.51,recharge,2026-06-14 14:45:00
1,AMAZON TXN12246,910.97,shopping,2026-06-14 16:26:00
1,AMAOZNN TXN12246,910.97,shopping,2026-06-14 16:26:00
1,SWIGGY,333.89,food,2026-06-14 18:22:00
1,AJIO*ORD825916,775.25,shopping,2026-06-14 23:06:00
1,UPI-PRIYA S-3480@okaxis,50.0,misc,2026-06-15 19:46:00
1,UPI-ROOMMATE SPLIT-2463@okaxis,194.14,misc,2026-06-16 10:14:00
1,Coursera REF5646,252.77,education,2026-06-18 23:52:00
1,zOmAtO,251.84,food,2026-06-21 06:28:00
1,zmOAtO,251.84,food,2026-06-21 06:28:00
1,UPI-RAHUL K-7092@okaxis,50.0,misc,2026-06-21 19:16:00
1,UPI-ROOMMATE SPLIT-6005@okaxis,269.16,misc,2026-06-22 13:03:00
1,UPI-RAHUL K-6629@okaxis,305.2,misc,2026-06-22 22:00:00
1,UPI-PRIYA S-8812@okaxis,410.68,misc,2026-06-23 11:00:00
1,UPI-MESS SECRETARY-7022@okaxis,1388.07,misc,2026-06-24 11:06:00
1,UPI-UNKNOWN UPI-2494@okaxis,436.46,misc,2026-06-24 15:27:00
1,SPoTIFY/UPI/9487,231.97,entertainment,2026-06-24 23:37:00
1,Swiggy Instamart TXN60132,174.91,food,2026-06-25 22:02:00
1,REDBUS,20.0,transport,2026-06-26 20:04:00
1,UPI-ROOMMATE SPLIT-3165@okaxis,881.41,misc,2026-06-27 11:55:00
1,METRO CARD RECHARGE,252.77,transport,2026-07-01 15:02:00
1,METRO CARDERCHARGE,252.77,transport,2026-07-01 15:02:00
1,RAPIDO,43.94,transport,2026-07-01 22:28:00
1,hOstEl fEE*ROD282,8431.0,rent,2026-07-02 09:52:00
1,hOstEl fEE*ROD282,8431.0,rent,2026-07-02 09:52:00
1,PRIME VIDEO/UPI/965914172,233.67,entertainment,2026-07-02 10:33:00
1,PRIMME VIDEO/UPI/969514172,233.67,entertainment,2026-07-02 10:33:00
1,APRKING FEE*ORD367,20.0,transport,2026-07-02 12:31:00
1,NEtlfIx,338.07,entertainment,2026-07-02 12:40:00
1,Hostel Fee*ORD112964,12000.0,rent,2026-07-02 16:35:00
1,Hostel Fee,8703.35,rent,2026-07-02 20:19:00
1,Hostel Fee,8703.35,rent,2026-07-02 20:19:00
1,SPOTIFY/UPI/416655712,79.0,entertainment,2026-07-02 21:41:00
1,exaM fEE paymeNT,811.76,education,2026-07-04 11:11:00
1,exaM fEE pameNT,811.76,education,2026-07-04 11:11:00
1,HOSTEL FEE TXN8,7856.34,rent,2026-07-04 14:38:00
1,BOOkMYshoW/UPI/384825874,79.0,entertainment,2026-07-04 22:05:00
1,Namma Metro TXN58823,20.0,transport,2026-07-05 07:09:00
1,Nama Metro TXN58823,20.0,transport,2026-07-05 07:09:00
1,BOOKMYSHOW*ORD1,342.46,entertainment,2026-07-05 09:19:00
1,BOOKMYSHOW*OORD1,342.46,entertainment,2026-07-05 09:19:00
1,Printout Shop,257.91,education,2026-07-05 21:51:00
1,IRctc TXN10191,175.69,transport,2026-07-05 23:49:00
1,Jio Recharge,202.71,shopping,2026-07-06 06:49:00
1,COURSERA,50.0,education,2026-07-06 14:19:00
1,COLLEGE FEE PORTAL,1788.8,education,2026-07-07 14:07:00
1,UPI-PRIYA S-1044@okaxis,1157.58,misc,2026-07-07 23:21:00
1,COURSERA,50.0,education,2026-07-08 07:54:00
1,Coursera,108.78,education,2026-07-08 18:36:00
1,OLA/UPI/873403266,96.42,transport,2026-07-08 22:54:00
1,UPI-RAHUL K-9381@okaxis,571.84,misc,2026-07-09 12:26:00
1,FLIPKARt/UPI/707363258,679.1,shopping,2026-07-09 13:26:00
1,FLIPKARt/UPI/7077363258,679.1,shopping,2026-07-09 13:26:00
1,BookMYshOw,257.26,entertainment,2026-07-10 06:05:00
1,BokoMYshhOw,257.26,entertainment,2026-07-10 06:05:00
1,Exam Fee Payment,50.0,education,2026-07-10 10:20:00
1,UPI-FRIEND REPAYMENT-9132@okaxis,50.0,misc,2026-07-10 13:02:00
1,UPI-RAHUL K-9524@okaxis,50.0,misc,2026-07-10 21:42:00
1,CAMPUS CANTE,286.25,food,2026-07-11 07:05:00
1,RAPIDO TXN35969,196.24,transport,2026-07-11 07:06:00
1,nETFLIX TXN40886,257.07,entertainment,2026-07-11 19:06:00
1,nETFLIX TXN40886,257.07,entertainment,2026-07-11 19:06:00
1,Udemy,1053.37,education,2026-07-12 12:41:00
1,DOMINOS*ORD170813,319.96,food,2026-07-12 19:48:00
1,DOMINOS*ORD170813,319.96,food,2026-07-12 19:48:00
1,SWIGGY,287.55,food,2026-07-13 10:57:00
1,SWGIGGY,287.55,food,2026-07-13 10:57:00
1,College Fee Portal TX9N1737,855.38,education,2026-07-14 12:22:00
1,Airtel Prepaid*ORD466749,347.71,recharge,2026-07-15 14:28:00
1,CAFE COFFEE DAY*ORD190400,209.8,food,2026-07-15 19:46:00
1,CAFE COFFEE  DAY*ORD190400,209.8,food,2026-07-15 19:46:00
1,UPI-FRIEND REPAYMENT-5140@okaxis,325.71,misc,2026-07-15 20:07:00
1,PRINTOUT SHOP REF3096,449.12,education,2026-07-15 21:53:00
1,PRINTOUT HSOP REF3096,449.12,education,2026-07-15 21:53:00
1,Cafe Coffe,101.45,food,2026-07-16 08:49:00
1,UPI-UNKNOWN UPI-1152@okaxis,50.0,misc,2026-07-16 12:13:00
1,UPI-PRIYA S-5308@okaxis,386.58,misc,2026-07-16 14:38:00
1,SWIGGY INSTAMART/UPI/902990996,188.72,food,2026-07-18 21:42:00
1,SWIGGY NISTAMART/UPI/902990996,188.72,food,2026-07-18 21:42:00
1,SPOTIFY/UPI/735185398,79.0,entertainment,2026-07-18 21:54:00
1,SPOTIFY/UPI/735185398,79.0,entertainment,2026-07-18 21:54:00
1,UPI-RAHUL K-2741@okaxis,50.0,misc,2026-07-24 11:18:00
1,Amazon,726.86,shopping,2026-07-24 20:31:00
1,Amzon,726.86,shopping,2026-07-24 20:31:00
1,MetrO Card reChaR,170.78,transport,2026-07-26 10:20:00
1,MetrOC rd reChaR,170.78,transport,2026-07-26 10:20:00
1,HOTSTAR TXN67261,264.12,entertainment,2026-07-26 22:25:00
1,UPI-UNKNOWN UPI-7713@okaxis,318.23,misc,2026-07-27 14:22:00
1,SPOTIFY,257.26,entertainment,2026-07-27 23:28:00
1,COURSERA,116.84,education,2026-07-28 22:22:00
1,PG RENT PAY,9648.18,rent,2026-08-02 08:42:00
1,Prime Video,79.0,entertainment,2026-08-02 09:54:00
1,Prime Video,79.0,entertainment,2026-08-02 09:54:00
1,LanDlOrd tRANSfeR*ORD186345,10183.23,rent,2026-08-02 12:15:00
1,LanDlOrd tRANSfeR*ORD1863455,10183.23,rent,2026-08-02 12:15:00
1,LaNdLORD trANSfEr,7607.47,rent,2026-08-02 14:39:00
1,NETFLix,255.75,entertainment,2026-08-02 16:00:00
1,PG RENT PAYMENT,5108.67,rent,2026-08-03 09:43:00
1,PGR ENNT PAYMENT,5108.67,rent,2026-08-03 09:43:00
1,Landlord Tra,6020.01,rent,2026-08-03 17:18:00
1,Landlrod Tra,6020.01,rent,2026-08-03 17:18:00
1,PG ReNt paYmEnt REF6424,8376.79,rent,2026-08-03 22:38:00
1,uDemy,1160.15,education,2026-08-04 20:54:00
1,PRIME VIDEO*ORD919738,79.0,entertainment,2026-08-05 08:54:00
1,JIo rEchArgE/UPI/246438473,99.0,recharge,2026-08-06 08:00:00
1,UPI-PRIYA S-4629@okaxis,477.53,misc,2026-08-06 08:20:00
1,SPOTIYF/UPI/688078280,309.86,entertainment,2026-08-07 07:42:00
1,UPI-UNKNOWN UPI-2252@okaxis,198.97,misc,2026-08-07 16:46:00
1,Myntra,966.96,shopping,2026-08-09 09:02:00
1,NEtFLIX,129.82,entertainment,2026-08-09 15:31:00
1,AMAzoN*ORD166412,319.11,shopping,2026-08-09 21:39:00
1,HoTStar,108.76,entertainment,2026-08-13 21:26:00
1,Ajio,100.0,shopping,2026-08-14 12:28:00
1,UPI-MESS SECRETARY-8978@okaxis,276.19,misc,2026-08-15 19:49:00
1,JIO RECHARGE REF5127,404.87,recharge,2026-08-17 14:21:00
1,UPI-UNKNOWN UPI-2343@okaxis,50.0,misc,2026-08-18 11:11:00
1,PRIME VIDEO,162.79,entertainment,2026-08-19 14:36:00
1,UPI-MESS SECRETARY-8017@okaxis,50.0,misc,2026-08-19 19:51:00
1,UPI-FRIEND REPAYMENT-7637@okaxis,952.96,misc,2026-08-21 08:52:00
1,Netflix,307.87,entertainment,2026-08-21 19:39:00
1,Netflix,307.87,entertainment,2026-08-21 19:39:00
1,UPI-ROOMMATE SPLIT-8583@okaxis,50.0,misc,2026-08-22 18:56:00
1,UPI-MESS SECRETARY-3200@okaxis,609.85,misc,2026-08-23 21:17:00
1,UPI-RAHUL K-9309@okaxis,50.0,misc,2026-08-24 10:57:00
1,UPI-RAHUL K-5269@okaxis,50.0,misc,2026-08-25 14:58:00
1,Meesho,743.23,shopping,2026-08-26 13:54:00
1,Meeso,743.23,shopping,2026-08-26 13:54:00
1,UDEMY*ORD725637,109.46,education,2026-08-26 21:09:00
1,UDEEMY*ORD752637,109.46,education,2026-08-26 21:09:00
1,UPI-PRIYA S-9824@okaxis,50.0,misc,2026-08-27 16:54:00
2,Dominso,40.0,food,2026-04-01 22:23:00
2,Ajio,1716.52,shopping,2026-04-02 11:07:00
2,Pg Rent Payment TXN47586,8219.29,rent,2026-04-02 12:16:00
2,hoSteL FEe/UPI/881439680,5960.64,rent,2026-04-02 12:20:00
2,hotSeL FEe/UPI/881439680,5960.64,rent,2026-04-02 12:20:00
2,PG RENT PAYMENT/UPI,8349.4,rent,2026-04-02 13:48:00
2,udEmy*ORD225461,848.38,education,2026-04-03 11:23:00
2,Hostel Fee REF5463,7460.95,rent,2026-04-03 17:55:00
2,UBER*ORD92,163.62,transport,2026-04-03 19:10:00
2,LANDLORD TRANSFER,7944.44,rent,2026-04-04 13:18:00
2,Hostel Fee REF6752,8274.4,rent,2026-04-04 16:59:00
2,Landlord Transfer,7535.52,rent,2026-04-04 18:31:00
2,Landlord Tarnsfer,7535.52,rent,2026-04-04 18:31:00
2,HOSTEL FEE,6115.95,rent,2026-04-04 21:03:00
2,ZOMATO,82.59,food,2026-04-05 15:30:00
2,ZOMTO,82.59,food,2026-04-05 15:30:00
2,NAMMA METRO,340.32,transport,2026-04-06 17:33:00
2,AMAZON REF5530,100.0,transport,2026-04-07 17:33:00
2,AIRTeL pRe,125.65,recharge,2026-04-08 10:27:00
2,AIReL pRe,125.65,recharge,2026-04-08 10:27:00
2,Petrol Pump,158.38,transport,2026-04-08 13:37:00
2,Prime Video,222.15,entertainment,2026-04-10 21:02:00
2,SWIGGY*ORD6288,284.69,food,2026-04-12 13:08:00
2,ubER TXN32973,229.46,transport,2026-04-13 10:23:00
2,domInoS REF9,221.43,food,2026-04-14 12:07:00
2,CafE COFFEe daY,421.78,food,2026-04-14 13:57:00
2,CafE OFFEe daY,421.78,food,2026-04-14 13:57:00
2,Netflix REF4066,148.78,entertainment,2026-04-15 10:37:00
2,Netfli xREF4066,148.78,entertainment,2026-04-15 10:37:00
2,UDEMY REF9787,766.22,education,2026-04-15 23:48:00
2,Airtel Prepaid*ORD923892,165.97,recharge,2026-04-16 08:31:00
2,Airtel Prrepaid*OD923892,165.97,recharge,2026-04-16 08:31:00
2,BOOKMYSHOW REF8807,157.23,entertainment,2026-04-16 11:25:00
2,Rapido/UPI/429266242,103.76,transport,2026-04-17 19:30:00
2,CAMPUs CaNTeEN,247.87,food,2026-04-17 19:57:00
2,hotstar,106.05,entertainment,2026-04-20 09:08:00
2,dOMinOs*ORD956934,382.84,food,2026-04-20 16:11:00
2,dOMnnOs*ORD956934,382.84,food,2026-04-20 16:11:00
2,Spotify/UPI,268.25,entertainment,2026-04-23 09:47:00
2,SPOTIFY/UPI/680645164,86.6,entertainment,2026-04-23 10:36:00
2,Metro Card Recharge*ORD843596,77.97,transport,2026-04-23 17:34:00
2,UPI-UNKNOWN UPI-3207@okaxis,346.93,misc,2026-04-23 20:22:00
2,Netflix REF7269,79.0,entertainment,2026-04-26 14:37:00
2,UPI-PRIYA S-1349@okaxis,291.64,misc,2026-04-26 22:46:00
2,olA aUTo*ORD751168,112.77,transport,2026-05-01 23:39:00
2,VI PREPAID REF4438,311.94,recharge,2026-05-02 06:33:00
2,Hostel Fee*ORD650131,7113.71,rent,2026-05-02 08:44:00
2,Rapido TXN98294,306.66,transport,2026-05-02 11:36:00
2,Rapdo TXN98924,306.66,transport,2026-05-02 11:36:00
2,LANDLORD TRANSFER TXN11628,5848.98,rent,2026-05-02 13:51:00
2,Hostel Fee REF2097,10284.7,rent,2026-05-02 14:02:00
2,Landlord Transefr,8308.48,rent,2026-05-02 18:10:00
2,Landlord Transfr,8308.48,rent,2026-05-02 18:10:00
2,Pg Rent Payment*ORD382894,7275.01,rent,2026-05-02 18:33:00
2,Zomato REF8803,79.65,food,2026-05-02 21:03:00
2,Zomato RF8803,79.65,food,2026-05-02 21:03:00
2,Pg Rent Payment*O,6100.91,rent,2026-05-02 23:34:00
2,Pg Rent Payment*O,6100.91,rent,2026-05-02 23:34:00
2,mAazon,762.05,shopping,2026-05-03 06:19:00
2,LANDLORD TRANSFER*ORD487629,5861.3,rent,2026-05-03 08:20:00
2,Petrol Pump,249.05,transport,2026-05-03 12:08:00
2,Petrol Pump,249.05,transport,2026-05-03 12:08:00
2,LANDLORD TRANSFER,6211.37,rent,2026-05-03 14:10:00
2,Vi Prepaid REF9456,201.79,recharge,2026-05-03 14:55:00
2,Hostel eFe,7942.52,rent,2026-05-03 19:00:00
2,Flipkart,449.39,shopping,2026-05-03 22:02:00
2,Landlord Transfer TXN69298,5787.55,rent,2026-05-03 22:32:00
2,DOMINOS,217.34,food,2026-05-03 23:49:00
2,HOSTEL FEE/UPI/588915267,5654.12,rent,2026-05-04 07:06:00
2,HOTSEL FEE/UPI/588915267,5654.12,rent,2026-05-04 07:06:00
2,laNdLOrd tRANSfER*ORD451387,8462.68,rent,2026-05-04 07:19:00
2,laNdLOrd tRANSfER*ORD41387,8462.68,rent,2026-05-04 07:19:00
2,SWIGGY/UPI/80,296.59,food,2026-05-04 08:12:00
2,Pg Rent Payment,6779.41,rent,2026-05-04 08:53:00
2,Pg Rent Payment,6779.41,rent,2026-05-04 08:53:00
2,DOMinOS TXN18177,104.19,food,2026-05-04 09:18:00
2,Hotstar,493.86,entertainment,2026-05-04 09:28:00
2,peTrOl puMp TXN50334,198.21,transport,2026-05-04 12:12:00
2,LANDLORD TRANSFER REF2430,5740.42,rent,2026-05-04 12:43:00
2,LANDLORD TRANSFER REF2430,5740.42,rent,2026-05-04 12:43:00
2,BOOKMYSHOW/UPI,397.67,entertainment,2026-05-04 19:03:00
2,LanDLOrd TRanSfER,5984.26,rent,2026-05-04 21:16:00
2,dOMinOS*ORD142627,191.69,food,2026-05-04 22:05:00
2,Campus Canteen TXN80,292.71,food,2026-05-04 23:12:00
2,Capmus Canteen  TXN80,292.71,food,2026-05-04 23:12:00
2,PRIME VIDEO/UPI/864524,79.0,entertainment,2026-05-05 07:49:00
2,RPIME VIDEO/UPI/864524,79.0,entertainment,2026-05-05 07:49:00
2,aMAZon REF6,698.5,shopping,2026-05-05 13:08:00
2,aMAZon RFE6,698.5,shopping,2026-05-05 13:08:00
2,LANDLROD TRANS,6981.63,food,2026-05-05 13:38:00
2,HOSTEL FEE,4000.0,rent,2026-05-05 16:57:00
2,HOTSTAR,502.98,entertainment,2026-05-05 17:57:00
2,UBER,231.83,transport,2026-05-05 18:36:00
2,JIO RECHARGE/UPI/391039983,165.44,recharge,2026-05-06 08:39:00
2,VI PREPAID REF4197,531.43,recharge,2026-05-06 21:28:00
2,VI PREPAID REF4197,531.43,recharge,2026-05-06 21:28:00
2,CaFe COFFEe dAy,373.83,food,2026-05-07 16:24:00
2,AMAZON,995.07,shopping,2026-05-07 19:25:00
2,DOMINOS/UPI/758245879,137.18,food,2026-05-07 23:52:00
2,COLLEGE FEE PORTAL/UPI/548003203,50.0,education,2026-05-08 09:11:00
2,COLLEGE FEE PORTAL/UPI/458003203,50.0,education,2026-05-08 09:11:00
2,VI PREPAID REF2838,126.18,entertainment,2026-05-08 10:28:00
2,Coursera TXN87459,95.83,education,2026-05-08 16:35:00
2,UDEMY,50.0,education,2026-05-08 18:15:00
2,UDEYM,50.0,education,2026-05-08 18:15:00
2,NETFLIX,353.72,entertainment,2026-05-09 07:32:00
2,CAMPUS CANTEEN*ORD810638,179.59,transport,2026-05-09 11:43:00
2,Uber TXN27677,152.52,transport,2026-05-09 16:16:00
2,Ubber TXN27677,152.52,transport,2026-05-09 16:16:00
2,Spotify*ORD439817,298.75,entertainment,2026-05-09 17:45:00
2,pRiNtouT shoP*ORD8375,539.23,education,2026-05-09 21:19:00
2,Prime Video,79.0,entertainment,2026-05-10 06:18:00
2,Prime Video,79.0,entertainment,2026-05-10 06:18:00
2,MeSS feE TXN53452,426.55,food,2026-05-10 11:40:00
2,MeSS feE TXN53452,426.55,food,2026-05-10 11:40:00
2,CAMPUS CanTEEN/UPI/478305093,189.52,food,2026-05-10 16:15:00
2,SWIGGY TXN86056,263.53,food,2026-05-10 16:23:00
2,PrIMe videO REF8936,254.7,entertainment,2026-05-10 21:46:00
2,PrIMe videO REF8936,254.7,entertainment,2026-05-10 21:46:00
2,neTFLix/UPI/202739753,79.0,entertainment,2026-05-10 22:39:00
2,JIO RECHARGE TXN33459,126.67,recharge,2026-05-11 06:57:00
2,OLA AUTO TX,136.95,transport,2026-05-11 23:52:00
2,OLA  AUTO TX,136.95,transport,2026-05-11 23:52:00
2,UPI-ROOMMATE SPLIT-1121@okaxis,50.0,misc,2026-05-12 15:11:00
2,exam FEE PaymENT,117.38,education,2026-05-12 16:29:00
2,Wifi Bill,301.26,recharge,2026-05-12 16:58:00
2,COLLEGE FEE PORTAL,546.21,education,2026-05-12 20:44:00
2,SPOTIFY REF2035,181.89,entertainment,2026-05-12 21:50:00
2,SPTIFY RFE2035,181.89,entertainment,2026-05-12 21:50:00
2,SPotIfy*OR,183.68,entertainment,2026-05-13 07:07:00
2,PRIME VIDEO/UPI/858857635,194.65,entertainment,2026-05-13 09:56:00
2,Spotfiy REF3459,273.62,entertainment,2026-05-13 16:02:00
2,ExaM fEe pAYmeNt REF4002,695.15,education,2026-05-13 18:07:00
2,SPOTIFY TXN87539,323.89,entertainment,2026-05-13 23:54:00
2,UPI-PRIYA S-1284@okaxis,1032.58,misc,2026-05-15 10:07:00
2,COURSERA TXN73556,50.0,education,2026-05-15 16:52:00
2,COURSEAR TXN73556,50.0,education,2026-05-15 16:52:00
2,ZOMATO REF1931,265.18,food,2026-05-15 20:16:00
2,ZOMATO REF131,265.18,food,2026-05-15 20:16:00
2,UPI-UNKNOWN UPI-6940@okaxis,771.78,misc,2026-05-16 19:19:00
2,HOTStAr,79.0,entertainment,2026-05-16 22:36:00
2,NaMMa mEtrO/UPI/811817111,188.9,transport,2026-05-17 17:09:00
2,zOMAto/UPI/370637678,340.07,food,2026-05-18 18:37:00
2,NaMmA MEtR,247.62,transport,2026-05-18 20:44:00
2,UPI-UNKNOWN UPI-4878@okaxis,214.62,misc,2026-05-19 23:54:00
2,CoLLegE FEE poRtAL*,53.86,education,2026-05-20 08:19:00
2,Udemy REF3798,546.98,education,2026-05-21 06:30:00
2,UdemyREF3798,546.98,education,2026-05-21 06:30:00
2,cAMpuS CaNtEEn,398.87,food,2026-05-22 14:18:00
2,ola TXN74314,333.93,transport,2026-05-22 17:59:00
2,RAPIDO/UPI/142683817,134.38,transport,2026-05-23 17:05:00
2,RAAPIDO/UP/I14268317,134.38,transport,2026-05-23 17:05:00
2,CAFE COFFEE DAY*ORD834815,197.61,food,2026-05-23 19:23:00
2,Wifi Bill/UPI/644826299,272.56,recharge,2026-05-24 14:09:00
2,spOTiFY,269.27,entertainment,2026-05-25 12:56:00
2,spOTFiY,269.27,entertainment,2026-05-25 12:56:00
2,Cafe Coffee Day,217.41,food,2026-05-26 16:22:00
2,College Fee Portal,50.0,education,2026-05-27 08:51:00
2,jiO recHArGe,392.56,recharge,2026-05-27 14:38:00
2,BOoKMyShow,79.0,entertainment,2026-06-01 08:16:00
2,BOoKMyShoww,79.0,entertainment,2026-06-01 08:16:00
2,EXAM FEE PAYMENT,1453.2,education,2026-06-01 12:25:00
2,UPI-ROOMMATE SPLIT-7592@okaxis,50.0,misc,2026-06-01 14:10:00
2,SpotIfy/UPI/793683022,286.74,entertainment,2026-06-02 14:15:00
2,SpotIfy/UIP/793683022,286.74,entertainment,2026-06-02 14:15:00
2,UBER*ORD828799,78.07,transport,2026-06-02 18:05:00
2,COURSERA,1221.18,education,2026-06-03 09:18:00
2,CCOURSRA,1221.18,education,2026-06-03 09:18:00
2,Landlord Transfer,7498.47,rent,2026-06-03 12:40:00
2,EXAM FEE PAYMENT/UPI/996364012,250.62,education,2026-06-03 15:09:00
2,SWIGYG TXN17,40.0,food,2026-06-03 15:27:00
2,EXAM FEE PAYMENT,787.23,education,2026-06-04 09:30:00
2,EXAM FEE PAMYENT,787.23,education,2026-06-04 09:30:00
2,VI PREPAID TXN40781,559.11,recharge,2026-06-04 13:38:00
2,MEESho,710.15,shopping,2026-06-04 23:12:00
2,MEEhoo,710.15,shopping,2026-06-04 23:12:00
2,Udemy,50.0,education,2026-06-05 07:21:00
2,oBokmyshow,371.65,entertainment,2026-06-05 20:09:00
2,hOtstaR/UPI/626518516,79.0,entertainment,2026-06-05 20:21:00
2,SWIGGY/UPI/8,154.32,food,2026-06-07 06:52:00
2,Meesho/UPI/351923547,116.19,shopping,2026-06-07 12:22:00
2,eMesho/UPI/3511923547,116.19,shopping,2026-06-07 12:22:00
2,AIRTEL PREPAID,267.35,recharge,2026-06-07 12:53:00
2,AMAzOn*ORD460307,673.49,shopping,2026-06-07 18:48:00
2,PETROl PUMp REF5107,150.63,transport,2026-06-08 13:31:00
2,EPTROl PUMp REF5107,150.63,transport,2026-06-08 13:31:00
2,MEESHO,578.81,shopping,2026-06-08 17:51:00
2,uber mOtO TXN19123,20.0,education,2026-06-10 12:18:00
2,UBER,312.46,transport,2026-06-12 18:01:00
2,UBER,312.46,transport,2026-06-12 18:01:00
2,PARKING FEE*ORD850582,136.26,transport,2026-06-16 16:06:00
2,REDBUS REF7219,298.54,transport,2026-06-16 16:28:00
2,aIrteL pREPaId,482.67,recharge,2026-06-17 06:03:00
2,aIrte ppREPaId,482.67,recharge,2026-06-17 06:03:00
2,Coursera,982.94,education,2026-06-17 11:57:00
2,wIFI bIlL,137.73,recharge,2026-06-17 21:10:00
2,wIFIb IlL,137.73,recharge,2026-06-17 21:10:00
2,Exam Fee Payment,1035.05,education,2026-06-18 21:51:00
2,Exa mFee Payment,1035.05,education,2026-06-18 21:51:00
2,AMaZon REF8425,907.22,shopping,2026-06-19 10:50:00
2,AMaZon REF4825,907.22,shopping,2026-06-19 10:50:00
2,AjIo TXN24336,424.97,shopping,2026-06-20 06:11:00
2,College Fee Portal,811.63,education,2026-06-20 07:53:00
2,College Fee Portal,811.63,education,2026-06-20 07:53:00
2,Ajio,961.42,shopping,2026-06-20 13:31:00
2,Ajiio,961.42,shopping,2026-06-20 13:31:00
2,aIRtEl prEPaiD REF4858,260.13,recharge,2026-06-24 18:07:00
2,aIRtEl prEaPiD REF4858,260.13,recharge,2026-06-24 18:07:00
2,Jio Recharge,426.89,recharge,2026-06-27 18:10:00
2,Jio Rechage,426.89,recharge,2026-06-27 18:10:00
2,COLLEGE FEE PORTA,928.98,education,2026-07-02 11:09:00
2,COLLEGE FEE PORTA,928.98,education,2026-07-02 11:09:00
2,Rapido REF6107,230.36,transport,2026-07-02 13:49:00
2,pg rEnT PaymEn,8136.26,rent,2026-07-02 17:04:00
2,pg rnT PaymEn,8136.26,rent,2026-07-02 17:04:00
2,PG RENT PAYMENT TXN88584,4727.21,rent,2026-07-02 21:08:00
2,Pg Rent Payment/UPI/713504282,9467.45,rent,2026-07-02 22:28:00
2,PgRent Payment/UPI/713504282,9467.45,rent,2026-07-02 22:28:00
2,HOSTEL FEE*ORD810360,4000.0,rent,2026-07-03 06:53:00
2,HOSTE LFEE*ORD810360,4000.0,rent,2026-07-03 06:53:00
2,LANDLORD TRANSFER/UPI/3684608,7864.84,rent,2026-07-03 07:02:00
2,spOtiFy,79.0,entertainment,2026-07-03 09:00:00
2,sppOtiFy,79.0,entertainment,2026-07-03 09:00:00
2,laNDLord traNSFER,7921.25,rent,2026-07-03 11:04:00
2,laDNLord traNSFFER,7921.25,rent,2026-07-03 11:04:00
2,Uber Moto*ORD893310,88.34,transport,2026-07-03 12:40:00
2,HOTSTAR,212.1,entertainment,2026-07-03 15:10:00
2,OHTSTR,212.1,entertainment,2026-07-03 15:10:00
2,COURSERA RE,1287.97,education,2026-07-03 15:50:00
2,hoStel feE,6587.42,rent,2026-07-03 19:52:00
2,hoStle feE,6587.42,rent,2026-07-03 19:52:00
2,Cafe Coffee Day,54.34,food,2026-07-03 21:47:00
2,Cafe Coffee Day,54.34,food,2026-07-03 21:47:00
2,Hostel Fee*ORD304061,6668.55,rent,2026-07-03 22:34:00
2,laNDloRD traNsFER*ORD414186,6136.27,rent,2026-07-04 06:37:00
2,laNDloR DtraNsFER*ORD414186,6136.27,rent,2026-07-04 06:37:00
2,Hostel Fee,7466.88,education,2026-07-04 11:52:00
2,Hotsel Fee REF1404,6626.45,rent,2026-07-04 14:26:00
2,HOSTEL FEE/UPI/164951915,6204.25,rent,2026-07-04 14:39:00
2,HOSTEL FEE/UPI/1164951915,6204.25,rent,2026-07-04 14:39:00
2,ajIo,384.87,shopping,2026-07-04 17:03:00
2,ajIo,384.87,shopping,2026-07-04 17:03:00
2,PG reNt PAYment,9050.31,rent,2026-07-04 17:17:00
2,LFIPKART,596.48,shopping,2026-07-05 11:26:00
2,LPPIKART,596.48,shopping,2026-07-05 11:26:00
2,COllEGE feE P,1412.28,education,2026-07-05 11:40:00
2,LANDLORD TRANSFER,6831.51,rent,2026-07-05 13:43:00
2,LANDLORD TRANSFER,6831.51,rent,2026-07-05 13:43:00
2,City Bus Pass*ORD266309,146.08,transport,2026-07-06 06:01:00
2,City Bus Pass*ORD266309,146.08,transport,2026-07-06 06:01:00
2,COLLeGE FeE pORtaL,50.0,education,2026-07-06 08:04:00
2,Jio recHarge,230.81,recharge,2026-07-06 18:11:00
2,SpoTifY,79.0,entertainment,2026-07-06 19:22:00
2,SpoTifY,79.0,entertainment,2026-07-06 19:22:00
2,EXAM FEE PAYMENT TXN39156,395.22,education,2026-07-06 21:21:00
2,EXAM EE PAYMENT TXN39156,395.22,education,2026-07-06 21:21:00
2,UPI-ROOMMATE SPLIT-2310@okaxis,330.95,misc,2026-07-07 16:55:00
2,ZOMATO,230.37,rent,2026-07-08 08:00:00
2,Exam FeeP ayment REF6181,50.0,education,2026-07-08 10:06:00
2,Exam FeeP ayment REF6181,50.0,education,2026-07-08 10:06:00
2,Swiggy Insta,212.22,food,2026-07-08 15:41:00
2,CoURsera*ORD509835,50.0,education,2026-07-09 07:42:00
2,CoURsear*ORD5098335,50.0,education,2026-07-09 07:42:00
2,zOMATo,430.33,food,2026-07-09 13:00:00
2,MYNTRA,902.02,shopping,2026-07-09 14:55:00
2,MYNTRA,902.02,shopping,2026-07-09 14:55:00
2,Zomato*ORD974343,40.0,food,2026-07-10 14:15:00
2,CamPUS CANT,273.77,food,2026-07-10 19:58:00
2,UberM oto,37.21,transport,2026-07-11 15:19:00
2,HOTSTAR,185.29,entertainment,2026-07-11 18:04:00
2,sWiGGY INSTamaRt,40.0,food,2026-07-11 20:51:00
2,NAMma MetRO REF7961,22.89,transport,2026-07-12 10:50:00
2,Netflix*ORD587402,79.0,entertainment,2026-07-12 20:24:00
2,Netfllix*ORD587402,79.0,entertainment,2026-07-12 20:24:00
2,UPI-PRIYA S-8712@okaxis,50.0,misc,2026-07-12 20:24:00
2,swIGgy TXN9,182.28,food,2026-07-12 22:32:00
2,MEesHo,618.66,shopping,2026-07-12 23:44:00
2,MYNTAR/UPI/427410286,1127.57,shopping,2026-07-13 08:36:00
2,CAMPUS CANTE,448.01,food,2026-07-14 18:50:00
2,UPI-FRIEND REPAYMENT-8101@okaxis,909.25,misc,2026-07-15 21:32:00
2,PetROL puMP,193.99,transport,2026-07-16 12:52:00
2,PetROL puMP,193.99,transport,2026-07-16 12:52:00
2,raPido,20.0,shopping,2026-07-16 17:15:00
2,Airtel Prepaid,711.83,recharge,2026-07-16 20:20:00
2,Mess Fee,320.46,food,2026-07-16 20:48:00
2,Meess eFe,320.46,food,2026-07-16 20:48:00
2,Swiggy*ORD638292,40.0,food,2026-07-17 16:18:00
2,Hotstar/UPI/990531175,96.95,entertainment,2026-07-18 14:58:00
2,NamMA METRO REF1687,20.0,transport,2026-07-18 21:54:00
2,NamMA METRO RE1F687,20.0,transport,2026-07-18 21:54:00
2,PRINTOUT SHOP,50.0,education,2026-07-19 09:26:00
2,COLLEGE FEE PORTAL,50.0,education,2026-07-20 09:27:00
2,WifI bIlL,417.94,recharge,2026-07-20 13:43:00
2,WfI blIL,417.94,recharge,2026-07-20 13:43:00
2,RAPIDO,139.31,transport,2026-07-21 12:52:00
2,RAIIDO,139.31,transport,2026-07-21 12:52:00
2,PRINTOUT S,50.0,education,2026-07-22 11:03:00
2,PINTOUT S,50.0,education,2026-07-22 11:03:00
2,AMAZON/UPI/548367904,157.14,shopping,2026-07-22 21:31:00
2,Myntra REF1381,253.56,shopping,2026-07-22 21:38:00
2,Mnyytra REF1381,253.56,shopping,2026-07-22 21:38:00
2,Prime Video/UP,474.71,rent,2026-07-25 23:45:00
2,Prmie Video/UP,474.71,rent,2026-07-25 23:45:00
2,UdemY TXN55043,522.08,food,2026-07-28 23:04:00
2,Dominos,193.35,food,2026-08-01 18:58:00
2,SWiggy inStAmARt TXN58908,295.45,food,2026-08-01 21:48:00
2,JIO RECHARGE,331.5,recharge,2026-08-02 07:36:00
2,pg REnt payMeNT T,8133.09,rent,2026-08-02 16:11:00
2,RedBuS,261.14,transport,2026-08-02 19:00:00
2,PRIMe viDEO*ORD485600,91.14,entertainment,2026-08-02 22:47:00
2,PRIMe viDEOO*RD485600,91.14,entertainment,2026-08-02 22:47:00
2,PRIME VIDEO,106.93,entertainment,2026-08-03 16:46:00
2,UPI-UNKNOWN UPI-4050@okaxis,50.0,misc,2026-08-04 08:22:00
2,WIFI BILL REF6944,264.9,entertainment,2026-08-05 15:43:00
2,AMAZON TXN52795,324.68,shopping,2026-08-05 20:42:00
2,AjIo,931.48,shopping,2026-08-06 08:33:00
2,SpOtIFy,172.46,entertainment,2026-08-06 10:47:00
2,pSOtIy,172.46,entertainment,2026-08-06 10:47:00
2,HOTSTAR TXN82883,93.48,entertainment,2026-08-06 12:45:00
2,PRINTOUT SHOP*ORD606592,742.36,education,2026-08-07 22:15:00
2,PRINTOUT SHOP*ORD606592,742.36,education,2026-08-07 22:15:00
2,sWIggy inSt,74.79,food,2026-08-08 10:27:00
2,SpoTIFY,220.57,entertainment,2026-08-08 11:44:00
2,AMAZON*ORD832229,1604.71,shopping,2026-08-08 12:21:00
2,Prime Vide,79.0,entertainment,2026-08-10 17:36:00
2,Wifi Bill REF7,103.37,recharge,2026-08-11 17:10:00
2,Wifi Bill ERF7,103.37,recharge,2026-08-11 17:10:00
2,Prime Video TX,79.0,entertainment,2026-08-12 06:54:00
2,Prime Video*ORD725114,144.16,entertainment,2026-08-13 06:15:00
2,Primm Video*ORD725114,144.16,entertainment,2026-08-13 06:15:00
2,JiO recharGE,99.0,recharge,2026-08-14 16:17:00
2,JiO rceharGE,99.0,recharge,2026-08-14 16:17:00
2,Netflix,187.28,entertainment,2026-08-16 11:44:00
2,Jio Recharge/UPI/866823538,150.61,recharge,2026-08-16 15:43:00
2,sPOTiFy REF5900,79.0,entertainment,2026-08-16 23:21:00
2,Vi PREPAiD TXN87937,362.71,rent,2026-08-18 15:56:00
2,metro cArD rEChARgE*ORD767349,20.0,transport,2026-08-19 07:44:00
2,AIRTEL PREPA,325.14,recharge,2026-08-19 09:19:00
2,Redbus*ORD869584,44.93,transport,2026-08-19 11:34:00
2,Redbus*ORD869584,44.93,transport,2026-08-19 11:34:00
2,meESHo REF6333,100.0,shopping,2026-08-19 17:42:00
2,meESHo ERF6333,100.0,shopping,2026-08-19 17:42:00
2,UPI-MESS SECRETARY-6798@okaxis,50.0,misc,2026-08-20 22:21:00
2,UPI-MESS SECRETARY-1096@okaxis,50.0,misc,2026-08-28 23:03:00
3,JIo RECHARGeR EF9544,226.65,recharge,2026-04-01 07:41:00
3,BOOKMYSHOW,79.0,entertainment,2026-04-01 08:41:00
3,PRINTOUT SHOP*ORD934739,602.56,education,2026-04-02 19:06:00
3,JIO RECHARGE TXN33910,262.99,recharge,2026-04-03 08:15:00
3,JIO RECHAREG TXN33910,262.99,recharge,2026-04-03 08:15:00
3,hoSTEL Fee*ORD935558,6695.43,rent,2026-04-04 07:58:00
3,hoSTEL Fee*OR935558,6695.43,rent,2026-04-04 07:58:00
3,PG RENT PAYMEN,7865.61,rent,2026-04-04 12:23:00
3,HOSTEL FEE*ORD335496,6094.02,rent,2026-04-04 21:35:00
3,HOSTL FEE*ORD335496,6094.02,rent,2026-04-04 21:35:00
3,MeSS fee R,210.75,food,2026-04-04 21:44:00
3,METRO CARD,71.78,transport,2026-04-04 22:06:00
3,METROC ARD,71.78,transport,2026-04-04 22:06:00
3,UPI-PRIYA S-5843@okaxis,415.91,misc,2026-04-04 22:20:00
3,REDBUS TXN,20.0,education,2026-04-05 07:27:00
3,lANdloRD tRaNSFEr TXN83187,7556.72,rent,2026-04-05 18:26:00
3,lANdloRD tRaNSFEr TXN83187,7556.72,rent,2026-04-05 18:26:00
3,UPI-RAHUL K-3336@okaxis,457.78,misc,2026-04-05 23:06:00
3,UPI-FRIEND REPAYMENT-6952@okaxis,1130.16,misc,2026-04-06 10:17:00
3,AMAZON REF4902,361.55,shopping,2026-04-06 19:35:00
3,CAMPUS CANTE,40.0,food,2026-04-06 20:15:00
3,CaMpUs caNTeEN*ORD246668,226.73,food,2026-04-07 15:05:00
3,CaMpUs caNTeNE*ORD246668,226.73,food,2026-04-07 15:05:00
3,UPI-ROOMMATE SPLIT-3301@okaxis,169.59,misc,2026-04-09 23:16:00
3,UPI-ROOMMATE SPLIT-1655@okaxis,104.96,misc,2026-04-10 19:39:00
3,UPI-PRIYA S-8548@okaxis,648.45,misc,2026-04-12 10:04:00
3,METRO CARD RECHARGE,155.69,transport,2026-04-13 10:37:00
3,EXaM fee PayMeNT REF4305,1100.67,education,2026-04-13 18:30:00
3,PrimE vIDEO,396.24,entertainment,2026-04-14 09:11:00
3,UBER,46.75,transport,2026-04-14 18:59:00
3,MYnTRa/UPI/279245228,457.72,shopping,2026-04-16 09:35:00
3,Prime Video ,259.47,entertainment,2026-04-17 10:46:00
3,UPI-PRIYA S-6554@okaxis,135.25,misc,2026-04-17 18:28:00
3,Udemy,552.65,education,2026-04-18 11:19:00
3,Uedmy,552.65,education,2026-04-18 11:19:00
3,MEesHO*ORD7,1153.15,recharge,2026-04-18 20:25:00
3,boOKMyshOw/UPI/210397096,79.0,entertainment,2026-04-18 20:34:00
3,UPI-PRIYA S-2228@okaxis,126.98,misc,2026-04-23 20:15:00
3,UPI-RAHUL K-9174@okaxis,131.61,misc,2026-04-25 17:35:00
3,HOTSTAR,79.0,entertainment,2026-04-25 18:38:00
3,CaFE COffee DAy,309.4,food,2026-04-27 15:31:00
3,MynTRA*ORD741185,1067.85,shopping,2026-04-28 08:41:00
3,MynTRA*ORD741185,1067.85,shopping,2026-04-28 08:41:00
3,UDEMY*ORD9,682.88,education,2026-05-01 09:56:00
3,metro card RecharGE TXN39683,195.28,transport,2026-05-02 08:32:00
3,Netflix,171.66,entertainment,2026-05-02 08:42:00
3,Netflix,171.66,entertainment,2026-05-02 08:42:00
3,NETFLIX,222.0,entertainment,2026-05-02 15:21:00
3,NETFLXXI,222.0,entertainment,2026-05-02 15:21:00
3,Pg RenT pAyMent*ORD597285,7193.83,rent,2026-05-02 17:11:00
3,AmAZON TXN479,1064.7,shopping,2026-05-02 21:05:00
3,WFII BILL,365.63,recharge,2026-05-03 07:01:00
3,WFII BILL,365.63,recharge,2026-05-03 07:01:00
3,Metro Card Recharge TXN54,29.03,transport,2026-05-03 08:59:00
3,Meesho*ORD193610,1588.4,shopping,2026-05-03 10:47:00
3,ajiO,540.45,shopping,2026-05-03 14:11:00
3,UPI-UNKNOWN UPI-7218@okaxis,715.02,misc,2026-05-03 16:21:00
3,UBer MOto,32.55,transport,2026-05-04 09:37:00
3,UBre MOto,32.55,transport,2026-05-04 09:37:00
3,HosTel FeE,8088.65,rent,2026-05-04 11:37:00
3,pRImE VIdeo,278.15,rent,2026-05-04 11:59:00
3,pRIm EVIdeo,278.15,rent,2026-05-04 11:59:00
3,UBeR MOTo,152.21,transport,2026-05-04 13:30:00
3,UPI-UNKNOWN UPI-8138@okaxis,328.63,misc,2026-05-04 18:55:00
3,hOstel FEe,4000.0,rent,2026-05-04 22:58:00
3,hOstel FEe,4000.0,rent,2026-05-04 22:58:00
3,AJIO*ORD481466,813.46,shopping,2026-05-05 09:43:00
3,Pg Rent Payment,7353.42,rent,2026-05-05 17:46:00
3,lANDloRD TrANSfEr,7164.09,rent,2026-05-05 23:22:00
3,Meesho*ORD806682,1488.22,shopping,2026-05-06 14:09:00
3,Rdebus,240.84,transport,2026-05-06 19:22:00
3,MYNTrA,856.72,shopping,2026-05-07 12:45:00
3,PRINTOUT SHOP,1529.21,education,2026-05-07 13:47:00
3,PRITNOUT SHOP,1529.21,education,2026-05-07 13:47:00
3,AJIO,100.0,shopping,2026-05-07 22:42:00
3,UPI-RAHUL K-3273@okaxis,50.0,misc,2026-05-08 09:52:00
3,UPI-PRIYA S-7043@okaxis,108.94,misc,2026-05-08 13:05:00
3,UPI-FRIEND REPAYMENT-1164@okaxis,95.51,misc,2026-05-08 15:05:00
3,Coursera/UPI/49,509.12,education,2026-05-08 20:27:00
3,Courera/UPI/49,509.12,education,2026-05-08 20:27:00
3,UPI-FRIEND REPAYMENT-1750@okaxis,50.0,misc,2026-05-08 21:47:00
3,PRIME VIDEO,546.86,entertainment,2026-05-09 08:25:00
3,UPI-RAHUL K-5985@okaxis,433.46,misc,2026-05-09 09:07:00
3,UPI-PRIYA S-8548@okaxis,95.99,misc,2026-05-09 13:59:00
3,Airtel Prepaid RE,322.15,recharge,2026-05-09 17:01:00
3,ArtelP repaid RE,322.15,recharge,2026-05-09 17:01:00
3,Rapido,39.34,transport,2026-05-09 22:15:00
3,Ola*ORD891666,312.68,transport,2026-05-10 08:52:00
3,UdEmy/UPI/635422402,548.93,education,2026-05-10 10:38:00
3,dEmy/UPI/635422402,548.93,education,2026-05-10 10:38:00
3,Myntra/UPI/304625841,263.11,shopping,2026-05-10 19:56:00
3,NAMMA METRO TXN13746,96.68,transport,2026-05-12 14:06:00
3,UPI-ROOMMATE SPLIT-1949@okaxis,937.27,misc,2026-05-12 14:21:00
3,JIO RECHARGE TXN20142,421.56,recharge,2026-05-12 14:38:00
3,JIO RECHARGE TXN20142,421.56,recharge,2026-05-12 14:38:00
3,VI prEPaID/UPI/105384337,300.77,food,2026-05-13 13:56:00
3,Jio Recharge TXN86922,590.6,recharge,2026-05-13 16:23:00
3,UBER,254.35,transport,2026-05-14 06:16:00
3,Nteflix,79.0,entertainment,2026-05-14 18:46:00
3,Ntflix,79.0,entertainment,2026-05-14 18:46:00
3,WIFI BILL/UPI,344.92,recharge,2026-05-14 20:27:00
3,cOLlege fEe pOrtAL/UPI/17296,50.0,education,2026-05-14 20:36:00
3,Swiggy Instamart TXN60885,40.0,food,2026-05-15 09:06:00
3,Jio Recharge,283.58,recharge,2026-05-15 20:57:00
3,UPI-UNKNOWN UPI-2989@okaxis,50.0,misc,2026-05-15 23:54:00
3,UBER TXN69168,107.82,transport,2026-05-17 10:11:00
3,AIRTEL PREPAID/UPI/881409059,187.71,recharge,2026-05-17 12:57:00
3,mEEsHo*ORD167755,100.0,shopping,2026-05-18 08:00:00
3,mEEsHHo*ORD617755,100.0,shopping,2026-05-18 08:00:00
3,VI PREPAID*ORD357167,99.0,recharge,2026-05-18 17:14:00
3,MYNTRA,1398.02,shopping,2026-05-24 06:59:00
3,MYTNNRA,1398.02,shopping,2026-05-24 06:59:00
3,COLLEGE FEE PORTAL,124.38,education,2026-05-24 17:04:00
3,COLLEGE FEE EPORTAL,124.38,education,2026-05-24 17:04:00
3,OlA,20.0,transport,2026-05-25 09:36:00
3,OlA,20.0,transport,2026-05-25 09:36:00
3,UPI-UNKNOWN UPI-5094@okaxis,249.69,misc,2026-05-26 08:55:00
3,acmpUs CAnTeE,182.22,food,2026-05-26 14:07:00
3,Dominso,162.87,food,2026-05-26 19:32:00
3,CoUrsera,1207.25,education,2026-05-27 07:49:00
3,UPI-UNKNOWN UPI-1860@okaxis,491.59,misc,2026-05-27 08:59:00
3,UPI-RAHUL K-3076@okaxis,322.29,misc,2026-05-27 09:04:00
3,Dominos,388.17,food,2026-05-27 13:18:00
3,UPI-RAHUL K-1479@okaxis,632.13,misc,2026-05-27 19:39:00
3,Printout Sho,435.53,education,2026-06-01 22:06:00
3,HosTEL feE,4745.29,rent,2026-06-02 06:37:00
3,HoTssEL feE,4745.29,rent,2026-06-02 06:37:00
3,COURSERA,1944.02,education,2026-06-02 09:34:00
3,CCOUSREA,1944.02,education,2026-06-02 09:34:00
3,PG RENT PAYMENT,4000.0,rent,2026-06-02 13:16:00
3,PG RENT PAYMENT,4000.0,rent,2026-06-02 13:16:00
3,Petrol Pump*ORD70695,20.0,transport,2026-06-02 19:17:00
3,UDEMY*ORD31777,518.85,education,2026-06-03 08:40:00
3,HOSTEL FEE REF7987,6590.91,rent,2026-06-03 20:01:00
3,UBER,98.77,entertainment,2026-06-03 20:17:00
3,UBER,98.77,entertainment,2026-06-03 20:17:00
3,Meesho TXN57486,100.0,shopping,2026-06-03 20:56:00
3,Hostel Fee*ORD334496,6631.39,rent,2026-06-04 11:07:00
3,Hoostel Fee*ORD334496,6631.39,rent,2026-06-04 11:07:00
3,Zomato*ORD5171,373.19,food,2026-06-04 13:41:00
3,VI PREPAID,99.0,recharge,2026-06-04 17:39:00
3,VI PREPAID,99.0,recharge,2026-06-04 17:39:00
3,cOLLeGE fEE pOrTAL,408.36,education,2026-06-05 08:50:00
3,cOLLeGEf EE pOrTAL,408.36,education,2026-06-05 08:50:00
3,Wifi Bill/UPI/261307443,209.67,recharge,2026-06-05 13:28:00
3,UPI-RAHUL K-1091@okaxis,50.0,misc,2026-06-06 12:30:00
3,fLIPKARt TXN29670,686.66,shopping,2026-06-06 13:18:00
3,Airtel Prepaid,418.98,recharge,2026-06-06 18:45:00
3,Airetl Prepaid,418.98,recharge,2026-06-06 18:45:00
3,AIRTEL PREPAID*ORD614526,215.36,recharge,2026-06-06 21:33:00
3,UPI-MESS SECRETARY-7820@okaxis,82.63,misc,2026-06-06 23:00:00
3,NETFLIX,141.06,entertainment,2026-06-07 08:46:00
3,UPI-ROOMMATE SPLIT-6009@okaxis,736.6,misc,2026-06-07 16:18:00
3,JIo REcHARGE REF7163,241.86,recharge,2026-06-07 19:43:00
3,sWigGy InsTAMaRt,40.0,food,2026-06-09 13:35:00
3,Swiggy Instamart TXN46581,434.14,food,2026-06-09 15:02:00
3,Swigg yInstamart TXN46581,434.14,food,2026-06-09 15:02:00
3,College Fee Portal,385.52,education,2026-06-10 06:31:00
3,College Fee Portal,385.52,education,2026-06-10 06:31:00
3,UPI-UNKNOWN UPI-2537@okaxis,342.57,misc,2026-06-10 14:12:00
3,Vi Prepaid,527.34,recharge,2026-06-11 09:56:00
3,UPI-UNKNOWN UPI-1231@okaxis,50.0,misc,2026-06-12 15:22:00
3,UPI-MESS SECRETARY-9864@okaxis,798.43,misc,2026-06-12 20:59:00
3,PETROL PUMP*ORD118105,28.55,transport,2026-06-13 16:20:00
3,PERTOL PUMP*ORD11805,28.55,transport,2026-06-13 16:20:00
3,VI PREPAID,354.43,recharge,2026-06-14 17:11:00
3,SwIgGy*ORD861042,197.88,food,2026-06-14 20:59:00
3,SwIgGy*ORD861042,197.88,food,2026-06-14 20:59:00
3,UPI-MESS SECRETARY-3217@okaxis,286.9,misc,2026-06-16 22:13:00
3,neTFlix,430.35,entertainment,2026-06-17 06:27:00
3,exaM fEE P,313.38,education,2026-06-17 14:26:00
3,exaM fEEEP ,313.38,education,2026-06-17 14:26:00
3,UPI-RAHUL K-2001@okaxis,198.01,misc,2026-06-18 22:21:00
3,UPI-FRIEND REPAYMENT-5116@okaxis,81.26,misc,2026-06-20 19:33:00
3,UPI-PRIYA S-2093@okaxis,901.6,misc,2026-06-20 22:38:00
3,UPI-FRIEND REPAYMENT-3497@okaxis,50.0,misc,2026-06-21 14:04:00
3,CoURsera,55.8,education,2026-06-21 21:31:00
3,CoURsra,55.8,education,2026-06-21 21:31:00
3,hotstaR*ORD76336,129.63,entertainment,2026-06-24 22:43:00
3,MYntrA TXN992,1061.59,shopping,2026-06-27 21:54:00
3,MYntrA XN992,1061.59,shopping,2026-06-27 21:54:00
3,aJIO/UPI/658706525,100.0,shopping,2026-06-28 23:40:00
3,aJIO/UPI/65806525,100.0,shopping,2026-06-28 23:40:00
3,Pg Rent Payment TXN88534,6639.51,rent,2026-07-02 16:49:00
3,Pg Rent Paymen TXN88534,6639.51,rent,2026-07-02 16:49:00
3,Ajio REF3990,1285.78,transport,2026-07-03 21:05:00
3,SWIGGY TXN97142,168.0,food,2026-07-03 21:20:00
3,HOSTEL feE TXN98440,8069.5,rent,2026-07-04 08:06:00
3,pg REnt PA,7734.06,rent,2026-07-04 13:02:00
3,cOruSERA,183.42,education,2026-07-05 07:46:00
3,cOruSERA,183.42,education,2026-07-05 07:46:00
3,HOSTEL FEE*ORD542223,6437.77,rent,2026-07-05 11:43:00
3,HOSTEL FEE**ORD542223,6437.77,rent,2026-07-05 11:43:00
3,PG RENT PAYMENT,5166.81,rent,2026-07-05 14:42:00
3,PG ERNT PYMENT,5166.81,rent,2026-07-05 14:42:00
3,wifI BILl,356.64,recharge,2026-07-06 17:38:00
3,PrIMe ViDEo REF5406,79.0,food,2026-07-07 20:33:00
3,caFe CoffeE dAY/UPI/927580907,40.0,food,2026-07-08 15:19:00
3,UPI-PRIYA S-1306@okaxis,669.61,misc,2026-07-09 08:26:00
3,HOTSTAR TXN30807,101.32,entertainment,2026-07-09 16:42:00
3,HHOSTTAR TXN30807,101.32,entertainment,2026-07-09 16:42:00
3,UPI-RAHUL K-7131@okaxis,537.24,misc,2026-07-10 15:44:00
3,UPI-RAHUL K-4013@okaxis,763.73,misc,2026-07-10 21:25:00
3,JAIO REF35,1526.14,shopping,2026-07-10 22:48:00
3,METRO CARD RECHARGE,20.0,transport,2026-07-13 10:30:00
3,Meesoh,1117.84,shopping,2026-07-16 06:42:00
3,eMsoh,1117.84,shopping,2026-07-16 06:42:00
3,ZOmATo,172.02,food,2026-07-16 11:06:00
3,ZOmATTo,172.02,food,2026-07-16 11:06:00
3,UPI-ROOMMATE SPLIT-5502@okaxis,176.18,misc,2026-07-19 23:13:00
3,UPI-PRIYA S-5668@okaxis,50.0,misc,2026-07-20 20:58:00
3,Udemy/UPI/370933847,666.56,shopping,2026-07-21 14:02:00
3,dUUemy/UPI/370933847,666.56,shopping,2026-07-21 14:02:00
3,UPI-FRIEND REPAYMENT-1749@okaxis,430.45,misc,2026-07-24 13:17:00
3,UPI-UNKNOWN UPI-2298@okaxis,50.0,misc,2026-07-24 16:46:00
3,SWIGGY/UPI/106028563,111.11,food,2026-07-25 09:47:00
3,Spotify REF5703,288.25,entertainment,2026-07-25 20:47:00
3,Spotfiy  EF5703,288.25,entertainment,2026-07-25 20:47:00
3,UPI-PRIYA S-5501@okaxis,226.04,misc,2026-07-26 21:42:00
3,UPI-PRIYA S-5275@okaxis,546.37,misc,2026-07-27 21:07:00
3,olA AUTO REF4920,360.58,transport,2026-08-01 08:40:00
3,olAA UTO REF4920,360.58,transport,2026-08-01 08:40:00
3,Amazon,601.64,shopping,2026-08-03 15:16:00
3,Amzaon,601.64,shopping,2026-08-03 15:16:00
3,Landlord Transfer REF4445,6914.58,rent,2026-08-03 15:20:00
3,Landlord TransferREF4445,6914.58,rent,2026-08-03 15:20:00
3,Hostel Fee REF8041,7225.45,rent,2026-08-03 16:38:00
3,COLLEGE FEE PORTAL,50.0,education,2026-08-03 19:20:00
3,hOsTeL FeE ,6454.58,rent,2026-08-04 09:32:00
3,hOsTeL Fe ,6454.58,rent,2026-08-04 09:32:00
3,Aijo TXN32167,631.18,shopping,2026-08-04 09:54:00
3,AijoT XN32167,631.18,shopping,2026-08-04 09:54:00
3,Hostel Fee TXN51333,7461.7,rent,2026-08-04 10:59:00
3,Hostel Fee TXN1333,7461.7,rent,2026-08-04 10:59:00
3,UBEr,20.0,transport,2026-08-05 14:41:00
3,OLA AUTO,222.72,transport,2026-08-05 19:18:00
3,OAL AUTTO,222.72,transport,2026-08-05 19:18:00
3,UPI-PRIYA S-8549@okaxis,226.41,misc,2026-08-06 18:29:00
3,City Bus Pass,20.0,transport,2026-08-07 22:17:00
3,PEtRoL pump,20.0,transport,2026-08-07 23:01:00
3,Swiggy Instamart,121.39,food,2026-08-07 23:23:00
3,FLIPKART/UPI/498198359,377.54,shopping,2026-08-09 11:02:00
3,Swiggy Instamart REF9175,366.86,recharge,2026-08-09 13:20:00
3,ZOMATO/UPI/168421465,146.82,food,2026-08-09 18:06:00
3,Metro Card Recharge,353.57,transport,2026-08-10 12:50:00
3,UPI-UNKNOWN UPI-5243@okaxis,307.37,misc,2026-08-12 18:12:00
3,NETflIxO*RD445521,345.5,entertainment,2026-08-14 14:58:00
3,flIpkaRt,849.57,shopping,2026-08-15 21:08:00
3,PetrolP ump,175.32,transport,2026-08-16 20:03:00
3,ExaM fee PaYmENT*ORD393750,50.0,education,2026-08-19 13:24:00
3,neTFLIx TXN86765,197.13,entertainment,2026-08-20 19:11:00
3,neFLIx TXN86765,197.13,entertainment,2026-08-20 19:11:00
3,UPI-UNKNOWN UPI-6143@okaxis,597.31,misc,2026-08-25 10:55:00
3,IRCTC,20.0,transport,2026-08-27 17:39:00
3,UPI-ROOMMATE SPLIT-4519@okaxis,368.35,misc,2026-08-28 19:57:00
4,SPOTIFY*ORD465603,79.0,entertainment,2026-04-01 17:33:00
4,Coursera,1032.19,education,2026-04-02 15:51:00
4,Cuorseraa,1032.19,education,2026-04-02 15:51:00
4,DOMINOS,268.66,food,2026-04-03 14:51:00
4,jio rEchArgE,158.27,recharge,2026-04-04 10:20:00
4,jio rEchrgE,158.27,recharge,2026-04-04 10:20:00
4,HoSTeL fEe REF6798,5911.38,rent,2026-04-04 12:28:00
4,Landlord Transfer,7776.49,rent,2026-04-04 21:49:00
4,aLndlordd Transfer,7776.49,rent,2026-04-04 21:49:00
4,Prime Video TXN38159,183.91,entertainment,2026-04-05 06:30:00
4,Prime Video TXN38159,183.91,entertainment,2026-04-05 06:30:00
4,BOOKMYshOW,86.28,entertainment,2026-04-05 19:19:00
4,BKOMYshOW,86.28,entertainment,2026-04-05 19:19:00
4,AIRTEL PREPA,136.69,recharge,2026-04-08 13:37:00
4,uDEmy,50.0,education,2026-04-08 22:24:00
4,AJIO*ORD283,886.3,shopping,2026-04-09 09:24:00
4,Parking Fee/UPI/558648441,198.99,transport,2026-04-09 16:00:00
4,CoLleGe fee pOrTaL REF5311,50.0,education,2026-04-09 21:02:00
4,aIRTeL pREPaiD*O,278.02,recharge,2026-04-10 07:10:00
4,aIRTeL pREPaiD*O,278.02,recharge,2026-04-10 07:10:00
4,UPI-PRIYA S-6087@okaxis,50.0,misc,2026-04-11 08:07:00
4,ubeR,32.6,transport,2026-04-12 18:12:00
4,ubeR,32.6,transport,2026-04-12 18:12:00
4,AJIO*ORD255486,100.0,transport,2026-04-12 22:55:00
4,LFIPKART/UPI/771424174,1157.19,shopping,2026-04-15 22:50:00
4,Ajio*ORD633447,778.01,shopping,2026-04-17 09:05:00
4,AjioO*RD633447,778.01,shopping,2026-04-17 09:05:00
4,UPI-FRIEND REPAYMENT-9818@okaxis,1352.95,misc,2026-04-17 17:48:00
4,Myntra,1482.74,shopping,2026-04-17 21:55:00
4,BOOKMYSHOW*ORD666216,79.0,entertainment,2026-04-19 15:57:00
4,BOOOKYMSHOW*ORD666216,79.0,entertainment,2026-04-19 15:57:00
4,JIO RECHARGE,99.0,recharge,2026-04-20 11:33:00
4,Meesho REF,1141.35,shopping,2026-04-20 23:05:00
4,Campus Canteen,247.42,food,2026-04-21 16:18:00
4,FLIPKART/UPI/3501,1164.58,shopping,2026-04-26 12:14:00
4,FLLIPKART/UPI/3501,1164.58,shopping,2026-04-26 12:14:00
4,VI pRepaId*ORD332142,111.52,recharge,2026-04-26 17:55:00
4,UPI-RAHUL K-1183@okaxis,878.79,misc,2026-05-01 08:39:00
4,wIfi bILL,99.0,recharge,2026-05-01 15:10:00
4,wIif bILL,99.0,recharge,2026-05-01 15:10:00
4,jIo reCHaRGe*ORD887324,203.62,recharge,2026-05-01 16:36:00
4,jIo reCHaRGe*ORD887324,203.62,recharge,2026-05-01 16:36:00
4,Amazon,632.51,shopping,2026-05-01 16:50:00
4,Aamzon,632.51,shopping,2026-05-01 16:50:00
4,CAMPSU CANTEEN*ORD756541,258.02,food,2026-05-01 21:55:00
4,LANDLOR DTRANSFER TXN962,5909.29,rent,2026-05-02 08:18:00
4,LANDLOR DTRANSFERT XN9962,5909.29,rent,2026-05-02 08:18:00
4,pG RenT paYmeNt,7144.18,rent,2026-05-02 08:20:00
4,pG RenT paYmeNt,7144.18,rent,2026-05-02 08:20:00
4,AJIO,298.41,shopping,2026-05-02 09:23:00
4,AJIO,298.41,shopping,2026-05-02 09:23:00
4,SWIGGY,249.08,food,2026-05-02 12:32:00
4,SIWGGY,249.08,food,2026-05-02 12:32:00
4,hOsTEL Fee REF4750,6225.93,rent,2026-05-02 13:13:00
4,LANLDORD TRANSFER,6628.72,rent,2026-05-02 15:39:00
4,LNALDORD TRANSFER,6628.72,rent,2026-05-02 15:39:00
4,LANDLORD TRANSFER REF1672,4644.66,rent,2026-05-02 17:28:00
4,LANDLORDT RANSFER REF1672,4644.66,rent,2026-05-02 17:28:00
4,pG REn TPayME,7932.71,rent,2026-05-02 20:04:00
4,lAnDlorD tRaNsfER TXN12744,6888.35,rent,2026-05-02 20:30:00
4,EXAM FEE PAYMENT RE4F326,628.12,education,2026-05-02 21:03:00
4,domiNos,41.26,food,2026-05-02 22:00:00
4,Parking Fee*ORD901566,145.25,transport,2026-05-02 22:03:00
4,WFII BILL TXN97771,178.19,recharge,2026-05-03 12:40:00
4,FLIPKART TXN12148,664.16,shopping,2026-05-03 14:52:00
4,AjIO,711.0,shopping,2026-05-03 18:19:00
4,AAjIO,711.0,shopping,2026-05-03 18:19:00
4,Mess Fee,289.06,food,2026-05-04 17:56:00
4,Mess Fee,289.06,food,2026-05-04 17:56:00
4,Wifi Bill,343.1,recharge,2026-05-04 21:29:00
4,Wifii Bll,343.1,recharge,2026-05-04 21:29:00
4,Hostel Fee,7948.61,rent,2026-05-04 21:47:00
4,HOSTEL FEE,8458.83,rent,2026-05-05 06:44:00
4,JIO RECHARGE,283.32,recharge,2026-05-05 17:35:00
4,Campus Canteen/UPI/557975918,367.44,food,2026-05-05 21:18:00
4,COLLEGE FEE PORT,735.87,education,2026-05-05 22:58:00
4,Cafe Coffee Day REF3168,280.15,food,2026-05-06 13:32:00
4,Wifi Bill TXN13337,184.83,recharge,2026-05-07 06:20:00
4,UPI-UNKNOWN UPI-7108@okaxis,50.0,misc,2026-05-07 14:27:00
4,MESS FEE,210.18,food,2026-05-08 23:50:00
4,MESS FEEE,210.18,food,2026-05-08 23:50:00
4,UPI-ROOMMATE SPLIT-7249@okaxis,378.62,misc,2026-05-09 08:19:00
4,Netflix,286.16,entertainment,2026-05-10 06:13:00
4,Netfflxi,286.16,entertainment,2026-05-10 06:13:00
4,UPI-FRIEND REPAYMENT-2757@okaxis,124.11,misc,2026-05-10 15:04:00
4,amAZon REF7141,1224.64,shopping,2026-05-10 17:35:00
4,aJio TXN62853,990.75,shopping,2026-05-10 20:20:00
4,OHTSTAR REF3316,445.62,entertainment,2026-05-11 14:07:00
4,Prime Video*ORD992964,184.46,entertainment,2026-05-11 15:46:00
4,Namma Metro,234.04,transport,2026-05-11 20:14:00
4,UPI-PRIYA S-5916@okaxis,483.67,misc,2026-05-12 10:11:00
4,Parking Fee*ORD279664,80.92,transport,2026-05-12 17:31:00
4,Parking eFe*ORD279664,80.92,transport,2026-05-12 17:31:00
4,WIFI BILL/UPI/385235995,438.36,recharge,2026-05-12 22:10:00
4,AiRtEl prEPaiD TXN30575,180.66,recharge,2026-05-13 07:56:00
4,AiRtEEl prEPaiD TXN30575,180.66,recharge,2026-05-13 07:56:00
4,Spotify/UPI/463548050,320.74,entertainment,2026-05-13 16:31:00
4,Spotify/UPI4/63548050,320.74,entertainment,2026-05-13 16:31:00
4,EXAM FEE PAYMENT/UPI/3,287.88,education,2026-05-14 21:53:00
4,EXAM FEE PAYMENT/UPI/3,287.88,education,2026-05-14 21:53:00
4,BOokmyShoW,451.87,entertainment,2026-05-15 06:05:00
4,UPI-RAHUL K-9057@okaxis,732.31,misc,2026-05-15 13:28:00
4,AjiO/UPI/2029324,601.97,shopping,2026-05-16 07:25:00
4,Aji/OUPI/209324,601.97,shopping,2026-05-16 07:25:00
4,NETFLIX/UPI/919826165,85.95,entertainment,2026-05-16 07:33:00
4,NETLFIX/UPI/91986165,85.95,entertainment,2026-05-16 07:33:00
4,AJIO REF3641,1930.04,shopping,2026-05-16 08:04:00
4,UdEMy,50.0,education,2026-05-18 08:24:00
4,Wifi Bill,276.66,recharge,2026-05-18 14:55:00
4,EXAM FEE PA,766.35,education,2026-05-19 18:18:00
4,SWIGGY,68.65,food,2026-05-20 09:00:00
4,WSIGY,68.65,food,2026-05-20 09:00:00
4,caMpUS cAnTeeN/UPI/182721548,99.83,food,2026-05-20 14:35:00
4,SWIGGY INSTAMART/,245.88,food,2026-05-22 17:05:00
4,SSWIGGI NSTAMART/,245.88,food,2026-05-22 17:05:00
4,UPI-MESS SECRETARY-2392@okaxis,633.57,misc,2026-05-22 19:56:00
4,BOOKMYSHOW,95.63,entertainment,2026-05-24 10:52:00
4,BOOMKYSSHOW,95.63,entertainment,2026-05-24 10:52:00
4,UPI-RAHUL K-7030@okaxis,712.74,misc,2026-05-24 13:06:00
4,SwigGYI nsTAMa,40.0,food,2026-05-28 11:32:00
4,lanDloRD trANsFer*ORD928373,6369.72,rent,2026-06-02 06:27:00
4,laDloRD trANsFer*ORD928373,6369.72,rent,2026-06-02 06:27:00
4,UBER MOTO REF1066,319.12,transport,2026-06-02 08:32:00
4,LANDLORD TRANSFER TXN18912,4983.32,rent,2026-06-02 15:40:00
4,LANDLORD TRANSFER TXN18912,4983.32,rent,2026-06-02 15:40:00
4,HOSTEL FEE,9180.08,rent,2026-06-02 15:45:00
4,hostEl fEE,6331.75,rent,2026-06-02 16:56:00
4,LANDLORD TRANSFER TXN41939,6577.32,rent,2026-06-02 17:37:00
4,eXAm Fee Payment/UPI/171453662,540.53,education,2026-06-04 15:07:00
4,lANdLOrD transFer*ORD913422,9369.36,rent,2026-06-05 09:17:00
4,pRintOut sHOp,379.19,education,2026-06-05 10:18:00
4,pRintOut sHOp,379.19,education,2026-06-05 10:18:00
4,PG RENT PAYMENT/UPI/570403386,6215.71,rent,2026-06-05 14:44:00
4,Swiggy*ORD579123,257.39,food,2026-06-06 12:02:00
4,Swiggy*ORD579123,257.39,food,2026-06-06 12:02:00
4,City Bus Pass TXN81076,277.86,transport,2026-06-07 13:29:00
4,ubER MOTo,87.93,transport,2026-06-07 14:48:00
4,UPI-UNKNOWN UPI-9020@okaxis,920.2,misc,2026-06-09 09:27:00
4,swIggY inSTA,231.52,food,2026-06-12 07:49:00
4,Prime Video*ORD549339,125.57,entertainment,2026-06-14 17:21:00
4,Prime Video*ORD459339,125.57,entertainment,2026-06-14 17:21:00
4,DOMINSO,344.55,food,2026-06-15 06:36:00
4,DOMNISO,344.55,food,2026-06-15 06:36:00
4,WIFI BILL*ORD132415,99.38,recharge,2026-06-17 16:18:00
4,WIFI BIL*LORD132415,99.38,recharge,2026-06-17 16:18:00
4,Vi Prepaid REF7122,112.2,recharge,2026-06-19 19:02:00
4,UPI-ROOMMATE SPLIT-7338@okaxis,50.0,misc,2026-06-20 11:30:00
4,Vi Prepaid*ORD504848,134.83,recharge,2026-06-24 15:20:00
4,NetFLiX REF5846,524.83,entertainment,2026-06-27 15:58:00
4,WIFI BILL*ORD868344,223.46,recharge,2026-07-01 20:34:00
4,MEESHO TXN20481,233.82,shopping,2026-07-01 22:16:00
4,MEESOH TXN20481,233.82,shopping,2026-07-01 22:16:00
4,Exam Fee Payment,390.15,education,2026-07-02 23:08:00
4,PG RENT PAYMENT,10015.31,transport,2026-07-03 11:41:00
4,PG RENT PAYMENT,10015.31,transport,2026-07-03 11:41:00
4,SWIGGY,357.81,food,2026-07-03 13:51:00
4,udEMy,534.27,education,2026-07-03 15:49:00
4,uudEMy,534.27,education,2026-07-03 15:49:00
4,Pg Rent Payment,7501.69,rent,2026-07-03 23:51:00
4,UPI-MESS SECRETARY-6215@okaxis,1310.77,misc,2026-07-04 11:16:00
4,UPI-PRIYA S-2291@okaxis,87.65,misc,2026-07-04 13:36:00
4,Pg Rent Payment,7987.82,rent,2026-07-04 13:40:00
4,PG RENT PAMYENT TXN24,6080.82,rent,2026-07-04 14:45:00
4,Swiggy,190.04,food,2026-07-04 17:00:00
4,Swiggy,190.04,food,2026-07-04 17:00:00
4,landlord trANsfER,7428.8,rent,2026-07-04 21:15:00
4,NAMMA METRO*ORD593091,184.7,transport,2026-07-05 07:41:00
4,NAMMAM ETRO*ORD593091,184.7,transport,2026-07-05 07:41:00
4,LANdlord tRansFeR/UPI/900239651,6418.45,rent,2026-07-05 08:41:00
4,LANdlord RansFeR/UPI/900239651,6418.45,rent,2026-07-05 08:41:00
4,DOMINOS/UPI/2,314.47,food,2026-07-06 08:54:00
4,SWIGGY INSTAMART*ORD965200,213.08,food,2026-07-07 06:37:00
4,ola Auto REF5075,195.89,transport,2026-07-07 15:24:00
4,UDEMY,1113.04,education,2026-07-07 19:26:00
4,UPI-MESS SECRETARY-9868@okaxis,104.22,misc,2026-07-08 09:17:00
4,RAPIDO,73.47,transport,2026-07-08 14:54:00
4,ARPIDDO,73.47,transport,2026-07-08 14:54:00
4,AJIO/UPI/899226530,1244.51,shopping,2026-07-09 09:59:00
4,AJJIO/UPI/89225630,1244.51,shopping,2026-07-09 09:59:00
4,Bookmyshow/UIP/811764494,274.94,entertainment,2026-07-10 13:36:00
4,oBokmyshhow/UP/811764494,274.94,entertainment,2026-07-10 13:36:00
4,Ola TXN74350,169.97,transport,2026-07-11 07:45:00
4,Olaa TNX74350,169.97,transport,2026-07-11 07:45:00
4,RAPIDO,444.64,transport,2026-07-11 09:34:00
4,JIO RECHARG,140.36,recharge,2026-07-11 23:55:00
4,AJIo,885.71,shopping,2026-07-13 09:43:00
4,AJIo,885.71,shopping,2026-07-13 09:43:00
4,jIO ReCharge,172.36,recharge,2026-07-13 16:44:00
4,BOOKMYSHOW TXN71952,449.38,entertainment,2026-07-15 17:44:00
4,WIFI BILL,99.0,recharge,2026-07-16 11:16:00
4,Petrol Pump TXN80971,86.28,transport,2026-07-17 12:00:00
4,IRCTC TXN73802,83.34,transport,2026-07-17 19:25:00
4,VI PREPAID/UPI/30848892,519.18,recharge,2026-07-18 07:09:00
4,VI PREPPAID/UPI/30848892,519.18,recharge,2026-07-18 07:09:00
4,VI PREPAID REF6787,245.03,rent,2026-07-18 08:42:00
4,PeTrol PuMp*ORD12503,75.22,transport,2026-07-18 20:25:00
4,PRIME VIDEO/UPI/17696936,412.13,entertainment,2026-07-19 09:25:00
4,SPOTIFY,97.17,entertainment,2026-07-19 21:35:00
4,Meesho,1360.25,shopping,2026-07-19 22:48:00
4,PRIME VIDEO/UPI/828791229,79.0,entertainment,2026-07-19 23:00:00
4,PRME VIDEO/UPI/827891229,79.0,entertainment,2026-07-19 23:00:00
4,Swiggy,62.82,food,2026-07-20 10:54:00
4,Spotify/UPI/460896746,210.44,entertainment,2026-07-24 10:27:00
4,Spotify/UPI/46896746,210.44,entertainment,2026-07-24 10:27:00
4,MYNTRA/UP/I762363794,364.63,transport,2026-07-24 18:28:00
4,MYNTRA/UP/I762363794,364.63,transport,2026-07-24 18:28:00
4,AIRTEL PREP,130.26,transport,2026-07-24 19:11:00
4,Amazon TXN95,331.31,shopping,2026-07-26 08:40:00
4,NAMMA METRO/UPI/368855421,209.09,transport,2026-07-27 19:05:00
4,NAMMMA METR/UPI/368855421,209.09,transport,2026-07-27 19:05:00
4,MERTO CARD RECHARGE,275.3,transport,2026-08-02 22:19:00
4,UPI-MESS SECRETARY-9864@okaxis,852.86,misc,2026-08-02 23:44:00
4,Jio Recharge,416.31,recharge,2026-08-03 12:16:00
4,Jio  Rcharge,416.31,recharge,2026-08-03 12:16:00
4,wifi BILl TXN40726,338.6,recharge,2026-08-03 13:00:00
4,Pg ReNt PaymENt*ORD387202,6461.06,rent,2026-08-05 09:09:00
4,UPI-ROOMMATE SPLIT-4544@okaxis,559.48,misc,2026-08-06 08:59:00
4,IRCTC TXN12,231.83,transport,2026-08-08 08:35:00
4,PRIME VIDEO,457.01,entertainment,2026-08-10 14:39:00
4,COURSERA,892.29,education,2026-08-11 06:12:00
4,COUSRERA,892.29,education,2026-08-11 06:12:00
4,COURSERA REF6507,704.36,education,2026-08-11 12:39:00
4,nEtFlix REF2965,267.59,entertainment,2026-08-12 17:56:00
4,nEEtFi xREF2965,267.59,entertainment,2026-08-12 17:56:00
4,COLLEGE FEE PORTAL*ORD532390,1040.0,education,2026-08-15 22:14:00
4,CCOLLGE FEE PORTAL*ORD532390,1040.0,education,2026-08-15 22:14:00
4,Printout Sh,1101.58,education,2026-08-24 23:41:00
4,Printout Sh,1101.58,education,2026-08-24 23:41:00
5,Flipkart/UPI/488121954,673.22,shopping,2026-04-01 18:56:00
5,FlipkartU/PI/488121954,673.22,shopping,2026-04-01 18:56:00
5,hoSTEl fEe,6538.33,rent,2026-04-02 06:24:00
5,hoSTEf Ee,6538.33,rent,2026-04-02 06:24:00
5,LANDLORD TRANSFER,7328.73,rent,2026-04-02 16:32:00
5,MESS FEE TXN48666,240.54,food,2026-04-04 10:02:00
5,MESS FEE TX48666,240.54,food,2026-04-04 10:02:00
5,HOSTEL FEE REF4423,7374.08,rent,2026-04-04 18:03:00
5,sWIgGY REF7,271.61,food,2026-04-04 20:29:00
5,sWIgGY REF7,271.61,food,2026-04-04 20:29:00
5,MESS FeE REF4532,105.63,food,2026-04-04 20:56:00
5,MESS FeE RE4F532,105.63,food,2026-04-04 20:56:00
5,Ola*ORD978603,102.8,transport,2026-04-05 08:11:00
5,UPI-PRIYA S-6919@okaxis,121.43,misc,2026-04-07 09:33:00
5,Ajio,100.0,shopping,2026-04-07 12:10:00
5,Spotify,504.49,entertainment,2026-04-08 10:26:00
5,HOTstAR,291.94,entertainment,2026-04-11 20:01:00
5,AMAZON*ORD900303,745.55,shopping,2026-04-12 15:58:00
5,UPI-FRIEND REPAYMENT-2448@okaxis,377.64,misc,2026-04-13 20:56:00
5,amazON,1289.23,shopping,2026-04-14 18:38:00
5,COURSERA/UPI/9,567.41,education,2026-04-15 16:22:00
5,WIfI bILl*ORD676,235.71,recharge,2026-04-17 13:29:00
5,SpOTiFY*ORD38080,276.82,entertainment,2026-04-17 19:54:00
5,SpOTiFY*ORD38080,276.82,entertainment,2026-04-17 19:54:00
5,WifI blIl,486.62,recharge,2026-04-19 18:29:00
5,SWIGGY INSTA,388.91,food,2026-04-20 13:10:00
5,Udemy,511.97,education,2026-04-20 15:26:00
5,dUemy,511.97,education,2026-04-20 15:26:00
5,COURSERA,764.74,education,2026-04-20 19:26:00
5,CORRUERA,764.74,education,2026-04-20 19:26:00
5,Campus Cant,196.6,food,2026-04-22 15:14:00
5,UPI-PRIYA S-8465@okaxis,729.45,misc,2026-04-27 08:24:00
5,AMAzoN,664.37,shopping,2026-04-28 06:00:00
5,Uber Moto,165.96,transport,2026-05-01 21:00:00
5,MEESHO*ORD223434,838.61,shopping,2026-05-02 06:35:00
5,Pg rEnt PaYmenT TXN74915,9821.74,rent,2026-05-02 07:33:00
5,hOSTeL FeE TXN88694,6167.2,rent,2026-05-02 09:17:00
5,hOSTeL  eE TXN88694,6167.2,rent,2026-05-02 09:17:00
5,Swiggy Instamart TXN34039,76.29,food,2026-05-02 10:57:00
5,OLA TXN91852,293.41,transport,2026-05-02 16:59:00
5,HOSTeL fEe,9701.41,rent,2026-05-03 08:41:00
5,HOSTeLfEe,9701.41,rent,2026-05-03 08:41:00
5,ALNDLORD TRANSFER,8063.51,rent,2026-05-03 08:53:00
5,Airtel Pre,99.0,recharge,2026-05-03 18:06:00
5,HOSTEL fEE,5985.41,rent,2026-05-03 18:12:00
5,Prime Video/UPI/536187136,170.14,entertainment,2026-05-03 19:39:00
5,Prime Video/UPI/536187136,170.14,entertainment,2026-05-03 19:39:00
5,UPI-PRIYA S-4854@okaxis,50.0,misc,2026-05-03 19:59:00
5,Udemy,98.77,education,2026-05-04 06:10:00
5,Udemy,98.77,education,2026-05-04 06:10:00
5,HosTEl FEE T,9160.18,rent,2026-05-04 11:47:00
5,ajIo/UPI/239345807,934.88,shopping,2026-05-04 16:07:00
5,Printout Shop REF4795,50.0,education,2026-05-04 19:31:00
5,UPI-PRIYA S-8853@okaxis,119.08,misc,2026-05-04 19:39:00
5,PG RENT PAYMENT,7294.78,rent,2026-05-04 23:33:00
5,Landlord Transfer TXN71821,6865.4,rent,2026-05-05 08:45:00
5,UBER,204.81,recharge,2026-05-05 19:33:00
5,UBER,204.81,recharge,2026-05-05 19:33:00
5,UPI-RAHUL K-7921@okaxis,50.0,misc,2026-05-05 23:59:00
5,cOLLeGE FeE pOrTal/UPI/293755612,825.01,education,2026-05-06 10:48:00
5,Vi Prepaid,316.0,recharge,2026-05-06 20:27:00
5,V iPrepaid,316.0,recharge,2026-05-06 20:27:00
5,ZOMato,44.78,food,2026-05-06 21:55:00
5,SWIGGY/UPI/935778172,186.23,food,2026-05-07 06:43:00
5,EXaM FEe pAymENt RE,50.0,education,2026-05-07 11:30:00
5,EXXa MFe pAymENt RE,50.0,education,2026-05-07 11:30:00
5,UPI-FRIEND REPAYMENT-8405@okaxis,50.0,misc,2026-05-07 13:01:00
5,CAMPUS CANTEEN,422.13,food,2026-05-07 17:25:00
5,CAMPUS CANTEEEN,422.13,food,2026-05-07 17:25:00
5,SWIGGY INSTAMART,269.29,food,2026-05-08 21:39:00
5,Campus Canteen,208.5,entertainment,2026-05-08 22:31:00
5,UPI-RAHUL K-3725@okaxis,50.0,misc,2026-05-08 23:17:00
5,UPI-RAHUL K-2040@okaxis,281.77,misc,2026-05-09 20:49:00
5,CafE cOfFe,254.07,food,2026-05-10 13:09:00
5,spOTiFY TXN68851,379.37,entertainment,2026-05-10 14:47:00
5,UPI-UNKNOWN UPI-9391@okaxis,648.98,misc,2026-05-10 18:54:00
5,prIME VIDe,247.16,entertainment,2026-05-11 21:08:00
5,pprIME IVDe,247.16,entertainment,2026-05-11 21:08:00
5,Vi prEPAId*ORD416778,269.22,recharge,2026-05-12 09:47:00
5,Vi prPEAId*ORD416778,269.22,recharge,2026-05-12 09:47:00
5,JIO RECHARGE TXN79074,243.98,recharge,2026-05-12 16:28:00
5,UPI-FRIEND REPAYMENT-9315@okaxis,260.33,misc,2026-05-12 22:40:00
5,prIntOuT sh,50.0,education,2026-05-13 11:00:00
5,prIntOuT sh,50.0,education,2026-05-13 11:00:00
5,uDEMY TXN84431,546.28,education,2026-05-14 11:28:00
5,UPI-UNKNOWN UPI-8231@okaxis,1038.65,misc,2026-05-15 09:44:00
5,College Fee Portal/UPI/588921094,904.39,education,2026-05-16 15:27:00
5,College Fee PortalUPI/588921094,904.39,education,2026-05-16 15:27:00
5,iRTcc,65.99,transport,2026-05-17 13:13:00
5,UPI-RAHUL K-5645@okaxis,560.08,misc,2026-05-18 10:41:00
5,Zomato,376.42,food,2026-05-18 11:00:00
5,EXAM FEE PAYMENT TXN58062,132.29,education,2026-05-18 13:09:00
5,EXAM FEE PAYMENT TXN58062,132.29,education,2026-05-18 13:09:00
5,UPI-ROOMMATE SPLIT-8825@okaxis,50.0,misc,2026-05-18 20:28:00
5,Uber Moto*ORD767709,20.0,transport,2026-05-20 15:09:00
5,pSOtIFY,276.41,entertainment,2026-05-21 20:23:00
5,Flipkart,370.54,shopping,2026-05-22 21:51:00
5,ubEr moto,191.13,transport,2026-05-23 08:12:00
5,UPI-FRIEND REPAYMENT-8096@okaxis,74.37,misc,2026-05-23 15:42:00
5,aIrtEl PrePaid/UPI/418609432,99.0,recharge,2026-05-24 09:57:00
5,UPI-MESS SECRETARY-3129@okaxis,50.0,misc,2026-05-24 16:32:00
5,WiFi biLl,99.0,recharge,2026-05-24 19:01:00
5,Ajio,1432.76,shopping,2026-05-28 17:20:00
5,AIRTEL PREPAID,354.73,recharge,2026-06-01 08:38:00
5,UPI-PRIYA S-5602@okaxis,50.0,misc,2026-06-01 11:05:00
5,Jio Recharge REF7778,258.94,recharge,2026-06-01 20:09:00
5,domInos REF7000,279.56,food,2026-06-01 22:50:00
5,doInos REF7000,279.56,food,2026-06-01 22:50:00
5,UPI-FRIEND REPAYMENT-1245@okaxis,50.0,misc,2026-06-02 08:48:00
5,Pg Rent Payment/UPI/729747367,6143.23,rent,2026-06-02 17:04:00
5,Pg Rentt Paymen/UPI/729747367,6143.23,rent,2026-06-02 17:04:00
5,LANDLORD TRANS,8386.95,rent,2026-06-02 19:57:00
5,SWIGGY,84.62,food,2026-06-02 20:21:00
5,Hostel Fee REF7563,7858.87,rent,2026-06-02 23:02:00
5,HOSTEL FEE TXN41871,9696.53,recharge,2026-06-03 06:35:00
5,LANDLORD TRANSFER,7961.26,rent,2026-06-03 13:44:00
5,LANDLORD TRANSFER,9099.03,rent,2026-06-04 07:20:00
5,SWIGGY/UPI/670899603,213.32,food,2026-06-04 08:12:00
5,IARTEL PREPAID*ORD372530,384.28,recharge,2026-06-04 13:45:00
5,UPI-FRIEND REPAYMENT-7489@okaxis,106.45,misc,2026-06-04 23:37:00
5,Landlord Transfer,6578.35,rent,2026-06-05 17:56:00
5,LandlordTranfser,6578.35,rent,2026-06-05 17:56:00
5,UBER/UPI/816947821,330.41,recharge,2026-06-05 19:35:00
5,UBER/UPI/816947821,330.41,recharge,2026-06-05 19:35:00
5,AMazOn,100.0,shopping,2026-06-06 06:52:00
5,VI PREPAID TXN45910,345.28,recharge,2026-06-06 15:37:00
5,DOMINOS*OR,330.01,food,2026-06-06 22:16:00
5,Wifi Bill,169.71,recharge,2026-06-08 20:16:00
5,Metro Card Recharge*ORD44637,20.0,transport,2026-06-09 23:25:00
5,Myntra/UPI/819118723,539.52,shopping,2026-06-12 21:48:00
5,AJIO TXN76120,754.19,shopping,2026-06-13 11:54:00
5,Dominos,40.0,food,2026-06-13 20:05:00
5,Dominos,40.0,food,2026-06-13 20:05:00
5,COLLEGE FEE ,1190.44,education,2026-06-13 22:00:00
5,sPoTify REF3900,79.0,entertainment,2026-06-14 06:22:00
5,meEShO,1088.68,shopping,2026-06-14 09:37:00
5,SWIGGY TXN75062,326.46,food,2026-06-14 20:18:00
5,SWIGGY TXN57062,326.46,food,2026-06-14 20:18:00
5,UPI-ROOMMATE SPLIT-3200@okaxis,379.04,misc,2026-06-16 23:19:00
5,UPI-PRIYA S-4209@okaxis,171.86,misc,2026-06-16 23:35:00
5,Netflix TXN76964,79.0,entertainment,2026-06-19 09:36:00
5,Wifi Bill,152.96,recharge,2026-06-19 23:25:00
5,WifiB ill,152.96,recharge,2026-06-19 23:25:00
5,Ola Auto,149.57,transport,2026-06-21 13:52:00
5,Oal Auto,149.57,transport,2026-06-21 13:52:00
5,Jio Recharge,309.02,recharge,2026-06-22 08:30:00
5,UPI-MESS SECRETARY-9247@okaxis,994.39,misc,2026-06-23 11:05:00
5,FLPIKART REF9,663.44,shopping,2026-06-23 14:42:00
5,Wifi Bill/UPI/940221054,407.43,recharge,2026-06-24 21:31:00
5,UPI-RAHUL K-7392@okaxis,1130.1,misc,2026-06-25 18:39:00
5,UPI-FRIEND REPAYMENT-7361@okaxis,379.16,misc,2026-06-27 16:34:00
5,SPOITFY,142.92,entertainment,2026-06-27 22:34:00
5,UPI-FRIEND REPAYMENT-6871@okaxis,469.67,misc,2026-06-28 10:11:00
5,Airtel Prepaid,457.01,recharge,2026-07-01 12:55:00
5,Airtel Prepai,149.26,recharge,2026-07-01 14:48:00
5,Airtle Prppai,149.26,recharge,2026-07-01 14:48:00
5,Printout Shop*ORD354778,1103.64,education,2026-07-01 17:34:00
5,NETFLIX TXN33330,432.59,entertainment,2026-07-01 20:35:00
5,NTEFLIX TXN333330,432.59,entertainment,2026-07-01 20:35:00
5,HOSTEL FEE,6741.06,rent,2026-07-02 10:34:00
5,HoStEl Fee,6942.24,rent,2026-07-02 11:09:00
5,AIRTEL PREPAID,246.17,recharge,2026-07-02 23:44:00
5,hoStEL FEE REF4719,6311.67,rent,2026-07-03 06:04:00
5,Landlord Transfer,4635.41,rent,2026-07-03 06:45:00
5,Airtel Prepaid/UPI/169159137,324.1,recharge,2026-07-03 08:02:00
5,pG reNt PayMEnT/UPI/252819463,7978.48,rent,2026-07-03 09:52:00
5,Landlord Transfer/UPI/15,8325.49,rent,2026-07-03 10:58:00
5,Landlord Tarsfer/UPI/15,8325.49,rent,2026-07-03 10:58:00
5,UPI-UNKNOWN UPI-7938@okaxis,608.68,misc,2026-07-03 13:37:00
5,AMAZON TXN22045,100.0,shopping,2026-07-03 17:50:00
5,AAMAZON TXN2045,100.0,shopping,2026-07-03 17:50:00
5,Airtel Prepaid,471.48,recharge,2026-07-04 07:08:00
5,Flipkart TXN60910,973.6,shopping,2026-07-04 09:35:00
5,amazon,1436.99,shopping,2026-07-04 23:35:00
5,Jio Recharge*ORD134873,289.1,recharge,2026-07-05 16:09:00
5,HOSTEL FEE REF2443,8618.02,rent,2026-07-05 16:17:00
5,SWIGGY/UPI/865497633,216.59,food,2026-07-07 10:56:00
5,CAFE COFFEE DAY,461.86,food,2026-07-07 16:51:00
5,CAFE COFFE DAY,461.86,food,2026-07-07 16:51:00
5,UBER mOTo/UPI/166262563,119.11,transport,2026-07-09 06:01:00
5,UBER mOTo/UPI/162662563,119.11,transport,2026-07-09 06:01:00
5,NETFLIX,213.67,entertainment,2026-07-10 17:46:00
5,NTFLLIX,213.67,entertainment,2026-07-10 17:46:00
5,UPI-ROOMMATE SPLIT-6473@okaxis,517.44,misc,2026-07-10 18:59:00
5,JIO RECHARGE REF5716,309.37,education,2026-07-12 06:14:00
5,parking FEE REF3867,223.62,transport,2026-07-12 23:30:00
5,paring FEE REF3867,223.62,transport,2026-07-12 23:30:00
5,WIFI BILL,156.17,recharge,2026-07-13 11:53:00
5,Parikng Fee,20.0,transport,2026-07-14 11:55:00
5,raPIDO*ORD2,27.26,education,2026-07-14 12:52:00
5,Uber Moto,164.4,transport,2026-07-15 16:09:00
5,Uber Moto,164.4,transport,2026-07-15 16:09:00
5,Dominos REF2097,225.32,food,2026-07-17 20:25:00
5,oDminos RREF2097,225.32,food,2026-07-17 20:25:00
5,Ajio TXN695,408.41,shopping,2026-07-18 06:51:00
5,Ajio TXN695,408.41,shopping,2026-07-18 06:51:00
5,DOMINOS*ORD40772,519.92,food,2026-07-19 14:49:00
5,Wifi Bill/UPI/614302988,167.45,recharge,2026-07-19 15:45:00
5,Wifi BillU/P/614302988,167.45,recharge,2026-07-19 15:45:00
5,cAmPUS cAntEEN,139.68,food,2026-07-22 14:44:00
5,cAmPUS cAntEEN,139.68,food,2026-07-22 14:44:00
5,City bUS paSS/UPI/855999,197.91,transport,2026-07-23 20:17:00
5,FLIPKART,100.0,shopping,2026-07-23 20:17:00
5,Dominos,293.2,food,2026-07-24 08:45:00
5,Dmoinoss,293.2,food,2026-07-24 08:45:00
5,BOOKMYSHOW REF,337.06,entertainment,2026-07-24 21:56:00
5,BOOKMYHSOW REF,337.06,entertainment,2026-07-24 21:56:00
5,UPI-FRIEND REPAYMENT-4048@okaxis,151.75,misc,2026-07-25 22:20:00
5,Zomato,281.09,food,2026-07-27 16:53:00
5,Zomato,281.09,food,2026-07-27 16:53:00
5,UPI-FRIEND REPAYMENT-6837@okaxis,160.3,misc,2026-08-01 11:31:00
5,SPOTIFY,191.52,entertainment,2026-08-01 13:29:00
5,SPOTFY,191.52,entertainment,2026-08-01 13:29:00
5,SWigGY*ORD612578,380.83,food,2026-08-01 19:10:00
5,SWigGY*ODR612578,380.83,food,2026-08-01 19:10:00
5,NETFlIx,79.0,entertainment,2026-08-02 15:56:00
5,Prime Video TXN40653,172.96,entertainment,2026-08-02 21:53:00
5,Prime Vidoe TXN40653,172.96,entertainment,2026-08-02 21:53:00
5,FLiPkART*ORD505903,823.25,shopping,2026-08-02 22:02:00
5,jIO REchaRge*ORD568382,99.0,recharge,2026-08-03 11:01:00
5,jIO REchaRge**ORD568382,99.0,recharge,2026-08-03 11:01:00
5,pg REnt paYMEnt/UPI/874968535,6259.37,rent,2026-08-03 23:52:00
5,pg REnt paYMEt/UPI/874968553,6259.37,rent,2026-08-03 23:52:00
5,DomInos REF14,40.0,food,2026-08-04 23:15:00
5,UPI-RAHUL K-1296@okaxis,160.54,misc,2026-08-08 22:14:00
5,aJIO,416.15,shopping,2026-08-09 22:06:00
5,BOOKMYSHOW,329.44,entertainment,2026-08-12 10:35:00
5,AAMZON/UPI/150503264,1230.41,shopping,2026-08-15 13:12:00
5,olA,20.0,transport,2026-08-15 19:08:00
5,PRIME VIDEO,251.56,entertainment,2026-08-18 06:27:00
5,oLa,106.51,transport,2026-08-19 23:19:00
5,Ola REF8983,20.0,transport,2026-08-20 18:09:00
5,ZoMATO,40.0,food,2026-08-21 14:30:00
5,UPI-FRIEND REPAYMENT-7760@okaxis,640.09,misc,2026-08-23 09:28:00
5,UPI-MESS SECRETARY-4497@okaxis,900.3,misc,2026-08-25 18:56:00
5,UPI-RAHUL K-5931@okaxis,128.75,misc,2026-08-26 13:26:00
6,UBer/UPI/525658880,126.44,transport,2026-04-01 17:50:00
6,UBer/UPI/525658880,126.44,transport,2026-04-01 17:50:00
6,JIO RECHARGE,359.9,recharge,2026-04-02 23:17:00
6,DOMINOS,174.97,food,2026-04-03 13:35:00
6,Swiggy Instamart,510.74,food,2026-04-04 15:29:00
6,Pg Rent Payment TXN4759,7077.92,rent,2026-04-04 21:04:00
6,Pg Rent aPyyment TXN4759,7077.92,rent,2026-04-04 21:04:00
6,PRIME VIDEO/UPI/670771783,289.14,entertainment,2026-04-04 22:15:00
6,UPI-PRIYA S-2283@okaxis,244.16,misc,2026-04-07 21:19:00
6,COURSERA REF5462,50.0,education,2026-04-08 18:30:00
6,UPI-UNKNOWN UPI-3807@okaxis,498.27,misc,2026-04-09 08:33:00
6,WiFI BILl REF72,387.45,recharge,2026-04-09 16:33:00
6,WiI BILl REF72,387.45,recharge,2026-04-09 16:33:00
6,Parking Fee,178.65,transport,2026-04-10 08:23:00
6,ParkngF ee,178.65,transport,2026-04-10 08:23:00
6,UPI-MESS SECRETARY-7716@okaxis,648.03,misc,2026-04-10 15:36:00
6,VI PREPAID,261.8,recharge,2026-04-10 17:09:00
6,UPI-MESS SECRETARY-5786@okaxis,50.0,misc,2026-04-10 18:48:00
6,BOOKMYSHOW REF3,174.42,entertainment,2026-04-10 20:18:00
6,UPI-ROOMMATE SPLIT-5063@okaxis,545.11,misc,2026-04-10 21:42:00
6,Wifi Bill TXN28386,301.97,recharge,2026-04-10 23:36:00
6,Bookmyshow,169.26,entertainment,2026-04-11 13:12:00
6,Boomyshow,169.26,entertainment,2026-04-11 13:12:00
6,AIRTEL PREPAID REF3246,237.89,rent,2026-04-12 14:51:00
6,OLA autO,118.91,transport,2026-04-13 10:54:00
6,UPI-FRIEND REPAYMENT-4972@okaxis,223.73,misc,2026-04-13 15:48:00
6,ola AUto TXN38523,201.6,transport,2026-04-14 06:09:00
6,WIFI BILL*ORD547073,99.0,recharge,2026-04-14 16:33:00
6,EXAM FEE PAYMENT REF8634,1653.02,education,2026-04-14 18:14:00
6,Wifi Bill,399.7,recharge,2026-04-17 11:28:00
6,Wifi Bil,399.7,recharge,2026-04-17 11:28:00
6,UPI-ROOMMATE SPLIT-6712@okaxis,50.0,misc,2026-04-20 18:39:00
6,City Bus Pass,273.63,transport,2026-04-23 09:39:00
6,City Bus Pass,273.63,transport,2026-04-23 09:39:00
6,UPI-UNKNOWN UPI-5217@okaxis,50.49,misc,2026-04-24 15:19:00
6,City bus pASs,195.83,transport,2026-04-25 18:26:00
6,UPI-MESS SECRETARY-2987@okaxis,1065.61,misc,2026-04-26 10:50:00
6,UPI-FRIEND REPAYMENT-8387@okaxis,386.97,misc,2026-04-27 16:17:00
6,UPI-MESS SECRETARY-9593@okaxis,743.27,misc,2026-04-28 18:39:00
6,Metro Card Recharge REF3431,438.41,transport,2026-05-01 11:36:00
6,Ola REF3642,20.0,transport,2026-05-01 13:26:00
6,Ol aREF362,20.0,transport,2026-05-01 13:26:00
6,UPI-UNKNOWN UPI-6651@okaxis,170.07,misc,2026-05-01 14:02:00
6,Dominos,195.77,food,2026-05-01 17:32:00
6,UPI-ROOMMATE SPLIT-6722@okaxis,580.47,misc,2026-05-01 21:05:00
6,JIO RECHARGE TXN55436,136.86,recharge,2026-05-02 08:05:00
6,SwIggY inStAMarT,178.34,food,2026-05-02 08:41:00
6,SwIggY nStAMarT,178.34,food,2026-05-02 08:41:00
6,LAndLORd trAnsfEr TXN67392,9463.02,rent,2026-05-02 14:19:00
6,bOOKMYshoW,84.16,entertainment,2026-05-02 20:46:00
6,bOOKMYshoW,84.16,entertainment,2026-05-02 20:46:00
6,hOSTEL fEe,5280.48,rent,2026-05-03 21:03:00
6,PG renT pAyME,9450.15,rent,2026-05-03 22:11:00
6,RAPIDO*ORD291912,151.87,transport,2026-05-03 22:51:00
6,Bookmyshow TXN66069,79.0,entertainment,2026-05-04 06:12:00
6,LANDLORD TRANSFER,5015.37,rent,2026-05-04 14:47:00
6,LANDLOR TRANSFER,5015.37,rent,2026-05-04 14:47:00
6,UPI-PRIYA S-1283@okaxis,1216.38,misc,2026-05-04 19:41:00
6,CAFE COFFEE DAY/UPI/811618397,198.99,food,2026-05-04 22:11:00
6,Vi Prepaid/UPI/96,401.47,recharge,2026-05-05 17:36:00
6,UPI-PRIYA S-5391@okaxis,775.79,misc,2026-05-06 18:26:00
6,FLIPKART,1175.33,shopping,2026-05-06 21:10:00
6,UPI-ROOMMATE SPLIT-8768@okaxis,50.0,misc,2026-05-06 22:58:00
6,Ola Auto,143.09,transport,2026-05-07 08:46:00
6,Ola Auto,143.09,transport,2026-05-07 08:46:00
6,meSs FeE,412.6,food,2026-05-07 16:41:00
6,Airtel Prepaid/UPI/525961566,587.87,rent,2026-05-07 21:02:00
6,Airtel PPrepaid/UP/525961566,587.87,rent,2026-05-07 21:02:00
6,UPI-MESS SECRETARY-3976@okaxis,202.34,misc,2026-05-07 22:31:00
6,COLLEG EFEE PORTAL,592.81,education,2026-05-08 20:37:00
6,OCLLEG EFEE PORTL,592.81,education,2026-05-08 20:37:00
6,Meesho,226.52,shopping,2026-05-09 14:52:00
6,Zomato,271.09,food,2026-05-09 21:22:00
6,ZOMATo TXN84843,241.06,food,2026-05-10 20:46:00
6,PRIME VIDEO/UPI/566061332,79.0,entertainment,2026-05-10 21:34:00
6,PRIME VIIDEO/UPI/566061332,79.0,entertainment,2026-05-10 21:34:00
6,UPI-ROOMMATE SPLIT-1340@okaxis,468.77,misc,2026-05-11 08:17:00
6,Rapido,341.34,transport,2026-05-11 12:44:00
6,UPI-MESS SECRETARY-3516@okaxis,538.96,misc,2026-05-11 13:10:00
6,Vi Prepaid TXN41058,397.26,recharge,2026-05-12 17:02:00
6,Jio Recharge/UPI/130015786,146.78,recharge,2026-05-13 19:34:00
6,UPI-UNKNOWN UPI-4427@okaxis,685.63,misc,2026-05-13 21:40:00
6,Ajio*ORD8268,1202.76,shopping,2026-05-14 10:28:00
6,HotSTar,79.0,rent,2026-05-16 19:54:00
6,Ajio REF3612,969.37,shopping,2026-05-18 06:10:00
6,Ajio ERF3612,969.37,shopping,2026-05-18 06:10:00
6,Rapido*ORD722918,20.0,transport,2026-05-20 21:28:00
6,Coursera,597.26,education,2026-05-22 07:11:00
6,Coorsear,597.26,education,2026-05-22 07:11:00
6,AiRteL prePAid REF5173,295.4,recharge,2026-05-24 12:34:00
6,UPI-UNKNOWN UPI-7607@okaxis,50.0,misc,2026-05-24 20:48:00
6,UPI-FRIEND REPAYMENT-6131@okaxis,481.41,misc,2026-05-25 19:04:00
6,UPI-MESS SECRETARY-7185@okaxis,945.48,misc,2026-05-26 13:00:00
6,Meesho,1243.52,shopping,2026-05-26 21:05:00
6,Mesho,1243.52,shopping,2026-05-26 21:05:00
6,Amazon,750.55,shopping,2026-05-27 17:13:00
6,mAAaon,750.55,shopping,2026-05-27 17:13:00
6,Wifi Bill,240.38,recharge,2026-05-27 21:55:00
6,Wifi BBill,240.38,recharge,2026-05-27 21:55:00
6,CAMPUS CANTEEN/UPI/162800627,237.58,food,2026-05-28 06:48:00
6,Landlord Transfer,6852.49,rent,2026-06-02 07:47:00
6,Meesho,702.1,shopping,2026-06-02 14:19:00
6,Metro Card Recharge*ORD546137,442.77,transport,2026-06-03 12:38:00
6,Landlord Transfer,5517.11,rent,2026-06-03 15:40:00
6,Landlord Tra,5344.62,rent,2026-06-03 19:10:00
6,Landlord Tra,5344.62,rent,2026-06-03 19:10:00
6,aMAZoN*ORD630608,790.6,shopping,2026-06-05 10:05:00
6,aMAZoN*ODR630608,790.6,shopping,2026-06-05 10:05:00
6,mYnTRA/UPI/227863848,1029.46,shopping,2026-06-05 11:14:00
6,mYnTRA/UUPI/227863848,1029.46,shopping,2026-06-05 11:14:00
6,BOOKMYSHOW,79.0,entertainment,2026-06-05 20:16:00
6,BOOKMYSHOW,79.0,entertainment,2026-06-05 20:16:00
6,Ajio,1342.14,shopping,2026-06-05 22:19:00
6,Ajjio,1342.14,shopping,2026-06-05 22:19:00
6,UPI-PRIYA S-6163@okaxis,50.0,misc,2026-06-05 23:19:00
6,Amazon,1076.71,shopping,2026-06-07 07:04:00
6,UPI-ROOMMATE SPLIT-1327@okaxis,50.0,misc,2026-06-07 12:43:00
6,Zomato,40.0,food,2026-06-08 11:36:00
6,Uber Moto,272.71,shopping,2026-06-08 12:27:00
6,UPI-UNKNOWN UPI-6129@okaxis,50.0,misc,2026-06-08 19:05:00
6,Flipkart*ORD4,931.95,shopping,2026-06-11 15:05:00
6,BOOKMYSHOW/UPI/738286878,137.9,entertainment,2026-06-12 10:59:00
6,BOOKMYSHOW/UPI/7382868878,137.9,entertainment,2026-06-12 10:59:00
6,UPI-UNKNOWN UPI-7989@okaxis,342.15,misc,2026-06-12 11:15:00
6,Hotstar,79.0,entertainment,2026-06-13 13:10:00
6,Hotstar,79.0,entertainment,2026-06-13 13:10:00
6,MESS FEE*ORD76,40.0,food,2026-06-14 09:56:00
6,UPI-MESS SECRETARY-3421@okaxis,856.8,misc,2026-06-15 09:23:00
6,UPI-ROOMMATE SPLIT-4403@okaxis,667.33,misc,2026-06-18 21:59:00
6,UPI-RAHUL K-8295@okaxis,371.96,misc,2026-06-19 13:53:00
6,Bookmyshow,170.61,entertainment,2026-06-20 19:12:00
6,Bookmmyhsow,170.61,entertainment,2026-06-20 19:12:00
6,UPI-UNKNOWN UPI-8613@okaxis,50.0,misc,2026-06-24 08:48:00
6,UPI-UNKNOWN UPI-6216@okaxis,676.31,misc,2026-06-24 08:49:00
6,UPI-FRIEND REPAYMENT-4950@okaxis,210.15,misc,2026-06-24 11:07:00
6,fLipkART REF626,947.38,shopping,2026-06-24 19:30:00
6,fLipkAR RREF626,947.38,shopping,2026-06-24 19:30:00
6,UPI-PRIYA S-9726@okaxis,520.02,misc,2026-06-26 10:00:00
6,UPI-PRIYA S-4969@okaxis,248.07,misc,2026-07-01 09:05:00
6,UBER MOTO/UPI/604544064,313.7,transport,2026-07-01 09:32:00
6,Wifi Bill RE,146.06,recharge,2026-07-01 10:33:00
6,METRO CARD RECHARGE*ORD406078,188.37,transport,2026-07-01 11:55:00
6,METROC ARD RECHARGE*ORD40678,188.37,transport,2026-07-01 11:55:00
6,RapidO XTN85411,216.3,transport,2026-07-01 13:27:00
6,UDEMY,567.4,education,2026-07-01 19:58:00
6,UDEMY,567.4,education,2026-07-01 19:58:00
6,pRiME vIdeo REF1201,186.09,entertainment,2026-07-01 20:25:00
6,pRiMEv deo REF1201,186.09,entertainment,2026-07-01 20:25:00
6,UPI-ROOMMATE SPLIT-8130@okaxis,77.0,misc,2026-07-01 23:47:00
6,lANDlORd tRAnsfER,9624.37,rent,2026-07-02 08:06:00
6,lANDlRd  tRAnsfER,9624.37,rent,2026-07-02 08:06:00
6,COLLEGE FEE PORTAL,50.0,education,2026-07-02 11:08:00
6,COLLEGE FEEE PORAL,50.0,education,2026-07-02 11:08:00
6,PARKING FEE,20.0,transport,2026-07-02 13:43:00
6,PAKRING FEE,20.0,transport,2026-07-02 13:43:00
6,laNdLOrd tRansfER/UPI/827059836,4896.09,rent,2026-07-02 19:59:00
6,UPI-PRIYA S-7999@okaxis,241.2,misc,2026-07-03 13:12:00
6,UPI-PRIYA S-1481@okaxis,685.55,misc,2026-07-03 19:05:00
6,aJIo,711.15,shopping,2026-07-03 21:53:00
6,UPI-ROOMMATE SPLIT-3832@okaxis,465.52,misc,2026-07-04 09:03:00
6,UPI-ROOMMATE SPLIT-2137@okaxis,50.0,misc,2026-07-04 11:43:00
6,AJIO*ORD420317,674.43,shopping,2026-07-05 08:53:00
6,AJIIO*ORD420137,674.43,shopping,2026-07-05 08:53:00
6,Pg Rent Payment REF7613,5134.21,rent,2026-07-05 21:08:00
6,UDemY/UPI/845502042,1148.65,education,2026-07-06 13:56:00
6,UDemY/UPI845502042,1148.65,education,2026-07-06 13:56:00
6,AIRTEL PREPAID REF9987,142.24,recharge,2026-07-07 21:48:00
6,UPI-ROOMMATE SPLIT-7691@okaxis,225.88,misc,2026-07-08 09:16:00
6,netFlIX REF2832,79.0,entertainment,2026-07-08 15:56:00
6,Spotiyf REF31,80.56,entertainment,2026-07-09 13:09:00
6,DOMINOS TXN88588,135.81,food,2026-07-10 20:08:00
6,Ajio/UPI/183889967,921.65,education,2026-07-11 13:16:00
6,UPI-UNKNOWN UPI-7513@okaxis,553.51,misc,2026-07-12 08:18:00
6,CAFE OCFFEE DAY,40.0,food,2026-07-12 12:34:00
6,CAE OCFFEE DAY,40.0,food,2026-07-12 12:34:00
6,Exam Fee Payment TXN65739,223.03,education,2026-07-13 15:46:00
6,Exam Fee Payment TXN65739,223.03,education,2026-07-13 15:46:00
6,Coursera/UPI/445370822,50.0,education,2026-07-14 09:48:00
6,Redbus*ORD3785,147.64,transport,2026-07-14 15:52:00
6,Irctc/UPI/966756,202.86,transport,2026-07-17 06:58:00
6,UPI-RAHUL K-1485@okaxis,317.52,misc,2026-07-17 12:29:00
6,irCTc REF7867,165.03,transport,2026-07-17 20:06:00
6,UPI-UNKNOWN UPI-6439@okaxis,1158.06,misc,2026-07-18 12:35:00
6,Myntra*ORD10767,435.3,shopping,2026-07-20 07:02:00
6,UPI-UNKNOWN UPI-6363@okaxis,423.93,misc,2026-07-21 13:50:00
6,UPI-UNKNOWN UPI-7131@okaxis,1184.21,misc,2026-07-21 16:34:00
6,PETRoL PuMp,176.87,rent,2026-07-24 08:34:00
6,UDEMY REF2512,936.95,education,2026-07-28 08:51:00
6,Netflix,79.0,entertainment,2026-08-01 19:22:00
6,Jio rEcHARge*ORD745498,375.03,recharge,2026-08-02 08:54:00
6,Jio rEcHARge*ORD745498,375.03,recharge,2026-08-02 08:54:00
6,WifI bIlL,285.07,recharge,2026-08-02 11:06:00
6,oHstel Fee,7051.13,rent,2026-08-02 19:53:00
6,oHstel Fee,7051.13,rent,2026-08-02 19:53:00
6,PARKING FEE REF5522,345.41,transport,2026-08-02 20:39:00
6,PARKING FEE REFF5522,345.41,transport,2026-08-02 20:39:00
6,meesho*ORD655859,548.21,shopping,2026-08-02 21:40:00
6,LANDLORD TRANSFER,5845.04,rent,2026-08-03 09:47:00
6,PETROL PUMP*ORD,346.69,transport,2026-08-03 10:13:00
6,PETROLPUMP*ORRD,346.69,transport,2026-08-03 10:13:00
6,Uber Moto ,218.28,transport,2026-08-03 11:47:00
6,COURSERA TXN37295,1136.6,education,2026-08-03 21:43:00
6,COURSERA TXN37295,1136.6,education,2026-08-03 21:43:00
6,Campus Canteen,581.16,food,2026-08-03 23:59:00
6,Cafe Coffee Day,207.64,food,2026-08-04 06:25:00
6,Exam Fee Payment,624.43,education,2026-08-04 15:21:00
6,PRAKING FEE,53.56,transport,2026-08-06 07:10:00
6,PRAKING FEE,53.56,transport,2026-08-06 07:10:00
6,UPI-RAHUL K-2743@okaxis,515.5,misc,2026-08-06 12:30:00
6,UBEr MOtO*OR,83.57,transport,2026-08-06 16:18:00
6,UUBE MOtO*OR,83.57,transport,2026-08-06 16:18:00
6,UPI-PRIYA S-8461@okaxis,523.33,misc,2026-08-07 20:47:00
6,UPI-PRIYA S-8812@okaxis,277.69,misc,2026-08-08 16:09:00
6,UPI-RAHUL K-1452@okaxis,50.0,misc,2026-08-09 13:27:00
6,Udemy REF744,50.0,education,2026-08-09 22:44:00
6,dUemy REF744,50.0,education,2026-08-09 22:44:00
6,HOTSTAR,92.75,entertainment,2026-08-10 08:29:00
6,HOTSTR,92.75,entertainment,2026-08-10 08:29:00
6,WIFI BILL*ORD436542,299.63,recharge,2026-08-12 23:20:00
6,WIFI BILL*ODR436542,299.63,recharge,2026-08-12 23:20:00
6,Udemy/UPI/37635,1403.54,education,2026-08-13 09:26:00
6,EXAM FEE PAYMENT*ORD914027,50.0,education,2026-08-14 07:20:00
6,UBER*ORD844758,351.32,education,2026-08-14 10:52:00
6,Spotify,82.61,entertainment,2026-08-15 20:08:00
6,Spotify,82.61,entertainment,2026-08-15 20:08:00
6,UPI-MESS SECRETARY-6640@okaxis,467.61,misc,2026-08-15 23:45:00
6,UPI-PRIYA S-1937@okaxis,50.0,misc,2026-08-16 11:27:00
6,swiGGy iNstaMArT TXN558,40.0,food,2026-08-17 20:56:00
6,swiGGy iNstaMAr TXN585,40.0,food,2026-08-17 20:56:00
6,Flipkart,460.44,shopping,2026-08-18 18:24:00
6,VI PREPAID*ORD195121,99.0,recharge,2026-08-18 21:39:00
6,Hotstar/UPI/107488394,79.0,entertainment,2026-08-20 09:38:00
6,Hotsta/UPI/107488394,79.0,entertainment,2026-08-20 09:38:00
6,UPI-FRIEND REPAYMENT-2977@okaxis,367.74,misc,2026-08-21 23:27:00
6,UPI-RAHUL K-3884@okaxis,330.4,misc,2026-08-24 14:11:00
6,UPI-ROOMMATE SPLIT-7078@okaxis,50.0,misc,2026-08-25 10:53:00
7,UBEr,112.03,transport,2026-04-01 06:45:00
7,Landlord Transfer/UPI/784737243,6771.3,rent,2026-04-02 17:03:00
7,SPOTIFY,208.81,entertainment,2026-04-02 17:17:00
7,PG RENT PAYMENT/UPI/237555813,6536.33,rent,2026-04-03 14:44:00
7,Vi PREPaId REF7262,356.22,recharge,2026-04-03 15:45:00
7,pG RenT PAyment/,7200.31,rent,2026-04-05 07:57:00
7,AMAZON,720.86,shopping,2026-04-05 12:45:00
7,AMAZON,720.86,shopping,2026-04-05 12:45:00
7,BOOKMYSHOW TXN53691,239.0,entertainment,2026-04-05 23:17:00
7,BOOKYMSHOW TXN5391,239.0,entertainment,2026-04-05 23:17:00
7,UPI-MESS SECRETARY-5522@okaxis,455.43,misc,2026-04-07 11:24:00
7,caMPUs CaNTEE/NUPI/828650078,117.03,food,2026-04-07 21:25:00
7,colLEGe Fee PoRtal REF7973,50.0,education,2026-04-08 15:29:00
7,oclLEGe Fee PoRtal REF7973,50.0,education,2026-04-08 15:29:00
7,Printout Shop REF3757,50.0,education,2026-04-09 09:47:00
7,Printoout Shop REF357,50.0,education,2026-04-09 09:47:00
7,EXAM FEE PAYMENT,50.0,education,2026-04-09 12:16:00
7,iRCtc TXN10365,20.0,transport,2026-04-09 17:22:00
7,UPI-MESS SECRETARY-3248@okaxis,50.0,misc,2026-04-10 10:27:00
7,aMazon/UPI/143741026,1256.55,shopping,2026-04-13 16:58:00
7,UDeMY*ORD26810,704.79,education,2026-04-14 10:04:00
7,UPI-ROOMMATE SPLIT-7362@okaxis,297.57,misc,2026-04-15 13:29:00
7,CAFE COFFEE DAY,393.05,food,2026-04-19 22:28:00
7,CAFE  COFFEE DYA,393.05,food,2026-04-19 22:28:00
7,SPOTIFY,527.9,entertainment,2026-04-20 09:27:00
7,Oal Auto,280.96,transport,2026-04-20 16:50:00
7,OalAuto,280.96,transport,2026-04-20 16:50:00
7,EXaM fEe PAyMEnt*ORD701251,50.0,education,2026-04-21 07:11:00
7,UPI-UNKNOWN UPI-4221@okaxis,1297.2,misc,2026-04-27 17:07:00
7,JIO RECHARGE TXN47989,393.51,recharge,2026-04-28 07:55:00
7,namMa mETrO TXN26441,223.1,transport,2026-04-28 18:14:00
7,UPI-FRIEND REPAYMENT-9121@okaxis,50.0,misc,2026-05-01 14:33:00
7,PG RENT PAY,5652.3,rent,2026-05-02 09:28:00
7,NETfLIX TXN52823,134.63,entertainment,2026-05-02 11:47:00
7,NETfLIX TXN225823,134.63,entertainment,2026-05-02 11:47:00
7,UPI-MESS SECRETARY-4803@okaxis,271.8,misc,2026-05-02 13:14:00
7,PG RENt PayMEnT,7042.27,rent,2026-05-02 13:33:00
7,REDBUS*ORD466594,37.28,transport,2026-05-02 14:12:00
7,REDBUS*ORD466594,37.28,transport,2026-05-02 14:12:00
7,BOOKMYSHOW TXN36218,205.56,entertainment,2026-05-02 18:09:00
7,BOOKMYSHOW TXN36218,205.56,entertainment,2026-05-02 18:09:00
7,hoSteL Fee TXN53276,7004.57,rent,2026-05-02 19:38:00
7,SPOTIFY TXN10918,87.99,entertainment,2026-05-03 06:29:00
7,SPOTIIFY TXN10918,87.99,entertainment,2026-05-03 06:29:00
7,BOOKMYSHOW,153.76,entertainment,2026-05-03 08:44:00
7,PG rENt PAYmeNT/UPI/168192701,5866.38,shopping,2026-05-03 11:01:00
7,MEESHO*ORD299096,1395.36,shopping,2026-05-04 10:46:00
7,Myntra*ORD570342,577.96,education,2026-05-04 11:11:00
7,Pg Rent Payment,7655.41,rent,2026-05-04 14:31:00
7,PPgR entPayment,7655.41,rent,2026-05-04 14:31:00
7,Hostel Fee/PUI/958754004,8785.97,rent,2026-05-04 17:48:00
7,HOSTEL Fee,7804.76,rent,2026-05-04 22:47:00
7,HOTELL Fee,7804.76,rent,2026-05-04 22:47:00
7,College Fee Portal/UPI/975263361,384.98,transport,2026-05-06 10:48:00
7,AmaZon REF6853,100.0,shopping,2026-05-08 10:04:00
7,AmmaZoR EF6853,100.0,shopping,2026-05-08 10:04:00
7,Uber,115.17,transport,2026-05-08 16:51:00
7,WIFI BILL REF9689,248.63,recharge,2026-05-08 20:25:00
7,Ajio,724.33,shopping,2026-05-09 19:38:00
7,UPI-FRIEND REPAYMENT-3479@okaxis,511.88,misc,2026-05-10 08:21:00
7,Vi PrEPAid TXN44899,321.2,recharge,2026-05-10 09:47:00
7,Vi PrEPAidTTXN44899,321.2,recharge,2026-05-10 09:47:00
7,UPI-UNKNOWN UPI-3218@okaxis,322.66,misc,2026-05-10 13:47:00
7,prIme vidEO*O,121.77,entertainment,2026-05-10 14:13:00
7,Namma Metro TXN56059,260.29,transport,2026-05-10 14:25:00
7,BOOKMYSHOW,79.79,entertainment,2026-05-10 20:20:00
7,BOOKYMSHOW,79.79,entertainment,2026-05-10 20:20:00
7,aJiO REF7429,949.96,shopping,2026-05-11 06:22:00
7,UPI-UNKNOWN UPI-9905@okaxis,177.91,misc,2026-05-11 12:57:00
7,UPI-FRIEND REPAYMENT-2309@okaxis,50.0,misc,2026-05-11 22:07:00
7,COLLeGE FeE PoRTal,734.69,education,2026-05-12 09:22:00
7,CAFE COFFEE DAY,288.11,food,2026-05-12 14:38:00
7,oLa aUTO T,182.09,transport,2026-05-13 07:28:00
7,oa aUTOT ,182.09,transport,2026-05-13 07:28:00
7,Vi Prepaid/UPI,392.43,recharge,2026-05-14 14:06:00
7,UPI-UNKNOWN UPI-7287@okaxis,225.21,misc,2026-05-14 18:53:00
7,BOOKMYSHOW TXN6,129.44,entertainment,2026-05-15 21:52:00
7,UPI-FRIEND REPAYMENT-9849@okaxis,56.2,misc,2026-05-16 12:02:00
7,NETFLIX REF1242,328.81,entertainment,2026-05-16 13:11:00
7,aJIO REF9751,543.28,shopping,2026-05-16 13:52:00
7,aJIO RE9751,543.28,shopping,2026-05-16 13:52:00
7,Parking Fee RE,159.82,transport,2026-05-17 18:00:00
7,cOurSerA,406.21,education,2026-05-19 09:33:00
7,UPI-MESS SECRETARY-2936@okaxis,50.0,misc,2026-05-19 10:13:00
7,FLIPKART,1415.38,shopping,2026-05-19 11:37:00
7,cAMpUs cAnteEn/UPI/470817226,337.39,food,2026-05-19 21:06:00
7,cAMpUs cAnteEn/UPI/4708172266,337.39,food,2026-05-19 21:06:00
7,PRINTOUT SHOP/UPI/635166850,890.66,education,2026-05-19 21:32:00
7,UBER MOTO TXN74058,138.13,transport,2026-05-20 19:30:00
7,REDBUS TXN78969,157.74,transport,2026-05-21 18:15:00
7,UPI-ROOMMATE SPLIT-1891@okaxis,50.0,misc,2026-05-22 18:44:00
7,Ola REF9040,20.0,transport,2026-05-23 19:54:00
7,PRIMe viDEO REF4362,228.25,entertainment,2026-05-24 09:26:00
7,COlLeGE FEE poRt,1234.12,education,2026-05-26 06:25:00
7,PRIME VIDEO/UPI/974807053,204.09,entertainment,2026-05-27 18:34:00
7,Vi Prepaid REF7250,412.88,recharge,2026-05-28 18:56:00
7,AJIO REF9841,1259.38,shopping,2026-05-28 22:45:00
7,AIRTEL PREPAID TXN47447,183.51,recharge,2026-06-01 11:02:00
7,AIRTEL PREPAID TNX47447,183.51,recharge,2026-06-01 11:02:00
7,vi rPEpaId,110.01,recharge,2026-06-01 17:14:00
7,vi rPEpaIId,110.01,recharge,2026-06-01 17:14:00
7,HOTSTAR,79.0,entertainment,2026-06-01 19:12:00
7,UPI-RAHUL K-3472@okaxis,715.96,misc,2026-06-01 23:25:00
7,Udemy TXN29225,296.23,education,2026-06-02 20:59:00
7,pG Rent paymEnT*ORD3,8794.86,rent,2026-06-02 21:12:00
7,Hostel Fee/UPI/265255578,5540.4,rent,2026-06-03 07:04:00
7,IRCTC,214.98,transport,2026-06-03 14:29:00
7,IRTCC,214.98,transport,2026-06-03 14:29:00
7,hoSTel FEE,6762.21,rent,2026-06-03 16:55:00
7,Amazon,1029.58,shopping,2026-06-04 10:51:00
7,Landlord Transfer,7868.94,rent,2026-06-04 19:20:00
7,Lndlord Transfer,7868.94,rent,2026-06-04 19:20:00
7,COLLEGE FEE PORTAL REF1441,1427.03,education,2026-06-05 08:41:00
7,pG rent PAymeNT*ORD888117,7179.37,rent,2026-06-05 13:07:00
7,pG rent PAymNeT*ORD888117,7179.37,rent,2026-06-05 13:07:00
7,HOSTEL FEE REF7298,6977.04,rent,2026-06-05 17:54:00
7,Jio Recharge TXN56391,245.9,recharge,2026-06-06 13:17:00
7,COLLEGE FEE PORTAL,50.0,education,2026-06-06 20:34:00
7,UPI-FRIEND REPAYMENT-4442@okaxis,888.47,misc,2026-06-06 20:52:00
7,UPI-RAHUL K-3955@okaxis,57.75,misc,2026-06-08 20:43:00
7,cafE coFfE,350.8,food,2026-06-10 20:19:00
7,cafEE ocFfE,350.8,food,2026-06-10 20:19:00
7,NETFLIX,79.0,entertainment,2026-06-11 10:00:00
7,NETFLIX,79.0,entertainment,2026-06-11 10:00:00
7,ZoMATo/UPI/716750280,188.53,food,2026-06-12 09:30:00
7,ZoMATo//UPI/716750280,188.53,food,2026-06-12 09:30:00
7,hOTsTrA,98.06,entertainment,2026-06-12 22:37:00
7,hOsTTrA,98.06,entertainment,2026-06-12 22:37:00
7,OLA,20.0,transport,2026-06-13 23:07:00
7,UPI-RAHUL K-3548@okaxis,50.0,misc,2026-06-14 14:33:00
7,Prime Video,93.52,entertainment,2026-06-16 15:01:00
7,Prime Vdeo,93.52,entertainment,2026-06-16 15:01:00
7,Spotify*ORD583493,207.5,entertainment,2026-06-16 15:11:00
7,aIRTEl pRePaId TXN70194,117.28,recharge,2026-06-16 15:48:00
7,aRTEl pRePaId TXN70194,117.28,recharge,2026-06-16 15:48:00
7,College Fee Portal*ORD722170,50.0,education,2026-06-16 20:26:00
7,College Fee Portal**OD722170,50.0,education,2026-06-16 20:26:00
7,UPI-FRIEND REPAYMENT-8262@okaxis,216.27,misc,2026-06-17 16:35:00
7,spotIFY,238.77,entertainment,2026-06-18 10:08:00
7,DOMINOS,40.0,food,2026-06-20 20:44:00
7,DOMIONS,40.0,food,2026-06-20 20:44:00
7,CAMPUS CANTEE,56.18,food,2026-06-26 07:37:00
7,CAMPUS  CANTEE,56.18,food,2026-06-26 07:37:00
7,PARKing fEe REF1842,239.05,transport,2026-07-01 07:30:00
7,Irctc,91.45,transport,2026-07-01 14:08:00
7,Printout Shop REF2655,831.37,education,2026-07-01 19:16:00
7,Printou tShop  REF2655,831.37,education,2026-07-01 19:16:00
7,PG RENT PAYMENT*ORD710582,6014.66,rent,2026-07-02 18:30:00
7,GP RENT PAYMENT*ORD710582,6014.66,rent,2026-07-02 18:30:00
7,flIPkART/UPI/470845636,273.29,shopping,2026-07-02 20:34:00
7,AIRTEL PREPAID*ORD603735,330.5,recharge,2026-07-03 07:18:00
7,AIRTEL PREPAID*ORD603735,330.5,recharge,2026-07-03 07:18:00
7,oHStEl fEe REF6190,8800.62,rent,2026-07-03 22:17:00
7,oHStEl fEe RE6F190,8800.62,rent,2026-07-03 22:17:00
7,Printout Shop TXN97820,50.0,education,2026-07-04 07:51:00
7,Redbus,185.92,transport,2026-07-04 14:20:00
7,Ola Auto REF,77.31,transport,2026-07-04 14:51:00
7,spotiFy,125.2,entertainment,2026-07-05 16:04:00
7,spptoiy,125.2,entertainment,2026-07-05 16:04:00
7,landlORd TRaNsFeR*ORD13485,5429.63,rent,2026-07-05 17:25:00
7,PRINTOUT SHOP REF1773,1111.42,education,2026-07-06 11:55:00
7,Bookmyshow,79.0,entertainment,2026-07-07 19:13:00
7,Bokmyshow,79.0,entertainment,2026-07-07 19:13:00
7,OLA,408.88,transport,2026-07-09 22:58:00
7,UPI-ROOMMATE SPLIT-7053@okaxis,482.36,misc,2026-07-10 11:17:00
7,fliPKArT REF,666.0,shopping,2026-07-10 22:38:00
7,UPI-ROOMMATE SPLIT-7077@okaxis,170.93,misc,2026-07-11 13:24:00
7,AMAZON,879.99,shopping,2026-07-13 14:21:00
7,Printout Shop TXN68027,997.63,education,2026-07-15 10:11:00
7,Amazon TXN38656,1430.76,shopping,2026-07-16 11:01:00
7,UPI-MESS SECRETARY-5035@okaxis,831.28,misc,2026-07-16 20:10:00
7,Prime Video*ORD4,207.7,entertainment,2026-07-18 14:54:00
7,Prime Vidoe*ORD4,207.7,entertainment,2026-07-18 14:54:00
7,CAFE COFFEE DAY,314.91,food,2026-07-18 20:52:00
7,AjIo,1656.69,shopping,2026-07-20 22:01:00
7,Redbus TXN64003,306.21,transport,2026-07-21 17:19:00
7,UPI-FRIEND REPAYMENT-8731@okaxis,50.0,misc,2026-07-21 19:11:00
7,mYnTRa REF5715,311.14,shopping,2026-07-22 21:19:00
7,YmnTRa REF5715,311.14,shopping,2026-07-22 21:19:00
7,BOokMysHoW,79.0,transport,2026-07-23 17:21:00
7,Cafe Coffee Day,475.64,food,2026-07-25 17:40:00
7,UPI-ROOMMATE SPLIT-2509@okaxis,900.53,misc,2026-07-27 15:22:00
7,UPI-RAHUL K-5382@okaxis,199.67,misc,2026-07-27 18:36:00
7,UPI-ROOMMATE SPLIT-7823@okaxis,522.49,misc,2026-07-28 09:39:00
7,Flipkart,718.27,shopping,2026-07-28 23:00:00
7,Hotstar,256.18,entertainment,2026-08-01 19:36:00
7,Hotsar,256.18,entertainment,2026-08-01 19:36:00
7,PRIME VIDEO*,125.26,entertainment,2026-08-01 21:26:00
7,PRIME VIDEO*,125.26,entertainment,2026-08-01 21:26:00
7,Jio Recharge ERF8258,379.07,recharge,2026-08-02 10:42:00
7,UPI-PRIYA S-8128@okaxis,50.0,misc,2026-08-02 16:01:00
7,Vi PRePAiD REF5936,323.65,shopping,2026-08-02 17:04:00
7,HOSTEL FEE,6668.12,rent,2026-08-02 21:41:00
7,Hostel Fee TXN95981,10084.31,education,2026-08-03 13:16:00
7,Hotsel Fee TXN95981,10084.31,education,2026-08-03 13:16:00
7,AIRTEL PREPAID REF3965,296.11,recharge,2026-08-03 20:10:00
7,EXAM FEE PAYMENT/UPI/2,840.93,education,2026-08-04 06:02:00
7,EXAM FEE PAYMENT/UIP/2,840.93,education,2026-08-04 06:02:00
7,pG rEnT pAYmEnt REF4890,4050.47,rent,2026-08-04 11:27:00
7,lanDLOrd trAsnFeR/UPI/243096531,5345.19,rent,2026-08-04 16:32:00
7,PG RENT PAYMENT*ORD769171,6584.78,rent,2026-08-04 18:28:00
7,PG RNET PAYMEN*ORRD769171,6584.78,rent,2026-08-04 18:28:00
7,NETFLIX*ORD396669,340.88,entertainment,2026-08-05 10:34:00
7,Vi pREPaid,224.93,transport,2026-08-05 13:29:00
7,Wifi Bill REF1341,212.7,recharge,2026-08-06 11:22:00
7,AJIO TXN38210,784.3,shopping,2026-08-07 22:12:00
7,AJIO TX38210,784.3,shopping,2026-08-07 22:12:00
7,UDEMY,797.73,education,2026-08-08 09:28:00
7,UDEMY,797.73,education,2026-08-08 09:28:00
7,pARKIng Fee,261.34,transport,2026-08-08 11:30:00
7,pARIKng Fee,261.34,transport,2026-08-08 11:30:00
7,Meesho,1414.23,shopping,2026-08-08 14:39:00
7,eMeeso,1414.23,shopping,2026-08-08 14:39:00
7,Uber REF8896,156.84,transport,2026-08-09 20:00:00
7,Uber EF8896,156.84,transport,2026-08-09 20:00:00
7,VI PREPAID/UPI/879847825,372.36,recharge,2026-08-10 16:38:00
7,Wifi Bill,292.39,recharge,2026-08-12 08:14:00
7,Netflix*ORD690717,260.74,entertainment,2026-08-14 19:34:00
7,WIFI BILL TXN53458,491.1,recharge,2026-08-15 08:38:00
7,WIFI BILL TN533458,491.1,recharge,2026-08-15 08:38:00
7,Swiggy Instamart TXN,523.1,food,2026-08-15 21:49:00
7,Swiggy Instamart TXN,523.1,food,2026-08-15 21:49:00
7,SWIGGY,129.91,food,2026-08-24 08:30:00
7,SWIGGY,129.91,food,2026-08-24 08:30:00
7,wiFI bILL REF2264,162.54,recharge,2026-08-25 14:02:00
7,UPI-ROOMMATE SPLIT-4708@okaxis,372.41,misc,2026-08-26 12:33:00
7,nEtFLiX*ORD183715,79.0,entertainment,2026-08-28 09:27:00
7,nEtFLiX*ORRD183715,79.0,entertainment,2026-08-28 09:27:00
7,UPI-UNKNOWN UPI-9811@okaxis,769.39,misc,2026-08-28 10:20:00
7,NETFLIX,79.0,entertainment,2026-08-28 15:55:00
7,NETFILX,79.0,entertainment,2026-08-28 15:55:00
8,Spotify/UPI/171912620,246.69,entertainment,2026-04-01 06:34:00
8,SpotifyU/PI/171912620,246.69,entertainment,2026-04-01 06:34:00
8,EXAM FEE PAYMENT,50.0,education,2026-04-01 07:45:00
8,Metro Card Rec,20.0,transport,2026-04-01 12:44:00
8,Metro Card Rce,20.0,transport,2026-04-01 12:44:00
8,ZOMATO REF6638,393.36,food,2026-04-01 23:51:00
8,IRCTC REF5011,462.2,transport,2026-04-02 08:19:00
8,IRCC RREF5011,462.2,transport,2026-04-02 08:19:00
8,Meesho,1484.95,shopping,2026-04-02 10:22:00
8,Mesho,1484.95,shopping,2026-04-02 10:22:00
8,COuRsERa REF7496,959.55,education,2026-04-02 12:57:00
8,COuRsER aREF7496,959.55,education,2026-04-02 12:57:00
8,Dominos,263.24,food,2026-04-02 14:31:00
8,laNDLORD trAnSfer,7972.42,rent,2026-04-02 17:54:00
8,laNDLORD tAnSfer,7972.42,rent,2026-04-02 17:54:00
8,COURSeRa/UPI/245576909,50.0,education,2026-04-02 20:10:00
8,COURSeRa/UPI/2455776909,50.0,education,2026-04-02 20:10:00
8,laNDlord TRANSFEr/UPI/866361755,7629.3,rent,2026-04-02 23:02:00
8,laNDlord RANSFEr/PUI/866361755,7629.3,rent,2026-04-02 23:02:00
8,UPI-MESS SECRETARY-9611@okaxis,79.26,misc,2026-04-03 11:53:00
8,P gRent Payment,6343.81,rent,2026-04-03 13:03:00
8,Jio Recharge,509.04,recharge,2026-04-03 17:33:00
8,pG reNt paYMent,6818.58,rent,2026-04-03 20:18:00
8,Netflix,359.49,entertainment,2026-04-04 13:09:00
8,DOMINOS RE,275.96,food,2026-04-04 18:05:00
8,Ola,20.0,transport,2026-04-04 21:44:00
8,Ola,20.0,transport,2026-04-04 21:44:00
8,SWIGGY,302.09,food,2026-04-05 07:03:00
8,SWGGY,302.09,food,2026-04-05 07:03:00
8,Pg Rent Payment TXN31816,5668.76,food,2026-04-05 08:33:00
8,RAPIDO*ORD941,240.4,transport,2026-04-05 11:27:00
8,Pg Rent Pa,5822.65,rent,2026-04-05 20:03:00
8,Pg Rnet Pa,5822.65,rent,2026-04-05 20:03:00
8,PG RENT PAYMENT,7022.03,rent,2026-04-05 22:48:00
8,Petrol Pump,230.78,transport,2026-04-06 08:07:00
8,NAmma MetRO REF43,133.39,transport,2026-04-06 16:54:00
8,Uber Moto*ORD218304,124.92,transport,2026-04-08 08:55:00
8,Namma Metro,304.77,transport,2026-04-08 17:14:00
8,UBER,195.74,transport,2026-04-08 22:54:00
8,aJIo/UPI/9,847.34,shopping,2026-04-09 06:02:00
8,Redbus TXN28095,178.89,transport,2026-04-09 08:12:00
8,VI PREPAID REF3044,283.7,recharge,2026-04-10 14:32:00
8,Jio REcHArgE REF1,358.36,recharge,2026-04-10 23:12:00
8,PrIme vIdeo*ORD950519,88.53,entertainment,2026-04-11 14:35:00
8,PrIme vIde*ORD905519,88.53,entertainment,2026-04-11 14:35:00
8,UPI-UNKNOWN UPI-6915@okaxis,1323.28,misc,2026-04-14 09:03:00
8,FlIPKaRT*ORD399934,224.74,shopping,2026-04-15 23:32:00
8,Amazon TXN7781,100.0,shopping,2026-04-16 07:05:00
8,Amazzon TXN7871,100.0,shopping,2026-04-16 07:05:00
8,zOmAto,458.31,food,2026-04-17 06:36:00
8,zOmAot,458.31,food,2026-04-17 06:36:00
8,Mess Fee,222.98,food,2026-04-18 13:28:00
8,Mess ee,222.98,food,2026-04-18 13:28:00
8,UPI-ROOMMATE SPLIT-6749@okaxis,50.0,misc,2026-04-19 19:55:00
8,CFAE COFFEE DA,145.99,food,2026-04-19 23:07:00
8,CFAE COFFEEE DA,145.99,food,2026-04-19 23:07:00
8,Ajio,359.74,shopping,2026-04-20 09:16:00
8,Ajio,359.74,shopping,2026-04-20 09:16:00
8,ubER moTO,217.86,transport,2026-04-20 09:30:00
8,Myntra*ODR461738,944.29,shopping,2026-04-22 08:21:00
8,Dominos,128.81,shopping,2026-04-23 11:11:00
8,JIO RECHARGE,190.05,recharge,2026-04-23 23:55:00
8,UPI-UNKNOWN UPI-4008@okaxis,74.3,misc,2026-04-25 09:00:00
8,UPI-FRIEND REPAYMENT-8231@okaxis,805.03,misc,2026-04-26 10:34:00
8,SPOTIFY TXN11045,159.9,entertainment,2026-04-27 16:52:00
8,Vi PREpAid REF7834,194.08,recharge,2026-04-27 17:14:00
8,dOMINOs TXN41354,500.85,food,2026-05-01 06:50:00
8,dOMINOs TXN41354,500.85,food,2026-05-01 06:50:00
8,College Fee Portal TXN90824,876.56,education,2026-05-01 11:00:00
8,College Fee Portal TXN98024,876.56,education,2026-05-01 11:00:00
8,HOTSTAR REF1746,79.0,entertainment,2026-05-01 13:54:00
8,CITY BUS PASS/UPI/739822046,221.1,transport,2026-05-01 18:19:00
8,CITY UBS PASS/UPI/739822046,221.1,transport,2026-05-01 18:19:00
8,BOOKMYSHOW,167.6,entertainment,2026-05-01 22:40:00
8,LANDLORD TRANSFER/UIP/975027376,5879.18,rent,2026-05-02 06:36:00
8,BOOKMYSHOW TXN94698,79.0,entertainment,2026-05-02 07:17:00
8,hOStel fEE,4000.0,education,2026-05-02 07:56:00
8,Vi Prepaid*ORD301934,194.17,recharge,2026-05-02 08:10:00
8,Prime Video TXN84039,79.0,entertainment,2026-05-02 10:29:00
8,meSs fEE/UPI5/00159634,508.61,food,2026-05-02 11:25:00
8,Coursera*OR,82.57,education,2026-05-02 11:30:00
8,Coursera*OR,82.57,education,2026-05-02 11:30:00
8,UPI-PRIYA S-1499@okaxis,50.0,misc,2026-05-02 14:10:00
8,pRiMe vidEO TXN90045,149.45,entertainment,2026-05-02 21:26:00
8,lanDlord trANsfeR TXN98095,9270.17,rent,2026-05-02 21:53:00
8,lanDlord trANsfeR TN98095,9270.17,rent,2026-05-02 21:53:00
8,MESS FEE,56.21,food,2026-05-02 21:53:00
8,UPI-MESS SECRETARY-6564@okaxis,50.0,misc,2026-05-02 22:58:00
8,ajio REF4769,884.39,shopping,2026-05-03 14:11:00
8,PG RENT PAYMENT*ORD561105,5795.23,rent,2026-05-03 15:43:00
8,PG renT PAyMEnT REF3953,6967.95,education,2026-05-03 16:50:00
8,aIRtEL PrepAID*ORD233310,99.0,recharge,2026-05-03 19:11:00
8,ZOMATO/UPI/1,145.42,food,2026-05-04 06:44:00
8,hoStEl fee,6593.31,rent,2026-05-04 12:12:00
8,hoStE  efe,6593.31,rent,2026-05-04 12:12:00
8,Myntra/UPI/327919454,1263.47,shopping,2026-05-04 17:37:00
8,Myntra/UPI/327919454,1263.47,shopping,2026-05-04 17:37:00
8,Hostel Fee,6817.38,rent,2026-05-04 18:43:00
8,Printout Shop*ORD727293,593.9,education,2026-05-04 20:07:00
8,Prntout Sho*pORD727293,593.9,education,2026-05-04 20:07:00
8,BOOKMYSHOW*ORD744913,401.63,entertainment,2026-05-04 21:12:00
8,Exam Fee Payment,50.0,education,2026-05-04 21:40:00
8,MEESHO TX9N5852,998.19,shopping,2026-05-04 22:11:00
8,HOSTEL FEE TXN16600,7946.22,rent,2026-05-05 06:01:00
8,OHSTEL FEE TXN16600,7946.22,rent,2026-05-05 06:01:00
8,UPI-PRIYA S-5439@okaxis,486.57,misc,2026-05-05 08:33:00
8,HOSTEL FEE*ORD511475,9239.03,rent,2026-05-05 13:43:00
8,UDEMY REF456,484.53,education,2026-05-05 16:48:00
8,UDEMY REF46,484.53,education,2026-05-05 16:48:00
8,UPI-MESS SECRETARY-6483@okaxis,50.0,misc,2026-05-05 19:05:00
8,UPI-UNKNOWN UPI-9384@okaxis,324.67,misc,2026-05-06 09:21:00
8,IrCtc/UPI/566193554,295.0,education,2026-05-06 11:47:00
8,Uber/UPI/249539129,83.86,transport,2026-05-06 18:35:00
8,SwigGy,468.12,food,2026-05-06 19:05:00
8,boOkmySHOw TXN58638,193.26,entertainment,2026-05-06 22:42:00
8,obOkmySHOw TXN58638,193.26,entertainment,2026-05-06 22:42:00
8,EMSS FEE,245.84,food,2026-05-07 07:14:00
8,EMSS EE,245.84,food,2026-05-07 07:14:00
8,Wifi Bill*ORD347807,528.11,recharge,2026-05-07 08:11:00
8,VI PREPAID,99.0,recharge,2026-05-07 14:33:00
8,VI PREAID,99.0,recharge,2026-05-07 14:33:00
8,spOtiFy,150.95,entertainment,2026-05-07 14:54:00
8,vi PrePaid,413.31,recharge,2026-05-07 17:50:00
8,Spotify*ORD331457,146.03,entertainment,2026-05-08 07:24:00
8,COURSERA REF41,106.69,education,2026-05-08 09:43:00
8,WiFi biLL REF1,216.03,recharge,2026-05-08 10:38:00
8,AMAZON,423.39,shopping,2026-05-08 14:24:00
8,Netflix*ORD18,164.98,entertainment,2026-05-08 19:54:00
8,COURSERA,576.13,education,2026-05-08 20:59:00
8,UBER,95.15,transport,2026-05-08 22:49:00
8,SPOTIFY,235.1,entertainment,2026-05-08 23:39:00
8,Parking Fee REF7693,272.89,transport,2026-05-09 06:32:00
8,CAMPUS CANTEEN,40.0,food,2026-05-09 06:57:00
8,Meesho,150.81,shopping,2026-05-09 20:32:00
8,Meeho,150.81,shopping,2026-05-09 20:32:00
8,Ajio/UPI/966467402,800.9,shopping,2026-05-09 21:01:00
8,ajIO REF6405,1127.65,shopping,2026-05-09 21:59:00
8,PRIME VIDEO,79.0,entertainment,2026-05-10 08:01:00
8,VI PREPAID*ORD443213,207.8,recharge,2026-05-10 14:55:00
8,vi pREpAiD,327.39,recharge,2026-05-11 09:39:00
8,vi PrEpAID/UPI/632983529,382.61,recharge,2026-05-11 17:47:00
8,UPI-UNKNOWN UPI-6762@okaxis,50.0,misc,2026-05-12 15:08:00
8,Irctc TXN97027,77.73,transport,2026-05-12 17:11:00
8,IrrctcTXN97027,77.73,transport,2026-05-12 17:11:00
8,UPI-ROOMMATE SPLIT-1719@okaxis,577.24,misc,2026-05-13 08:51:00
8,Swiggy,435.9,food,2026-05-13 09:48:00
8,Sigyg,435.9,food,2026-05-13 09:48:00
8,Swiggy Instamart,452.58,food,2026-05-13 10:02:00
8,VI PREPAID TXN609,360.53,recharge,2026-05-13 22:04:00
8,VI PREPAD TXN609,360.53,recharge,2026-05-13 22:04:00
8,UDEMY*ORD321521,1325.95,education,2026-05-13 22:32:00
8,UDDEMY*ORD321521,1325.95,education,2026-05-13 22:32:00
8,Jio Recharge*ORD289923,106.08,recharge,2026-05-14 10:53:00
8,Ji Recharge*ORD289923,106.08,recharge,2026-05-14 10:53:00
8,UPI-RAHUL K-2090@okaxis,505.44,misc,2026-05-14 20:32:00
8,Printout Shop,311.44,education,2026-05-14 23:02:00
8,PETROL pUMp*ORD892512,129.58,transport,2026-05-15 12:05:00
8,rAPIDo/UPI/552807806,243.4,transport,2026-05-15 22:31:00
8,UPI-RAHUL K-1182@okaxis,285.74,misc,2026-05-16 10:47:00
8,UPI-PRIYA S-8468@okaxis,765.9,misc,2026-05-16 12:48:00
8,UPI-UNKNOWN UPI-2522@okaxis,50.0,misc,2026-05-16 14:21:00
8,UDEMY/UPI/905021918,50.0,education,2026-05-17 18:53:00
8,UPI-RAHUL K-8551@okaxis,113.59,misc,2026-05-18 13:44:00
8,NAMMA METRO/UPI/718587449,51.82,transport,2026-05-19 07:46:00
8,METRO CARD RECHARGE,149.6,transport,2026-05-19 13:43:00
8,Spotify TXN52431,79.0,entertainment,2026-05-19 23:54:00
8,aIRtel prEPaiD/UPI/838080015,433.16,recharge,2026-05-20 12:06:00
8,Ajio TX2N2599,1033.04,shopping,2026-05-20 14:57:00
8,Wifi Bill*ORD313686,260.05,recharge,2026-05-20 22:55:00
8,UPI-PRIYA S-5162@okaxis,380.23,misc,2026-05-20 23:47:00
8,SWIGGY,216.15,food,2026-05-21 19:42:00
8,AIRTEL PREPAID TXN69910,337.31,recharge,2026-05-22 13:46:00
8,PRIME VIDEO,317.04,entertainment,2026-05-23 12:24:00
8,PRIM VIDEOO,317.04,entertainment,2026-05-23 12:24:00
8,UPI-PRIYA S-9454@okaxis,471.53,misc,2026-05-26 08:45:00
8,UPI-ROOMMATE SPLIT-3000@okaxis,759.45,misc,2026-05-26 14:35:00
8,UPI-FRIEND REPAYMENT-7249@okaxis,50.0,misc,2026-05-26 20:53:00
8,Vi Prepaid,532.69,recharge,2026-05-27 14:40:00
8,Vi Prpeaid,532.69,recharge,2026-05-27 14:40:00
8,CoURSera*ORD748149,50.0,education,2026-05-28 19:47:00
8,CoURSra*OORD748149,50.0,education,2026-05-28 19:47:00
8,Namma Metr,62.64,transport,2026-06-01 09:59:00
8,Namma Metr,62.64,transport,2026-06-01 09:59:00
8,UDEMY TXN88142,467.96,education,2026-06-01 18:31:00
8,LANDLORD TR,7484.62,entertainment,2026-06-02 14:39:00
8,Airtel Prepaid,238.32,recharge,2026-06-02 14:41:00
8,Airtell Prepaid,238.32,recharge,2026-06-02 14:41:00
8,UPI-PRIYA S-5155@okaxis,50.0,misc,2026-06-02 17:04:00
8,UPI-FRIEND REPAYMENT-8403@okaxis,493.89,misc,2026-06-02 19:26:00
8,COURSERA*ORD648984,144.19,education,2026-06-02 23:31:00
8,UPI-RAHUL K-3466@okaxis,1049.32,misc,2026-06-03 17:03:00
8,LANDLORD TRANSFER TXN40978,6621.47,rent,2026-06-04 07:57:00
8,LANDLOR DTRANSFER TXN4978,6621.47,rent,2026-06-04 07:57:00
8,Landlord Transfer,9437.02,rent,2026-06-04 12:20:00
8,LandlordTranssfer,9437.02,rent,2026-06-04 12:20:00
8,UPI-ROOMMATE SPLIT-8495@okaxis,138.54,misc,2026-06-04 22:48:00
8,JIO RECHARGE*ORD27,294.81,recharge,2026-06-04 23:57:00
8,UPI-ROOMMATE SPLIT-2334@okaxis,327.14,misc,2026-06-04 23:59:00
8,Pg rENT paYMent,6562.28,rent,2026-06-05 07:08:00
8,Pg rENT paYMent,6562.28,rent,2026-06-05 07:08:00
8,caMpus cAnTEEn,168.62,food,2026-06-05 15:46:00
8,SWIGGY INSTAMART,69.9,food,2026-06-05 16:37:00
8,SPOTIFY/UPI,198.4,entertainment,2026-06-05 20:26:00
8,Uber REF6402,20.0,transport,2026-06-07 12:12:00
8,Dominos,346.55,food,2026-06-07 12:53:00
8,Domons,346.55,food,2026-06-07 12:53:00
8,UPI-ROOMMATE SPLIT-5241@okaxis,166.09,misc,2026-06-07 15:28:00
8,ZOMATO REF97,281.12,food,2026-06-07 19:42:00
8,Hotstar/UPI/994281308,79.0,entertainment,2026-06-07 20:47:00
8,Hotstar/UPI/994281308,79.0,entertainment,2026-06-07 20:47:00
8,irCtC,152.5,transport,2026-06-07 21:22:00
8,jiO REcHARGE,728.97,recharge,2026-06-07 22:12:00
8,UPI-FRIEND REPAYMENT-8434@okaxis,812.41,misc,2026-06-08 18:51:00
8,MyntRA,327.02,shopping,2026-06-09 14:24:00
8,nAMMa METRO TXN90363,28.83,transport,2026-06-09 23:04:00
8,jiO RecHargE/UPI/354782376,99.0,recharge,2026-06-10 18:54:00
8,PRINTOUT SHOP REF4799,951.54,education,2026-06-11 12:17:00
8,cOurSEra,50.0,education,2026-06-11 12:34:00
8,curSEra,50.0,education,2026-06-11 12:34:00
8,SWIGGY INSTAMART TXN44536,244.7,food,2026-06-11 22:11:00
8,UPI-FRIEND REPAYMENT-1195@okaxis,121.07,misc,2026-06-12 23:36:00
8,SWIGGY*ORD853148,232.06,food,2026-06-13 06:21:00
8,PaRkiNG feE REF6466,396.9,transport,2026-06-13 13:03:00
8,UPI-PRIYA S-6255@okaxis,711.98,misc,2026-06-13 16:34:00
8,NAMMA METR,224.3,transport,2026-06-13 17:15:00
8,NAMM METR,224.3,transport,2026-06-13 17:15:00
8,EXAM FEE PAYMENT REF5156,50.0,education,2026-06-14 12:15:00
8,BooKmYshoW/UPI/339713698,107.59,entertainment,2026-06-14 21:49:00
8,BooKmYshoW/UPI/339713698,107.59,entertainment,2026-06-14 21:49:00
8,College Fee Portal,1089.07,education,2026-06-15 11:21:00
8,UPI-RAHUL K-1153@okaxis,50.0,misc,2026-06-15 21:54:00
8,Vi Prepaid,222.93,recharge,2026-06-16 18:20:00
8,sWIGGY,40.0,food,2026-06-16 20:31:00
8,JIO RECHARGE,382.47,recharge,2026-06-17 22:06:00
8,JIORECHARGE,382.47,recharge,2026-06-17 22:06:00
8,UPI-RAHUL K-6413@okaxis,732.02,misc,2026-06-18 15:12:00
8,AMAzOn/UPI/714810201,1337.44,shopping,2026-06-18 15:21:00
8,AMAOzn/UPI/7148102201,1337.44,shopping,2026-06-18 15:21:00
8,dOMinoS/UPI/400048778,104.14,food,2026-06-19 13:03:00
8,nETfLIx TX,79.0,entertainment,2026-06-20 09:09:00
8,FLIPKART,558.55,shopping,2026-06-20 18:35:00
8,FILPKAART,558.55,shopping,2026-06-20 18:35:00
8,College Fee Protal TX,50.0,education,2026-06-23 15:26:00
8,UPI-MESS SECRETARY-2527@okaxis,50.0,misc,2026-06-23 20:00:00
8,UPI-RAHUL K-4149@okaxis,641.11,misc,2026-06-28 23:44:00
8,sWIggY iNSTaMARt,223.39,food,2026-07-01 06:32:00
8,UEDMY,908.45,education,2026-07-01 08:20:00
8,UdeMY,1539.93,education,2026-07-01 11:19:00
8,ZoMaTO TXN83024,193.8,food,2026-07-01 13:19:00
8,ZoMaTO TXN8324,193.8,food,2026-07-01 13:19:00
8,UPI-RAHUL K-5165@okaxis,583.78,misc,2026-07-01 15:13:00
8,MESS FEE,508.75,food,2026-07-01 21:28:00
8,WIFI BILL,178.76,recharge,2026-07-01 22:51:00
8,WIFIB ILL,178.76,recharge,2026-07-01 22:51:00
8,HOSTEL FEE,8497.47,education,2026-07-02 07:14:00
8,PG RETN PAYMENT,8825.74,rent,2026-07-02 15:43:00
8,PPG RET PAMYENT,8825.74,rent,2026-07-02 15:43:00
8,myNTra REF4001,346.09,shopping,2026-07-02 23:51:00
8,PG RENT PAYMENT,7486.54,transport,2026-07-03 11:02:00
8,PG RENT PYAMENT,7486.54,transport,2026-07-03 11:02:00
8,amAzon REF37,146.73,shopping,2026-07-03 22:03:00
8,amAzon REF7,146.73,shopping,2026-07-03 22:03:00
8,DOMINOS,358.0,food,2026-07-03 22:58:00
8,COLLEGE FE,50.0,education,2026-07-03 23:29:00
8,Pg Rent Paymen,5644.45,rent,2026-07-04 08:09:00
8,College Fee Portal TXN42546,645.89,education,2026-07-04 09:39:00
8,College Fe Portal TXN42546,645.89,education,2026-07-04 09:39:00
8,Pg reNt PaYMeNT REF7820,6963.71,rent,2026-07-04 15:40:00
8,UPI-ROOMMATE SPLIT-7316@okaxis,432.79,misc,2026-07-04 21:53:00
8,Landlord Transfer REF7771,6352.57,rent,2026-07-04 23:36:00
8,Landlrd Transfer REF7771,6352.57,rent,2026-07-04 23:36:00
8,HOSTEL FEE,5231.44,rent,2026-07-05 07:16:00
8,PG RENT PAYMENT TXN60101,7605.6,rent,2026-07-05 08:15:00
8,PG RENT PAYEMNT TXN60101,7605.6,rent,2026-07-05 08:15:00
8,Jio Recharge*ORD140425,180.31,recharge,2026-07-05 08:55:00
8,PRINTOUT SHOP/UPI/191453698,255.25,education,2026-07-05 10:38:00
8,PRINTOUT SHOP,1065.82,education,2026-07-05 11:50:00
8,PRINTOUT HHOP,1065.82,education,2026-07-05 11:50:00
8,Landlord Transfer*O,9281.97,rent,2026-07-05 14:33:00
8,FLIPKART REF7932,1298.5,shopping,2026-07-05 18:53:00
8,Campus Cantee,71.26,food,2026-07-05 22:25:00
8,ZOMATO,283.33,food,2026-07-06 10:49:00
8,ZOMTAO,283.33,food,2026-07-06 10:49:00
8,CAfE COffee dAY*ORD891601,279.3,food,2026-07-06 22:41:00
8,nETFLIX REF5182,79.0,entertainment,2026-07-07 15:14:00
8,EXAM FEE PAYMEN/TUPI/373649419,320.42,education,2026-07-07 16:48:00
8,Airtel Prepaid,148.34,recharge,2026-07-07 21:14:00
8,IJO RECHARGE TXN73124,540.84,recharge,2026-07-08 07:44:00
8,ZOMATO*ORD631164,582.54,food,2026-07-08 14:15:00
8,NAMMA METRO,189.1,transport,2026-07-08 14:41:00
8,UDEMY TXN74722,610.38,education,2026-07-08 17:13:00
8,wifI BilL*ORD444061,280.17,recharge,2026-07-08 17:32:00
8,Campus Canteen REF9142,417.71,food,2026-07-08 18:36:00
8,Campus Canteen EF9142,417.71,food,2026-07-08 18:36:00
8,JIo recHargE/UPI/932039746,338.0,recharge,2026-07-08 21:05:00
8,PRIME VIDEO/UPI/562897965,422.31,entertainment,2026-07-08 21:21:00
8,PRMIE VIDEO/UPI/562897965,422.31,entertainment,2026-07-08 21:21:00
8,WIIF BILL*ORD895753,380.69,recharge,2026-07-09 22:04:00
8,WIIF BILL*ORD895753,380.69,recharge,2026-07-09 22:04:00
8,hoTstAR/UPI/85991021,124.98,entertainment,2026-07-10 15:06:00
8,Flipkart,1308.56,shopping,2026-07-10 17:14:00
8,Flipkart,1308.56,shopping,2026-07-10 17:14:00
8,Myntra*ORD525827,1308.8,shopping,2026-07-10 23:24:00
8,AMAZON*ORD146999,638.57,shopping,2026-07-11 21:10:00
8,AMAZONORD146999,638.57,shopping,2026-07-11 21:10:00
8,Uber REF8697,170.22,transport,2026-07-12 08:38:00
8,Vi pRePaID,99.0,recharge,2026-07-12 10:14:00
8,Jio Recharge*ORD282069,327.09,recharge,2026-07-12 11:38:00
8,Jio Recharg*ORD282069,327.09,recharge,2026-07-12 11:38:00
8,DomInOS*ORD602138,279.96,food,2026-07-12 15:15:00
8,CIty buS pasS/UPI/847314813,114.55,transport,2026-07-12 16:06:00
8,aiRtEl pRepAid,268.96,recharge,2026-07-12 17:22:00
8,COURSERA REF9388,507.75,education,2026-07-13 08:05:00
8,EXAM FEE PAYMENT,780.83,education,2026-07-13 21:27:00
8,amAzOn REF5655,100.0,shopping,2026-07-14 21:26:00
8,NETFLIX REF66,131.65,entertainment,2026-07-14 22:01:00
8,NETFLIX EF66,131.65,entertainment,2026-07-14 22:01:00
8,Hotstar,121.24,entertainment,2026-07-14 23:48:00
8,RApIdo REF5512,219.56,transport,2026-07-15 06:43:00
8,Airtel Prepaid*ORD19776,428.15,recharge,2026-07-15 07:02:00
8,Airtel Preapid*ORD19776,428.15,recharge,2026-07-15 07:02:00
8,PARKING FEE ,190.62,transport,2026-07-15 08:04:00
8,PARKING FE E,190.62,transport,2026-07-15 08:04:00
8,PRINTOUT SHOP*ORD334012,1064.25,education,2026-07-15 09:16:00
8,PRINTOUT SHOP*OD334012,1064.25,education,2026-07-15 09:16:00
8,PRINTOUT SHOP*ORD473639,803.54,education,2026-07-15 14:30:00
8,PRINTOUT SHOP*RD473639,803.54,education,2026-07-15 14:30:00
8,Netflix*ORD326253,144.16,entertainment,2026-07-15 14:56:00
8,Netflix*ORD322653,144.16,entertainment,2026-07-15 14:56:00
8,priNTOUt SHOP TXN25252,693.51,education,2026-07-16 08:04:00
8,Netflix REF612,262.01,entertainment,2026-07-16 08:55:00
8,coURseRa/UPI/651116857,50.0,education,2026-07-16 18:48:00
8,coRseRa/UPI/6551116857,50.0,education,2026-07-16 18:48:00
8,amaZOn/UPI/377696119,1219.94,food,2026-07-16 21:03:00
8,Udemy/UPI/1241654,327.77,education,2026-07-17 11:11:00
8,MYNTRA/UPI/883000444,397.61,shopping,2026-07-18 07:15:00
8,IRCTC REF9317,173.33,transport,2026-07-18 15:51:00
8,Jio Recharge REF7442,99.95,recharge,2026-07-19 08:56:00
8,Jio Recharge REF7424,99.95,recharge,2026-07-19 08:56:00
8,CaFE coffEe daY ,70.55,food,2026-07-20 07:38:00
8,Meesho,1070.31,shopping,2026-07-20 15:07:00
8,Amazon/UPI/46602673,150.35,shopping,2026-07-20 17:17:00
8,Amzon/UPI4/6602673,150.35,shopping,2026-07-20 17:17:00
8,IRCTC/UPI/896208139,107.62,transport,2026-07-20 23:09:00
8,IRCCT/UPI/896208139,107.62,transport,2026-07-20 23:09:00
8,WIFI BILL,292.49,recharge,2026-07-25 17:37:00
8,WIFI BIILL,292.49,recharge,2026-07-25 17:37:00
8,meEShO,590.97,shopping,2026-07-26 12:26:00
8,meeEhO,590.97,shopping,2026-07-26 12:26:00
8,Cafe Coffee Day TXN780,386.23,food,2026-07-26 19:34:00
8,Cafee CoffeeD ay TXN780,386.23,food,2026-07-26 19:34:00
8,AIRTEL PREPAID*ORD948365,211.16,recharge,2026-07-26 21:01:00
8,UPI-UNKNOWN UPI-6006@okaxis,376.2,misc,2026-07-27 23:46:00
8,UPI-FRIEND REPAYMENT-2832@okaxis,85.87,misc,2026-07-28 08:55:00
8,ZOMATO,208.85,food,2026-07-28 16:26:00
8,UPI-ROOMMATE SPLIT-4622@okaxis,263.79,misc,2026-07-28 21:45:00
8,CAFE COFFEE DAY,306.15,food,2026-08-01 08:21:00
8,UPI-FRIEND REPAYMENT-5134@okaxis,1168.38,misc,2026-08-01 21:21:00
8,Netfilx,164.33,entertainment,2026-08-01 22:01:00
8,Netfilx,164.33,entertainment,2026-08-01 22:01:00
8,LANDLORD TRANSFER/UPI/473678881,8501.57,rent,2026-08-02 19:01:00
8,aJio*ORD684536,116.1,shopping,2026-08-02 22:58:00
8,Pg ReNT PayMeNT,4000.0,rent,2026-08-03 06:43:00
8,Pg ReNT PayMeNT,4000.0,rent,2026-08-03 06:43:00
8,Pg Rent Pamy,8016.81,rent,2026-08-03 07:18:00
8,Pg Rent amy,8016.81,rent,2026-08-03 07:18:00
8,AJIO,123.16,shopping,2026-08-03 16:15:00
8,AJIO,123.16,shopping,2026-08-03 16:15:00
8,UPI-UNKNOWN UPI-3653@okaxis,978.02,misc,2026-08-03 21:40:00
8,lanDlorD tRAnSFeR TXN94397,7357.55,transport,2026-08-04 06:44:00
8,Swiggy TXN89932,291.83,food,2026-08-04 08:06:00
8,PG renTp AYmEnt TXN17184,7751.64,rent,2026-08-04 13:01:00
8,UPI-PRIYA S-3138@okaxis,349.28,misc,2026-08-04 20:02:00
8,PRINtout shop REF3231,1367.37,shopping,2026-08-04 22:27:00
8,Hostel Fee*ORD156317,7284.37,education,2026-08-05 08:58:00
8,HOsTEl FEe REF9580,8462.8,rent,2026-08-05 12:45:00
8,Udemy*ORD580259,971.72,education,2026-08-05 20:11:00
8,uBEr/UPI/756296671,108.08,transport,2026-08-06 12:36:00
8,Swiggy/UPI/104600113,159.03,food,2026-08-06 22:24:00
8,Swiggy/UPI/104001133,159.03,food,2026-08-06 22:24:00
8,UPI-PRIYA S-9061@okaxis,317.44,misc,2026-08-07 22:43:00
8,SPOTIfY,154.68,entertainment,2026-08-08 16:12:00
8,SSOPTfY,154.68,entertainment,2026-08-08 16:12:00
8,ParkING fEe REF3791,123.18,transport,2026-08-09 10:37:00
8,MESS FEE,323.43,food,2026-08-09 13:17:00
8,MESS FEE,323.43,food,2026-08-09 13:17:00
8,NAMMA METRO,194.07,transport,2026-08-10 08:07:00
8,MEeSHo*ORD140834,640.29,shopping,2026-08-10 19:21:00
8,amaZOn,100.0,shopping,2026-08-10 21:21:00
8,amZOn,100.0,shopping,2026-08-10 21:21:00
8,JIO rECHARGE REF7751,326.68,recharge,2026-08-12 08:44:00
8,swiGGy iNStamarT*ORD815997,144.97,food,2026-08-12 12:50:00
8,Cafe Coffee Da,372.04,food,2026-08-12 16:04:00
8,Myntra/UPI/924805885,1125.15,shopping,2026-08-12 23:13:00
8,amAzON/UPI/355435539,1049.97,shopping,2026-08-12 23:21:00
8,amAzO/UPI/3554355539,1049.97,shopping,2026-08-12 23:21:00
8,VI Prepaid/UPI/324519120,99.0,recharge,2026-08-13 15:17:00
8,UPI-RAHUL K-6900@okaxis,50.0,misc,2026-08-14 11:58:00
8,Amazon REF7355,498.41,transport,2026-08-14 18:41:00
8,UPI-UNKNOWN UPI-3167@okaxis,201.58,misc,2026-08-14 20:08:00
8,Bookmyshow REF5211,79.0,entertainment,2026-08-15 14:53:00
8,WIFI BILL,151.89,recharge,2026-08-15 15:47:00
8,UPI-PRIYA S-1866@okaxis,520.59,misc,2026-08-15 17:15:00
8,ZOMATO,89.04,food,2026-08-16 09:02:00
8,ZMATO,89.04,food,2026-08-16 09:02:00
8,UPI-PRIYA S-5567@okaxis,955.99,misc,2026-08-17 08:07:00
8,UPI-MESS SECRETARY-4802@okaxis,229.65,misc,2026-08-17 08:55:00
8,RAPIDO TXN7837,246.97,transport,2026-08-18 12:59:00
8,Swiggy Instamart*ORD356421,183.66,food,2026-08-18 21:45:00
8,UPI-ROOMMATE SPLIT-5082@okaxis,825.97,misc,2026-08-19 14:16:00
8,Printout Shop REF1080,317.53,education,2026-08-19 18:38:00
8,ciTY BUS PasS,370.58,transport,2026-08-20 08:58:00
8,ciTYBUS PasS,370.58,transport,2026-08-20 08:58:00
8,UPI-UNKNOWN UPI-6725@okaxis,330.17,misc,2026-08-20 15:27:00
8,MyNTRa*ORD79278,1505.31,shopping,2026-08-20 20:03:00
8,Prime Vide,190.51,entertainment,2026-08-22 08:14:00
8,Prime Vide,190.51,entertainment,2026-08-22 08:14:00
8,Airtel Prepaid,456.05,recharge,2026-08-22 21:16:00
8,Airtel Perpaid,456.05,recharge,2026-08-22 21:16:00
8,UPI-RAHUL K-8624@okaxis,50.0,misc,2026-08-23 15:55:00
8,UPI-MESS SECRETARY-8840@okaxis,596.85,misc,2026-08-27 17:50:00
8,Netflix/UPI/49,354.28,recharge,2026-08-27 23:35:00
9,UDemy TXN86945,560.28,education,2026-04-01 06:05:00
9,pG Rent payment REF7144,4295.29,rent,2026-04-02 12:19:00
9,pG Rent paymnt REF7144,4295.29,rent,2026-04-02 12:19:00
9,RedBuS/UPI/144838190,140.03,transport,2026-04-02 14:47:00
9,HOsTEl fee*ORD814276,9851.79,rent,2026-04-02 16:17:00
9,UPI-FRIEND REPAYMENT-5943@okaxis,658.74,misc,2026-04-02 16:55:00
9,LANDLORD TRANSFER TXN34636,7031.97,rent,2026-04-02 23:42:00
9,hOStELf eE*ORD222701,5872.05,rent,2026-04-03 11:54:00
9,hOStELf eE*ORD2222701,5872.05,rent,2026-04-03 11:54:00
9,pg rENT payMeNT,5937.39,rent,2026-04-03 12:46:00
9,Landlord Transfer*ORD414984,6521.42,rent,2026-04-03 13:55:00
9,Udemy,937.02,education,2026-04-03 14:00:00
9,Pg ReNT PayMeNt REF5354,4729.43,transport,2026-04-03 15:58:00
9,Pg ReTN PayMeNt REF5354,4729.43,transport,2026-04-03 15:58:00
9,PG RENT PAYMENT,6909.01,rent,2026-04-05 09:19:00
9,PG RENT PAYMENT,6909.01,rent,2026-04-05 09:19:00
9,PG RENT PAYMENT/UPI/124616875,5805.96,rent,2026-04-05 11:55:00
9,PG RENT APYMENT/UPI/124616875,5805.96,rent,2026-04-05 11:55:00
9,UBER MOTO REF1,112.89,transport,2026-04-05 17:20:00
9,Hostel Fee,8614.01,rent,2026-04-05 20:31:00
9,HostelFF ee,8614.01,rent,2026-04-05 20:31:00
9,JIO RECHARGE/UPI/778479569,99.0,recharge,2026-04-05 23:51:00
9,SWIGGY,116.05,food,2026-04-07 07:51:00
9,AMAZON TXN92663,707.51,shopping,2026-04-08 11:09:00
9,AMAZON TXN92663,707.51,shopping,2026-04-08 11:09:00
9,uDeMY/PUI/5,705.24,education,2026-04-08 15:42:00
9,CtIy buS paSs,20.0,transport,2026-04-08 18:16:00
9,PARKING FEE,159.89,transport,2026-04-10 09:11:00
9,Dominos/UPI/472284378,40.0,food,2026-04-11 20:03:00
9,Dminos/UPI/4722843378,40.0,food,2026-04-11 20:03:00
9,Amazon TXN92469,809.59,shopping,2026-04-12 13:23:00
9,Amzon TXN92496,809.59,shopping,2026-04-12 13:23:00
9,PRintout shOP,110.16,education,2026-04-14 10:29:00
9,PRintouts hhOP,110.16,education,2026-04-14 10:29:00
9,METRO CARD RECHARGE TXN69364,20.0,transport,2026-04-14 10:57:00
9,METRO CARD ERCHARGE TXN69364,20.0,transport,2026-04-14 10:57:00
9,ola AuTO REF1118,66.91,transport,2026-04-14 14:33:00
9,MeSS FeE,134.35,food,2026-04-15 08:10:00
9,UPI-UNKNOWN UPI-4922@okaxis,944.89,misc,2026-04-15 20:04:00
9,MYNTRA,1320.23,shopping,2026-04-15 21:57:00
9,BOOKMYSHOW/UPI/265209439,280.7,entertainment,2026-04-16 20:38:00
9,BOOKMYSHOWUPI/265209439,280.7,entertainment,2026-04-16 20:38:00
9,Bookmyshow TXN33055,211.98,entertainment,2026-04-16 20:45:00
9,Bookysshow TXN33055,211.98,entertainment,2026-04-16 20:45:00
9,sPoTIfy*ORD851356,155.98,entertainment,2026-04-17 23:00:00
9,UPI-UNKNOWN UPI-5725@okaxis,192.59,misc,2026-04-18 17:05:00
9,Ola Auto,20.0,transport,2026-04-18 23:50:00
9,UPI-UNKNOWN UPI-6535@okaxis,358.72,misc,2026-04-20 17:40:00
9,Redbus TXN79159,241.21,transport,2026-04-20 19:26:00
9,Campus Cantee,159.9,food,2026-04-24 14:24:00
9,Myntra,273.92,shopping,2026-04-24 14:39:00
9,eXAM Fee PAYmENt/UPI/559289592,50.0,education,2026-04-25 20:40:00
9,MYNTRA,100.0,shopping,2026-04-27 20:25:00
9,SWIGGY TXN90857,214.81,food,2026-04-28 06:09:00
9,PRINTOUT SHOP,50.0,education,2026-05-01 11:43:00
9,PRINTOUT SHOP,50.0,education,2026-05-01 11:43:00
9,hotsTar*ORD555503,286.23,entertainment,2026-05-01 17:23:00
9,AJIO*ORD327552,1055.4,shopping,2026-05-01 22:27:00
9,VI pRePaID/UPI/307684483,165.67,recharge,2026-05-02 12:22:00
9,mAazon,1166.27,rent,2026-05-02 15:18:00
9,mAazn,1166.27,rent,2026-05-02 15:18:00
9,Wifi Bill/UPI/384775347,245.02,recharge,2026-05-02 15:36:00
9,Namma Metro,317.1,transport,2026-05-03 08:31:00
9,HOsetl fEE,7542.26,rent,2026-05-03 11:48:00
9,LANDLORD TRANSFER*ORD168484,6081.34,food,2026-05-03 15:17:00
9,LANDLORD TRANSFFER*ORD16884,6081.34,food,2026-05-03 15:17:00
9,Hotstar TXN26720,118.38,entertainment,2026-05-03 17:31:00
9,HOSTEL FEE REF4530,8169.49,rent,2026-05-03 20:48:00
9,HOSTEL FEE REF4530,8169.49,rent,2026-05-03 20:48:00
9,JIO RECHARGE TXN22746,129.12,recharge,2026-05-03 23:38:00
9,PG RENT PAYMENT,6537.95,rent,2026-05-03 23:54:00
9,aiRtEl pREpa,218.78,recharge,2026-05-04 12:02:00
9,Petrol Pum,181.24,transport,2026-05-04 18:32:00
9,Peetrol Pum,181.24,transport,2026-05-04 18:32:00
9,PG RENT PAYMENT*ORD507684,9093.53,rent,2026-05-05 08:16:00
9,Hotstar TX,79.0,entertainment,2026-05-05 09:55:00
9,PG RENT PAYMENT/UPI/320744105,8965.46,rent,2026-05-05 10:22:00
9,Hostel Fee TXN60462,6677.62,rent,2026-05-05 14:54:00
9,Hostel Fee TXN60462,6677.62,rent,2026-05-05 14:54:00
9,Flipkart,870.97,shopping,2026-05-05 21:54:00
9,Flipkart,870.97,shopping,2026-05-05 21:54:00
9,Amazon,582.85,shopping,2026-05-05 21:58:00
9,cafE cofFee day/UPI/202924922,95.23,food,2026-05-06 09:56:00
9,NETFlIX*ORD777033,79.0,entertainment,2026-05-06 21:12:00
9,FLIPKART/UPI/,1213.35,shopping,2026-05-07 11:13:00
9,UPI-PRIYA S-5578@okaxis,806.28,misc,2026-05-07 12:04:00
9,Swiggy*ORD171610,279.81,food,2026-05-07 14:34:00
9,hOtSTAR,182.83,entertainment,2026-05-07 19:08:00
9,Netflix TXN39157,165.21,entertainment,2026-05-07 21:09:00
9,Netflix TXN39157,165.21,entertainment,2026-05-07 21:09:00
9,eXam fee PAyment,384.16,education,2026-05-07 21:16:00
9,vI pRePaId*ORD408599,99.0,recharge,2026-05-08 10:20:00
9,Siwggy REF3309,52.89,food,2026-05-08 23:22:00
9,Siwggy REF3039,52.89,food,2026-05-08 23:22:00
9,sWiggY,129.53,food,2026-05-09 07:07:00
9,metro Card ReChaRge/UPI/308124438,123.02,transport,2026-05-09 15:55:00
9,spOtIFy*ORD533434,79.0,entertainment,2026-05-09 20:47:00
9,Hotstar*OR6D86692,214.98,entertainment,2026-05-09 21:36:00
9,Hotstr*OR6D86692,214.98,entertainment,2026-05-09 21:36:00
9,CITY BUS PSAS TXN54770,119.99,transport,2026-05-10 07:09:00
9,uber REF1504,124.66,transport,2026-05-10 14:35:00
9,WIFI BILL/UIP/195883898,218.62,recharge,2026-05-10 16:23:00
9,Flipkar/tUP,100.0,shopping,2026-05-10 20:31:00
9,COLLEGE FEE PORTAL REF1187,455.71,education,2026-05-12 07:27:00
9,SWIGGY INSTAMART/UPI/411767255,360.08,food,2026-05-12 11:38:00
9,Myntra/UPI/970555903,1046.74,shopping,2026-05-12 12:26:00
9,PriNTOuT ShOP TXN35499,50.0,education,2026-05-12 13:35:00
9,PriNTOuT ShO PTXN35499,50.0,education,2026-05-12 13:35:00
9,CouRsEra REF7461,978.91,education,2026-05-12 23:30:00
9,CouRsrEa REF7461,978.91,education,2026-05-12 23:30:00
9,SWiGgy inSTAMART,468.54,food,2026-05-13 07:20:00
9,Exam Fee Payment,1369.35,education,2026-05-13 17:48:00
9,pRInToUt SHop/UPI/883184224,568.1,education,2026-05-13 18:43:00
9,Metro Card Recharge,31.54,transport,2026-05-14 06:34:00
9,Jio Recharge TXN45638,99.0,recharge,2026-05-14 23:06:00
9,CaFe cOfFEe Day,348.68,food,2026-05-15 08:02:00
9,CaFe cOfFEe Day,348.68,food,2026-05-15 08:02:00
9,IRCTC REF1575,159.22,transport,2026-05-16 20:37:00
9,Netflix,391.64,education,2026-05-16 20:43:00
9,MeEsho,734.33,shopping,2026-05-16 21:13:00
9,Myntra TXN76,1302.17,shopping,2026-05-17 12:15:00
9,yMntra TXN76,1302.17,shopping,2026-05-17 12:15:00
9,mEtro caRd rEChArGE*ORD945821,69.53,transport,2026-05-17 14:48:00
9,PRIME VIDEO/UPI/833254317,223.07,entertainment,2026-05-17 18:47:00
9,SpOtiFy TXN47486,322.97,entertainment,2026-05-17 19:18:00
9,SpOtiiFy XTN47486,322.97,entertainment,2026-05-17 19:18:00
9,UPI-ROOMMATE SPLIT-2661@okaxis,363.94,misc,2026-05-18 19:01:00
9,EXAM FEE PAYMENT,70.77,education,2026-05-18 22:40:00
9,Zomato,355.72,food,2026-05-19 07:52:00
9,UPI-PRIYA S-1689@okaxis,50.0,misc,2026-05-19 19:10:00
9,Wifi Bill*O,99.0,recharge,2026-05-20 16:00:00
9,Wif iBill**O,99.0,recharge,2026-05-20 16:00:00
9,UPI-PRIYA S-4604@okaxis,50.0,misc,2026-05-20 21:05:00
9,Ola,184.64,transport,2026-05-21 08:54:00
9,Ola,184.64,transport,2026-05-21 08:54:00
9,REDBus,63.7,transport,2026-05-21 23:52:00
9,UPI-RAHUL K-8777@okaxis,50.0,misc,2026-05-23 16:51:00
9,JIO RECHARGE,230.72,recharge,2026-05-24 16:40:00
9,JIO RECHRAGE,230.72,recharge,2026-05-24 16:40:00
9,jiO rECHaRGE/UPI/36361,266.28,recharge,2026-05-25 15:36:00
9,METRO CARD RECHARGE*ORD520823,20.0,transport,2026-05-25 16:07:00
9,METRO CARD RECHARGE*ORD520823,20.0,transport,2026-05-25 16:07:00
9,MetRO cARD ReCHarGe/,72.0,transport,2026-05-27 08:47:00
9,Aji oTXN92020,100.0,shopping,2026-05-27 19:52:00
9,Aji TXN92020,100.0,shopping,2026-05-27 19:52:00
9,reDBuS REF1346,134.25,transport,2026-05-28 13:25:00
9,PRINTOUT SHOP RE,782.83,recharge,2026-06-01 12:50:00
9,PRINOUT SHOP RE,782.83,recharge,2026-06-01 12:50:00
9,PG RENT PAYME,7554.46,rent,2026-06-02 12:02:00
9,Landlord Transf,8759.69,rent,2026-06-03 10:08:00
9,PG RENT PAYMENT TXN29994,7671.58,rent,2026-06-03 11:32:00
9,Oal Auto REF4312,215.55,transport,2026-06-03 15:37:00
9,Oal Auto REF41322,215.55,transport,2026-06-03 15:37:00
9,UPI-MESS SECRETARY-7291@okaxis,50.0,misc,2026-06-03 17:59:00
9,Landlord Transfer REF2719,6499.27,rent,2026-06-03 18:40:00
9,Pg rENt paYMe,6839.05,rent,2026-06-04 15:24:00
9,Coursera TXN22179,74.4,education,2026-06-04 20:26:00
9,PRIME VIDE,135.68,entertainment,2026-06-06 07:11:00
9,PRRIME IDE,135.68,entertainment,2026-06-06 07:11:00
9,UPI-MESS SECRETARY-6411@okaxis,232.74,misc,2026-06-08 10:51:00
9,EXAM FEE PAYMENT,50.0,education,2026-06-08 12:47:00
9,EXAM FEE  PAYEMNT,50.0,education,2026-06-08 12:47:00
9,UdEmy,700.51,education,2026-06-09 06:58:00
9,Jio Recharge TX,99.0,recharge,2026-06-09 18:57:00
9,Wifi Bill TXN29336,99.0,recharge,2026-06-09 19:01:00
9,Wif  iBill TXN29336,99.0,recharge,2026-06-09 19:01:00
9,Swiggy*ORD550089,279.37,food,2026-06-09 21:17:00
9,MYNTrA,464.99,shopping,2026-06-09 22:42:00
9,Airtel Prepaid,99.0,recharge,2026-06-10 12:55:00
9,AAirtel Prepaid,99.0,recharge,2026-06-10 12:55:00
9,AMAZON/UPI/628264075,431.81,shopping,2026-06-12 19:59:00
9,AMAZON/UPI/628264075,431.81,shopping,2026-06-12 19:59:00
9,Netflxi,419.8,entertainment,2026-06-12 23:40:00
9,Nettflxi,419.8,entertainment,2026-06-12 23:40:00
9,SPOTIFY TXN56952,264.14,entertainment,2026-06-13 18:24:00
9,SPOTIFY TXN56952,264.14,entertainment,2026-06-13 18:24:00
9,MEESHO,653.21,shopping,2026-06-14 06:48:00
9,pRiME vIDeO,284.54,entertainment,2026-06-14 19:48:00
9,VI PREAPID TXN75895,509.88,recharge,2026-06-17 06:52:00
9,VI PREAPID TXN75895,509.88,recharge,2026-06-17 06:52:00
9,AIRTEL PREPAID REF1757,584.7,recharge,2026-06-17 18:29:00
9,vi PRepaiD,271.44,recharge,2026-06-19 11:23:00
9,Prime Video,141.18,entertainment,2026-06-19 20:05:00
9,Meesho/UPI/666624616,605.82,shopping,2026-06-20 22:52:00
9,Meesho/UIP/666624616,605.82,shopping,2026-06-20 22:52:00
9,MEESHO TXN11534,595.2,shopping,2026-06-23 13:32:00
9,Doimnos/UPI/940266957,217.98,education,2026-06-23 20:39:00
9,Mess Fee,153.66,food,2026-06-24 18:17:00
9,UPI-MESS SECRETARY-3362@okaxis,111.16,misc,2026-06-26 21:25:00
9,UPI-FRIEND REPAYMENT-6487@okaxis,51.66,misc,2026-06-27 14:50:00
9,Pg Rent Payment,11706.62,rent,2026-07-02 12:38:00
9,vi pREpAID,346.78,recharge,2026-07-02 12:50:00
9,Landlord TRaNsFeR REF7035,6445.58,rent,2026-07-02 13:08:00
9,jIo rEcHArGE*ORD40,408.41,recharge,2026-07-02 14:10:00
9,jIo EccHArGE*ORD40,408.41,recharge,2026-07-02 14:10:00
9,HOSTEL FEE,7565.65,rent,2026-07-02 14:27:00
9,Landlord Transfer,6956.11,rent,2026-07-02 23:44:00
9,Landlord Trransfer,6956.11,rent,2026-07-02 23:44:00
9,HOSTEL FEE*ORD143626,4000.0,rent,2026-07-03 07:21:00
9,HOSTELF EE*ORD143626,4000.0,rent,2026-07-03 07:21:00
9,BOOKMYSHOW,220.37,entertainment,2026-07-03 09:02:00
9,LANDLORD TRANSFER/UPI/583943298,6922.91,rent,2026-07-03 10:02:00
9,LANDLORD TRANSFER/UPI/583943298,6922.91,rent,2026-07-03 10:02:00
9,Pg Rent Payme,6106.51,rent,2026-07-03 10:18:00
9,gP Rent Payme,6106.51,rent,2026-07-03 10:18:00
9,Jio Recharge,333.34,recharge,2026-07-03 13:18:00
9,SWIGGY/UPI/85913,324.71,food,2026-07-03 15:11:00
9,UPI-MESS SECRETARY-8260@okaxis,377.89,misc,2026-07-03 15:22:00
9,PG RENT PYAMENT,8689.08,rent,2026-07-03 15:44:00
9,Pg Rent Payment*ORD92,9061.66,rent,2026-07-04 06:42:00
9,PgR ennt Payment*ORD92,9061.66,rent,2026-07-04 06:42:00
9,LAndlorD tRaNsfeR REF4915,7932.36,rent,2026-07-04 10:24:00
9,LANDLORD TRANSFER/UPI/140355215,5641.4,rent,2026-07-04 11:32:00
9,UPI-RAHUL K-8231@okaxis,562.36,misc,2026-07-04 12:33:00
9,myNtRA TXN69092,100.0,shopping,2026-07-04 12:45:00
9,mNttRA TXN69092,100.0,shopping,2026-07-04 12:45:00
9,HOSTEL FEE,4340.45,rent,2026-07-04 13:48:00
9,HOSTE FEEE,4340.45,rent,2026-07-04 13:48:00
9,LANDLORD TRANSFER TXN19306,8892.88,rent,2026-07-05 09:17:00
9,LANDLORD TRANSFER TX1N9306,8892.88,rent,2026-07-05 09:17:00
9,Swiggy/UPI/481319726,510.37,food,2026-07-05 10:29:00
9,Swiggy/UPI/481319726,510.37,food,2026-07-05 10:29:00
9,jIO rEchaRge TNX41685,292.83,recharge,2026-07-05 10:45:00
9,jIO rEchaRge TNX41685,292.83,recharge,2026-07-05 10:45:00
9,Bookmyshow,250.15,entertainment,2026-07-05 13:45:00
9,Pg Retn Payment TXN47202,6019.35,rent,2026-07-05 22:43:00
9,VI PREPAID,241.77,food,2026-07-06 17:07:00
9,VI PRPPEAID,241.77,food,2026-07-06 17:07:00
9,Amazon/UPI/,597.03,shopping,2026-07-06 17:20:00
9,Amazno/UPI/,597.03,shopping,2026-07-06 17:20:00
9,Exam Fee Payment/UPI/860189923,1080.26,education,2026-07-06 22:37:00
9,Amazon*ORD912452,1972.17,shopping,2026-07-07 06:46:00
9,Amazo*nORD9124452,1972.17,shopping,2026-07-07 06:46:00
9,Wifi BILl,227.31,recharge,2026-07-07 20:46:00
9,oLa*ORD576781,209.6,transport,2026-07-07 22:57:00
9,aiRtEL pREPaid*O,283.49,recharge,2026-07-08 22:53:00
9,Metro Card Recharge REF1708,20.0,transport,2026-07-09 07:26:00
9,Metro Card Rechrge REF1078,20.0,transport,2026-07-09 07:26:00
9,Zomato/UPI/713803609,91.29,food,2026-07-09 13:03:00
9,COURSERA*ORD112042,283.06,education,2026-07-09 18:26:00
9,Swiggy Instamart TXN93519,253.49,food,2026-07-10 06:56:00
9,Swiggy Instamart/UPI/945274894,69.82,food,2026-07-10 21:33:00
9,Swiggy Instamart/UPI/945274894,69.82,food,2026-07-10 21:33:00
9,CAFE CofFEE Day,40.0,food,2026-07-13 09:24:00
9,Campus Canteen REF5310,40.0,food,2026-07-13 12:54:00
9,priME Video REF8604,226.21,entertainment,2026-07-14 21:08:00
9,UDEMY REF6056,756.13,education,2026-07-14 22:45:00
9,irCTC,115.68,shopping,2026-07-15 10:13:00
9,irTCC,115.68,shopping,2026-07-15 10:13:00
9,PARKING FEE*ORD179707,94.16,transport,2026-07-15 14:27:00
9,PARKING EE*ORD179707,94.16,transport,2026-07-15 14:27:00
9,AIRTEL PREPAID REF3773,263.44,recharge,2026-07-16 15:44:00
9,Ji oRecharge,220.4,recharge,2026-07-18 17:33:00
9,Ji oRecharge,220.4,recharge,2026-07-18 17:33:00
9,NETFLIX*ORD637429,194.7,entertainment,2026-07-19 20:52:00
9,Netflix REF6248,342.87,entertainment,2026-07-20 11:11:00
9,prImE ViDeo,218.06,entertainment,2026-07-20 16:29:00
9,City BuS ApSs*OR,282.12,transport,2026-07-20 20:26:00
9,PRIME VIDEO,121.25,entertainment,2026-07-23 06:31:00
9,VI PREPAID,328.17,recharge,2026-07-23 13:30:00
9,UPI-PRIYA S-2966@okaxis,292.52,misc,2026-07-24 18:56:00
9,COLLEGE FEE PORTAL REF3304,50.0,education,2026-07-25 06:04:00
9,HotstAR,128.52,entertainment,2026-07-25 20:46:00
9,oHtstAR,128.52,entertainment,2026-07-25 20:46:00
9,Petrol Pump,385.0,transport,2026-07-27 16:29:00
9,Pettrl Pump,385.0,transport,2026-07-27 16:29:00
9,CAMPUS CANTEEN*ORD537761,352.65,food,2026-08-01 22:06:00
9,HOSTEL FEE/UPI/91489399,8062.46,rent,2026-08-02 12:05:00
9,Landlord T,8605.23,rent,2026-08-02 14:15:00
9,Landlor T,8605.23,rent,2026-08-02 14:15:00
9,PG RENT PAYMEN,8783.37,rent,2026-08-02 22:12:00
9,Pg Rent Payment REF9195,8131.44,rent,2026-08-02 23:32:00
9,College Fee Portal,50.0,education,2026-08-03 13:47:00
9,eXaM feE PAYMeNT,302.16,education,2026-08-05 07:13:00
9,Landlord Tra,7527.17,rent,2026-08-05 23:50:00
9,COURSERA/UPI/9047902,50.0,education,2026-08-06 12:03:00
9,COURESRA/UPI/9047902,50.0,education,2026-08-06 12:03:00
9,PRiMe vidEo/UPI/926341953,244.79,entertainment,2026-08-06 14:42:00
9,PPRiMe vidEo/UPI/926341953,244.79,entertainment,2026-08-06 14:42:00
9,Vi PrEpAID,117.72,recharge,2026-08-07 19:56:00
9,PRIME VIDEO,300.06,entertainment,2026-08-09 10:20:00
9,PRIME VIDEO REF7889,288.76,entertainment,2026-08-09 12:01:00
9,PRRIME VIDEO RE7F889,288.76,entertainment,2026-08-09 12:01:00
9,College Fee Po,50.0,education,2026-08-10 22:36:00
9,College Fee Po,50.0,education,2026-08-10 22:36:00
9,METRO CARD R,57.25,transport,2026-08-11 08:16:00
9,HOTSTaR*ODR132803,83.78,entertainment,2026-08-12 15:32:00
9,SPOTIFY TXN54771,309.36,entertainment,2026-08-14 11:30:00
9,Netflix,256.96,entertainment,2026-08-14 13:08:00
9,MEESHO,100.0,shopping,2026-08-15 12:48:00
9,BOOKMYSHOW,257.43,entertainment,2026-08-15 19:22:00
9,Airtel Prepai,246.02,recharge,2026-08-17 09:16:00
9,ola REF8458,33.4,transport,2026-08-19 13:04:00
9,Exam feE PAYmEnT,313.29,education,2026-08-19 22:55:00
9,Meesho,336.64,shopping,2026-08-20 14:47:00
9,Mesoh,336.64,shopping,2026-08-20 14:47:00
9,Prime Vide,322.97,entertainment,2026-08-22 23:37:00
9,Priem Vidde,322.97,entertainment,2026-08-22 23:37:00
9,DOMINOS,165.61,food,2026-08-23 12:37:00
9,DMINOS,165.61,food,2026-08-23 12:37:00
9,PETROL PUMP,198.85,transport,2026-08-23 18:01:00
9,EEPTROL PUMP,198.85,transport,2026-08-23 18:01:00
9,UPI-ROOMMATE SPLIT-9307@okaxis,50.0,misc,2026-08-23 19:53:00
9,UPI-UNKNOWN UPI-6805@okaxis,176.82,misc,2026-08-26 17:38:00
9,Swiggy,377.38,food,2026-08-28 09:15:00
10,WIFI BILL,99.0,recharge,2026-04-02 11:53:00
10,WIIFI BLIL,99.0,recharge,2026-04-02 11:53:00
10,Wifi Bill,345.31,recharge,2026-04-03 06:28:00
10,UPI-UNKNOWN UPI-7646@okaxis,622.85,misc,2026-04-03 15:52:00
10,AIRTEL PREPAID TXN17430,99.0,recharge,2026-04-03 20:01:00
10,AIRTE LPREPAID TXN17430,99.0,recharge,2026-04-03 20:01:00
10,Landlord Transfer RE,6603.23,rent,2026-04-04 10:41:00
10,MESS FEE*ORD207334,312.29,food,2026-04-04 10:55:00
10,Mess Fee,249.86,food,2026-04-04 20:31:00
10,MMess Fe,249.86,food,2026-04-04 20:31:00
10,CITY BUS PASS,262.51,transport,2026-04-05 08:01:00
10,Amazon TXN10185,268.64,shopping,2026-04-05 20:11:00
10,eXam FEE pAYmenT TXN76710,1216.4,education,2026-04-06 06:10:00
10,NETFLIX,304.42,entertainment,2026-04-06 12:21:00
10,UPI-FRIEND REPAYMENT-9447@okaxis,50.0,misc,2026-04-11 14:08:00
10,BOOKMYSHOW R,79.0,entertainment,2026-04-11 18:36:00
10,UPI-FRIEND REPAYMENT-5373@okaxis,490.54,misc,2026-04-11 21:46:00
10,UPI-FRIEND REPAYMENT-9841@okaxis,1020.2,misc,2026-04-13 08:00:00
10,UdemY/UPI/749371,435.96,education,2026-04-14 17:58:00
10,AjIo REF3991,100.0,shopping,2026-04-15 12:50:00
10,AjIIo REF3991,100.0,shopping,2026-04-15 12:50:00
10,COursera*ORD293,50.0,education,2026-04-15 19:53:00
10,Meesho TXN,265.43,recharge,2026-04-15 22:42:00
10,UPI-PRIYA S-3324@okaxis,50.0,misc,2026-04-19 11:23:00
10,UPI-UNKNOWN UPI-8228@okaxis,502.19,misc,2026-04-20 22:55:00
10,NETFLIX,150.93,entertainment,2026-04-22 08:34:00
10,PRINtout sHOp TXN76060,566.43,education,2026-04-22 21:26:00
10,UPI-PRIYA S-5401@okaxis,103.35,misc,2026-04-23 14:01:00
10,UPI-MESS SECRETARY-7362@okaxis,373.54,misc,2026-04-23 17:11:00
10,UPI-MESS SECRETARY-9046@okaxis,795.58,misc,2026-04-26 08:56:00
10,UPI-UNKNOWN UPI-1756@okaxis,383.86,misc,2026-04-26 14:26:00
10,UPI-FRIEND REPAYMENT-7097@okaxis,377.44,misc,2026-05-02 14:12:00
10,Landlord Transfer,6237.79,rent,2026-05-02 18:17:00
10,Hostel Fee,6320.13,rent,2026-05-02 19:54:00
10,UPI-UNKNOWN UPI-3302@okaxis,245.05,misc,2026-05-02 21:13:00
10,Flipkart,341.17,shopping,2026-05-02 21:58:00
10,FLIPKART,580.28,shopping,2026-05-02 22:53:00
10,FLIPKART,580.28,shopping,2026-05-02 22:53:00
10,HOSTEL FEE/UPI/430611102,6778.33,rent,2026-05-02 23:50:00
10,cOUrserA TXN65807,50.0,education,2026-05-02 23:57:00
10,cOUrserA TXN65807,50.0,education,2026-05-02 23:57:00
10,UPI-RAHUL K-5166@okaxis,50.0,misc,2026-05-03 21:02:00
10,MEtRO cARd RechaRGE REF7200,160.64,transport,2026-05-03 22:45:00
10,PrINtout sHOP REF,802.29,education,2026-05-04 09:13:00
10,PrINtout sHOP REFF,802.29,education,2026-05-04 09:13:00
10,AIRTEL PREPAID,295.07,recharge,2026-05-04 09:38:00
10,AIRTEL PRREAID,295.07,recharge,2026-05-04 09:38:00
10,aIRtel prePaiD,99.0,recharge,2026-05-04 13:21:00
10,PG RENT PAYMENT/UP,8237.65,rent,2026-05-04 15:17:00
10,PG RENT PAYMENT TXN22393,9178.7,rent,2026-05-04 16:47:00
10,SWIGGY,349.67,food,2026-05-04 17:23:00
10,SWGIY,349.67,food,2026-05-04 17:23:00
10,BookmYShow*ORD145,180.08,entertainment,2026-05-04 19:01:00
10,BookmYShow*ORRD145,180.08,entertainment,2026-05-04 19:01:00
10,Hostel Fee REF4479,5699.3,rent,2026-05-04 23:03:00
10,UPI-FRIEND REPAYMENT-6063@okaxis,406.14,misc,2026-05-04 23:10:00
10,HOSTEL FEE*ORD749839,6012.83,rent,2026-05-05 10:00:00
10,pG renT paYMEnTT XN15433,5168.93,rent,2026-05-05 19:35:00
10,hostEl FeE TX,7232.79,rent,2026-05-05 22:07:00
10,hosEl FeE TX,7232.79,rent,2026-05-05 22:07:00
10,Flikpart TXN87962,957.89,shopping,2026-05-06 16:05:00
10,Flikpar tTXN8962,957.89,shopping,2026-05-06 16:05:00
10,UPI-RAHUL K-1710@okaxis,640.36,misc,2026-05-07 09:00:00
10,cAfe coffeE dAy REF2996,419.18,food,2026-05-07 17:23:00
10,Swiggy,368.43,food,2026-05-08 11:24:00
10,Vi Prepaid TXN9877,343.33,recharge,2026-05-08 18:51:00
10,Vi Prepad TXN9877,343.33,recharge,2026-05-08 18:51:00
10,Ajio TXN28307,445.36,shopping,2026-05-08 23:02:00
10,AjioT XN28307,445.36,shopping,2026-05-08 23:02:00
10,NeTFlIx,79.0,entertainment,2026-05-09 06:10:00
10,Petrol Pump,197.09,transport,2026-05-10 06:20:00
10,rEdBUS,146.93,transport,2026-05-10 09:16:00
10,rddBUS,146.93,transport,2026-05-10 09:16:00
10,mEtRo Card rEChaRgE,298.34,transport,2026-05-10 13:25:00
10,mEtRo Card rEChRgE,298.34,transport,2026-05-10 13:25:00
10,Flipkart*ORD876366,387.96,shopping,2026-05-10 16:31:00
10,Netflix,97.42,entertainment,2026-05-10 17:03:00
10,Netflix,97.42,entertainment,2026-05-10 17:03:00
10,Prime Video TXN80387,270.18,shopping,2026-05-10 20:05:00
10,Prime Video XTN80387,270.18,shopping,2026-05-10 20:05:00
10,UPI-UNKNOWN UPI-4129@okaxis,750.17,misc,2026-05-11 08:08:00
10,FLIPKART,238.79,shopping,2026-05-11 16:57:00
10,UPI-MESS SECRETARY-7769@okaxis,258.71,misc,2026-05-11 17:25:00
10,UPI-ROOMMATE SPLIT-8306@okaxis,456.19,misc,2026-05-11 21:41:00
10,uDeMy,924.63,education,2026-05-12 08:48:00
10,Uber Moto TXN75382,265.85,transport,2026-05-12 17:58:00
10,COLlEgE fEe POr,114.27,education,2026-05-12 20:20:00
10,UPI-ROOMMATE SPLIT-2270@okaxis,450.56,misc,2026-05-13 18:00:00
10,Myntra REF9851,748.66,shopping,2026-05-13 21:14:00
10,Myntra RF9851,748.66,shopping,2026-05-13 21:14:00
10,MESS FEE/UPI/980517039,138.41,food,2026-05-14 11:26:00
10,AMAZON,1251.94,shopping,2026-05-14 17:44:00
10,Petrol Pump/UPI/17631211,20.0,transport,2026-05-14 18:32:00
10,Pettrol Pump/UPI/16731211,20.0,transport,2026-05-14 18:32:00
10,WIF IBILL TXN10389,99.0,recharge,2026-05-14 20:09:00
10,WFI IILL TXN110389,99.0,recharge,2026-05-14 20:09:00
10,BOOKMYSHOW TXN66899,130.82,entertainment,2026-05-15 08:33:00
10,BOOKMYSHOW TXN6699,130.82,entertainment,2026-05-15 08:33:00
10,Bookmyshow/UPI/2,348.15,entertainment,2026-05-15 10:34:00
10,Bookmyshow/UPI/2,348.15,entertainment,2026-05-15 10:34:00
10,UPI-RAHUL K-3409@okaxis,50.0,misc,2026-05-15 17:38:00
10,Airtel Prepaid REF9653,405.87,recharge,2026-05-15 18:21:00
10,Airtel Prepiad REF96553,405.87,recharge,2026-05-15 18:21:00
10,UPI-ROOMMATE SPLIT-2743@okaxis,405.02,misc,2026-05-15 18:42:00
10,PRIME VIDEO TXN71672,178.6,entertainment,2026-05-15 20:07:00
10,Uber Moto,88.92,transport,2026-05-16 10:31:00
10,PrIMe vidEO/UPI/864555926,180.03,entertainment,2026-05-16 12:59:00
10,PrIMe vidEO/UPI/846555926,180.03,entertainment,2026-05-16 12:59:00
10,Wifi Bill TXN18,204.44,recharge,2026-05-17 17:14:00
10,Wifi Bil TXN18,204.44,recharge,2026-05-17 17:14:00
10,aIrteL PrepAiD,299.01,recharge,2026-05-17 21:42:00
10,Bookmyshow/UPI/443500771,79.0,entertainment,2026-05-18 12:28:00
10,MYNTRA TXN50014,726.18,shopping,2026-05-18 16:50:00
10,MYYNTA TXN50014,726.18,shopping,2026-05-18 16:50:00
10,Zomato*ORD427793,40.0,food,2026-05-18 20:47:00
10,UPI-RAHUL K-3698@okaxis,50.0,misc,2026-05-19 08:06:00
10,PRINTOUT SHOP,50.0,education,2026-05-19 10:56:00
10,FLIPKART REF256,491.96,shopping,2026-05-19 19:10:00
10,FLIKPAR REF256,491.96,shopping,2026-05-19 19:10:00
10,UBEr,481.16,transport,2026-05-22 12:28:00
10,UBEr,481.16,transport,2026-05-22 12:28:00
10,City Bus Pass,66.63,transport,2026-05-22 20:19:00
10,prIME viDEO*ORD753519,112.47,entertainment,2026-05-23 19:19:00
10,prIME vviDEO*ORD753519,112.47,entertainment,2026-05-23 19:19:00
10,eXaM FEE PAyMEnT REF5474,354.54,education,2026-05-25 07:21:00
10,UPI-ROOMMATE SPLIT-3704@okaxis,957.07,misc,2026-05-25 09:11:00
10,UPI-ROOMMATE SPLIT-1605@okaxis,627.16,misc,2026-05-26 10:33:00
10,UPI-RAHUL K-6734@okaxis,50.0,misc,2026-05-28 16:28:00
10,mEss FEE REF8335,201.2,food,2026-05-28 19:22:00
10,Emss  FEE REF8335,201.2,food,2026-05-28 19:22:00
10,UDEMY,461.11,education,2026-06-01 06:45:00
10,UDEMMY,461.11,education,2026-06-01 06:45:00
10,Redbus,84.71,recharge,2026-06-01 12:35:00
10,UPI-UNKNOWN UPI-6398@okaxis,365.9,misc,2026-06-01 21:54:00
10,HOSTEL FEE,8073.07,rent,2026-06-02 18:24:00
10,HSTEL FEE,8073.07,rent,2026-06-02 18:24:00
10,Pg Rent Payment TXN93,8077.28,rent,2026-06-02 18:42:00
10,Pg RentP ayment  TXN93,8077.28,rent,2026-06-02 18:42:00
10,hoSTEL FEe,7820.68,rent,2026-06-03 19:10:00
10,UPI-PRIYA S-9848@okaxis,50.0,misc,2026-06-04 12:00:00
10,AmaZoN/UPI/165665020,100.0,shopping,2026-06-04 15:18:00
10,AmaZoNN/UPI/165665020,100.0,shopping,2026-06-04 15:18:00
10,Metro Card Recharge,238.9,transport,2026-06-04 18:54:00
10,Hostel Fee*,5228.78,rent,2026-06-04 20:42:00
10,Pg Rent Payment REF8831,7033.7,rent,2026-06-05 09:18:00
10,HOSTEL FEE,8671.48,rent,2026-06-05 12:16:00
10,NETFLIX/UP,297.69,entertainment,2026-06-05 20:07:00
10,NEEFLIX/UP,297.69,entertainment,2026-06-05 20:07:00
10,Netflix REF5102,177.11,entertainment,2026-06-06 12:47:00
10,Netflix RE5F102,177.11,entertainment,2026-06-06 12:47:00
10,Netflix,140.57,entertainment,2026-06-06 15:10:00
10,MNYTRA,535.7,shopping,2026-06-06 20:30:00
10,vI PREPaId*ORD472304,315.77,recharge,2026-06-07 09:22:00
10,vI PREPaId*ORDD472304,315.77,recharge,2026-06-07 09:22:00
10,fliPkart TXN,152.83,shopping,2026-06-07 14:19:00
10,parkinG FeE,154.91,transport,2026-06-07 15:50:00
10,UPI-UNKNOWN UPI-4756@okaxis,919.61,misc,2026-06-07 18:08:00
10,NAmma METRo TXN72634,110.57,transport,2026-06-07 22:20:00
10,VI PREPAID*ORD491320,350.93,recharge,2026-06-08 08:58:00
10,REDBUS*ORD715126,222.38,transport,2026-06-08 14:46:00
10,REDUBS*ORD71526,222.38,transport,2026-06-08 14:46:00
10,Prime Video*ORD465,541.89,entertainment,2026-06-09 14:48:00
10,UbEr moTO TXN96464,29.74,transport,2026-06-09 21:16:00
10,Vi Prepaid,252.94,recharge,2026-06-11 19:24:00
10,Ajio/UPI/163189671,393.39,shopping,2026-06-13 21:42:00
10,DOMINOS/UPI/41713,93.91,food,2026-06-14 09:35:00
10,Zomato REF8793,309.37,food,2026-06-14 11:17:00
10,JIO RECHARG,196.89,recharge,2026-06-16 08:00:00
10,UPI-UNKNOWN UPI-2099@okaxis,320.36,misc,2026-06-17 21:08:00
10,UPI-UNKNOWN UPI-2049@okaxis,369.34,misc,2026-06-18 18:12:00
10,COURSERA/UPI/605141758,55.84,education,2026-06-19 20:11:00
10,COURSERA/UPI/605141758,55.84,education,2026-06-19 20:11:00
10,wifI BilL,338.77,recharge,2026-06-23 19:19:00
10,wiI BilL,338.77,recharge,2026-06-23 19:19:00
10,UBER TXN269,130.46,transport,2026-06-23 22:20:00
10,BUER  TXN269,130.46,transport,2026-06-23 22:20:00
10,AJIO,554.49,shopping,2026-06-24 15:35:00
10,UPI-ROOMMATE SPLIT-2324@okaxis,50.0,misc,2026-06-26 18:53:00
10,udEmy,285.98,education,2026-07-01 07:59:00
10,UPI-FRIEND REPAYMENT-5047@okaxis,50.0,misc,2026-07-01 17:13:00
10,Pg Rent Payment REF4326,6520.23,rent,2026-07-02 06:56:00
10,JIO RECHARGE*ORD,553.54,recharge,2026-07-02 11:27:00
10,Landlord Transfer TXN76026,7227.64,rent,2026-07-02 14:52:00
10,Vi Prepaid TXN6744,124.73,recharge,2026-07-02 21:26:00
10,Vi Prpeaid TXN6744,124.73,recharge,2026-07-02 21:26:00
10,PG rEnT paYmENt REF2055,6886.07,rent,2026-07-03 16:17:00
10,SPOTIFY,249.95,entertainment,2026-07-03 16:52:00
10,UPI-FRIEND REPAYMENT-2730@okaxis,484.87,misc,2026-07-04 12:00:00
10,CAMPUS CANTEE,254.15,food,2026-07-04 14:50:00
10,CAMPUS CANTEE,254.15,food,2026-07-04 14:50:00
10,HOTSTAR/UPI/290564969,79.0,entertainment,2026-07-04 23:55:00
10,Mess Fee,205.54,food,2026-07-05 09:54:00
10,Mess Fee*ORD872591,40.0,food,2026-07-05 21:21:00
10,UdemY*ORD2,50.0,education,2026-07-05 23:18:00
10,priNToUT shoP,1320.06,education,2026-07-06 10:08:00
10,priNoTUT shoP,1320.06,education,2026-07-06 10:08:00
10,Parking Fee REF4588,111.87,transport,2026-07-06 16:20:00
10,UPI-MESS SECRETARY-7199@okaxis,193.34,misc,2026-07-07 23:18:00
10,CAMPUS CANTEEN,188.75,food,2026-07-07 23:31:00
10,CAMPU SCANTEN,188.75,food,2026-07-07 23:31:00
10,OLA AUTO,177.68,transport,2026-07-08 11:25:00
10,UPI-UNKNOWN UPI-1951@okaxis,535.42,misc,2026-07-08 20:24:00
10,AJIo/UPI/963102791,899.11,shopping,2026-07-09 08:45:00
10,AIo/UPI/963102791,899.11,shopping,2026-07-09 08:45:00
10,UDEMY/UPI/523574618,50.0,education,2026-07-09 10:45:00
10,MYNTRA TXN65110,244.57,shopping,2026-07-09 10:55:00
10,coUrSerA REF3717,185.53,education,2026-07-09 15:14:00
10,PRINTOUT SHOP REF5838,1223.71,education,2026-07-09 18:17:00
10,PRINTOUT SHOP REF5838,1223.71,education,2026-07-09 18:17:00
10,MeSS FEE TXN644,195.38,food,2026-07-10 10:44:00
10,Flipkart,1220.07,shopping,2026-07-10 17:41:00
10,Flipartt,1220.07,shopping,2026-07-10 17:41:00
10,ZomAto*ORD62077,40.0,food,2026-07-10 20:32:00
10,Petrol Pump*ORD4308,76.04,transport,2026-07-10 21:49:00
10,sWIGGY TXN85738,452.61,food,2026-07-10 22:08:00
10,AMAOZN,773.25,shopping,2026-07-11 08:14:00
10,UPI-FRIEND REPAYMENT-5620@okaxis,375.88,misc,2026-07-12 12:50:00
10,BOOKMYSHOW*ORD436617,144.9,entertainment,2026-07-12 18:56:00
10,UPI-ROOMMATE SPLIT-3213@okaxis,128.3,misc,2026-07-13 20:00:00
10,sWiGgY iNSTamarT/UPI/454080038,428.58,food,2026-07-14 10:45:00
10,Airtel Prepaid/UPI/362086408,563.43,recharge,2026-07-14 14:56:00
10,Airtel  Prepaid/UPI/362086408,563.43,recharge,2026-07-14 14:56:00
10,EXAM FEE PAYMENT*ORD561884,291.76,education,2026-07-14 16:43:00
10,EXAM FEE PAYMENT*ORD561884,291.76,education,2026-07-14 16:43:00
10,AIRTEl prepAid,251.02,recharge,2026-07-14 17:21:00
10,AIRTTEl prepAid,251.02,recharge,2026-07-14 17:21:00
10,Flipkart/UPI/576099730,1440.27,shopping,2026-07-15 20:20:00
10,Flipkart/UPI/56099730,1440.27,shopping,2026-07-15 20:20:00
10,pARiKnG Fee,303.8,transport,2026-07-16 07:05:00
10,pARiKnG Fee,303.8,transport,2026-07-16 07:05:00
10,vI pRePaId,99.0,recharge,2026-07-16 16:32:00
10,hOTstRA,328.1,entertainment,2026-07-17 09:59:00
10,UBeR MOTo REF2548,20.0,transport,2026-07-17 23:57:00
10,UeBR MOTo REF2548,20.0,transport,2026-07-17 23:57:00
10,UPI-ROOMMATE SPLIT-9466@okaxis,1109.72,misc,2026-07-18 08:12:00
10,Vi Prepaid,277.71,education,2026-07-18 23:09:00
10,Vi Prepaid,277.71,education,2026-07-18 23:09:00
10,ola aUTo TXN91721,20.0,transport,2026-07-19 09:39:00
10,loa aUTo TXN91721,20.0,transport,2026-07-19 09:39:00
10,UPI-UNKNOWN UPI-3520@okaxis,50.0,misc,2026-07-20 14:32:00
10,ZmOAto,104.01,food,2026-07-20 22:10:00
10,Ajio,142.45,shopping,2026-07-25 06:07:00
10,NAMMA METRO,104.98,transport,2026-07-25 13:48:00
10,Cafe Coffee Day*ORD493567,222.92,food,2026-07-25 14:18:00
10,Cafe Cooffe eDay*ORD493567,222.92,food,2026-07-25 14:18:00
10,UPI-ROOMMATE SPLIT-5314@okaxis,50.0,misc,2026-07-25 17:54:00
10,UPI-ROOMMATE SPLIT-1298@okaxis,470.35,misc,2026-07-25 19:07:00
10,METRO CARD RECHARGE,216.92,transport,2026-07-28 13:40:00
10,mEEsHO,827.81,shopping,2026-08-01 23:02:00
10,mEEsOH,827.81,shopping,2026-08-01 23:02:00
10,Netflix,312.35,entertainment,2026-08-02 20:20:00
10,Netflix,312.35,entertainment,2026-08-02 20:20:00
10,FLiPKarT,100.0,shopping,2026-08-03 12:30:00
10,FLiPKarT,100.0,shopping,2026-08-03 12:30:00
10,LANDLORD TRAN,6294.94,education,2026-08-04 14:57:00
10,MEtrO CArD REcHARGE,127.09,transport,2026-08-05 09:57:00
10,AIRTEL PRE,289.88,recharge,2026-08-05 17:30:00
10,ARTE LPRE,289.88,recharge,2026-08-05 17:30:00
10,MNYTRA,1392.06,shopping,2026-08-06 06:47:00
10,wIFI bilL TXN21454,564.96,recharge,2026-08-06 19:21:00
10,Amazon,886.2,shopping,2026-08-07 15:31:00
10,MYNtRa,171.78,shopping,2026-08-08 11:46:00
10,SWIGGY INSTAMART,222.68,food,2026-08-08 12:28:00
10,PRIME VIDEO TXN19419,112.19,entertainment,2026-08-08 22:10:00
10,PRIME VIDEO TNNX1419,112.19,entertainment,2026-08-08 22:10:00
10,SWIGGY INSTAMART REF2098,130.19,food,2026-08-09 16:29:00
10,PRIME VIDEO,270.68,entertainment,2026-08-10 15:00:00
10,Airtel Prepaid/UPI/572948337,240.08,transport,2026-08-11 11:23:00
10,UPI-PRIYA S-6591@okaxis,597.68,misc,2026-08-11 20:45:00
10,Flipkart/UPI/227468968,1009.88,shopping,2026-08-12 15:11:00
10,PRINtout ShoP*ORD668160,50.0,education,2026-08-14 19:19:00
10,PRNtout ShoP*ORD668160,50.0,education,2026-08-14 19:19:00
10,sPotify,79.0,entertainment,2026-08-15 08:20:00
10,Psotify,79.0,entertainment,2026-08-15 08:20:00
10,JIo REChaRgE ,184.49,recharge,2026-08-17 08:41:00
10,NaMMa METrO TXN49921,208.54,transport,2026-08-17 17:08:00
10,Ajio,493.47,shopping,2026-08-17 22:07:00
10,Ajiio,493.47,shopping,2026-08-17 22:07:00
10,Exam Fee Payment*ORD809369,185.0,education,2026-08-18 20:08:00
10,UPI-FRIEND REPAYMENT-1623@okaxis,227.51,misc,2026-08-21 21:51:00
10,vi prEpAId*ORD,212.95,recharge,2026-08-26 16:30:00
10,vi prpEAId*OD,212.95,recharge,2026-08-26 16:30:00
10,UBER MOTO,366.52,transport,2026-08-26 23:29:00
10,UUBERMOOT,366.52,transport,2026-08-26 23:29:00
10,NETFLIX,179.89,entertainment,2026-08-27 18:58:00
10,NETFLIX,179.89,entertainment,2026-08-27 18:58:00
11,COuRSERA,50.0,education,2026-04-01 06:22:00
11,COuRSEA,50.0,education,2026-04-01 06:22:00
11,UPI-FRIEND REPAYMENT-9283@okaxis,50.0,misc,2026-04-02 09:40:00
11,zOmATo,40.0,food,2026-04-02 10:16:00
11,zOmmATo,40.0,food,2026-04-02 10:16:00
11,Amazon,555.44,shopping,2026-04-02 14:29:00
11,Amazon,555.44,shopping,2026-04-02 14:29:00
11,Flipkart REF5013,1458.61,shopping,2026-04-02 23:18:00
11,swIgGy iNSTamArt*ORD625661,418.74,food,2026-04-03 07:53:00
11,swIgGy iNSTamArt*ORD625661,418.74,food,2026-04-03 07:53:00
11,CITY BUS PASS/UPI/32083,220.13,transport,2026-04-03 14:47:00
11,Exam Fee P,50.0,education,2026-04-03 14:48:00
11,Exam eFeP,50.0,education,2026-04-03 14:48:00
11,Swiggy,129.09,food,2026-04-04 10:04:00
11,Prime Video/UPI/117260102,209.84,entertainment,2026-04-04 12:37:00
11,Hostel Fee REF3585,7606.44,rent,2026-04-04 14:30:00
11,Hostel Fee REF3585,7606.44,rent,2026-04-04 14:30:00
11,SWIGGY INSTAMART REF9069,344.96,food,2026-04-04 18:08:00
11,SWIGGY INSTAMART REF9069,344.96,food,2026-04-04 18:08:00
11,ZOMATO TXN82428,135.94,food,2026-04-04 20:54:00
11,ZOMATO TXN82482,135.94,food,2026-04-04 20:54:00
11,ajiO,1405.58,shopping,2026-04-05 07:27:00
11,pG RENT paYMENT,5393.42,rent,2026-04-05 09:56:00
11,rEDbUS TXN61516,20.0,transport,2026-04-05 14:40:00
11,LaNDlORd tRanSfeR TXN4806,8853.67,rent,2026-04-05 14:55:00
11,PRINTOUT SHOP,50.0,education,2026-04-06 13:22:00
11,PRNITOT SHOP,50.0,education,2026-04-06 13:22:00
11,AirtEl pRePAId,297.95,recharge,2026-04-06 18:48:00
11,AirtEl pRePAId,297.95,recharge,2026-04-06 18:48:00
11,Myntra/UPI/336346181,100.0,shopping,2026-04-07 07:27:00
11,PRINTOUT SHOP,351.09,education,2026-04-07 13:16:00
11,PRITNOUT SHOP,351.09,education,2026-04-07 13:16:00
11,City Bus Pass*ORD456720,232.36,transport,2026-04-08 09:05:00
11,EXAM FEE PAYMENT TXN63589,677.55,education,2026-04-08 09:06:00
11,EXAM FEE PAYMNE TXN63589,677.55,education,2026-04-08 09:06:00
11,hotSTaR/UPI/221581383,245.51,entertainment,2026-04-08 17:41:00
11,NETfliX TXN87927,234.54,entertainment,2026-04-08 22:22:00
11,NETfliX XTN87927,234.54,entertainment,2026-04-08 22:22:00
11,AJIO RFE6519,100.0,shopping,2026-04-09 11:14:00
11,AJIO RFE65119,100.0,shopping,2026-04-09 11:14:00
11,Airtel Prepaid,352.03,recharge,2026-04-09 17:32:00
11,FLIpkARt,643.96,shopping,2026-04-09 18:49:00
11,PRINTOUT SHOP,799.79,education,2026-04-09 20:37:00
11,PRINTOUT SHP,799.79,education,2026-04-09 20:37:00
11,Jio REcHARGe REF4789,428.88,recharge,2026-04-10 12:00:00
11,iJo REcHARe REF4789,428.88,recharge,2026-04-10 12:00:00
11,AIRTEL PREPAID REF3795,174.37,entertainment,2026-04-10 14:56:00
11,Printout Shop,50.0,education,2026-04-10 19:10:00
11,Rapido,387.17,transport,2026-04-10 22:50:00
11,Rapio,387.17,transport,2026-04-10 22:50:00
11,REDBUS TXN20644,237.69,transport,2026-04-12 10:41:00
11,MEesHo*ORD258220,100.0,shopping,2026-04-12 15:10:00
11,MEesHo*ORD2582200,100.0,shopping,2026-04-12 15:10:00
11,Prime Video/UPI,79.0,entertainment,2026-04-13 06:13:00
11,Prie Video/UPI,79.0,entertainment,2026-04-13 06:13:00
11,mESS FEE REF5210,330.69,food,2026-04-13 10:15:00
11,Exam Fee Pa,50.0,education,2026-04-14 06:53:00
11,mYNtra,200.61,shopping,2026-04-14 14:24:00
11,CItY BUS PasS,162.71,transport,2026-04-14 18:40:00
11,Exam Fee P,608.61,education,2026-04-15 12:30:00
11,campus CantEen REF3851,361.05,food,2026-04-15 16:36:00
11,fLiPkArT/UPI/848369120,1110.83,shopping,2026-04-15 18:42:00
11,Wifi Bill/UPI/276727646,99.0,recharge,2026-04-17 08:29:00
11,MESs fEE,404.98,food,2026-04-18 08:45:00
11,UBER,101.16,transport,2026-04-18 16:41:00
11,METRO CRAD RECHARGE,151.71,transport,2026-04-18 19:33:00
11,METRO CRAD RECHARGE,151.71,transport,2026-04-18 19:33:00
11,namMA MetRo,35.53,transport,2026-04-18 23:07:00
11,UPI-ROOMMATE SPLIT-4793@okaxis,777.64,misc,2026-04-20 22:07:00
11,sWigGY InSTaMARt/UPI/495680533,50.44,food,2026-04-21 08:59:00
11,Meesho*ORD864721,702.18,shopping,2026-04-22 14:47:00
11,Udemy*ORD44415,107.66,education,2026-04-22 17:22:00
11,COURSERA REF5862,807.62,education,2026-04-23 06:46:00
11,DOMINOS REF6290,40.0,food,2026-04-24 11:34:00
11,DOMINOS REF6290,40.0,food,2026-04-24 11:34:00
11,MEESHO REF5051,586.23,shopping,2026-04-24 19:11:00
11,COLLEGE FEE PORTAL*OR,420.49,education,2026-04-25 10:25:00
11,COLLEGE FE PORTAL*OR,420.49,education,2026-04-25 10:25:00
11,CaFE COfFeE daY/UPI/809249644,124.15,food,2026-04-26 15:35:00
11,CaFE COfFeE daY/UPI/809249464,124.15,food,2026-04-26 15:35:00
11,Bookmyshow,313.03,entertainment,2026-04-26 21:50:00
11,SPOTIFY,116.89,entertainment,2026-04-27 15:57:00
11,Uber,70.76,transport,2026-05-01 10:40:00
11,Petrlo Pump*OR,233.86,transport,2026-05-01 10:50:00
11,Petrlo Pupm*OR,233.86,transport,2026-05-01 10:50:00
11,MEtro CaRd REchArGe,200.21,transport,2026-05-01 13:05:00
11,UPI-PRIYA S-6072@okaxis,500.71,misc,2026-05-01 16:10:00
11,UBER REF8825,212.7,transport,2026-05-01 17:33:00
11,pRIMe VideO*ORD366512,152.52,entertainment,2026-05-02 09:04:00
11,booKmysHow,449.28,entertainment,2026-05-02 17:15:00
11,UPI-FRIEND REPAYMENT-6444@okaxis,80.69,misc,2026-05-02 18:16:00
11,PG RENT PAYMENT,6074.12,rent,2026-05-02 20:05:00
11,UBER MOTO,209.04,transport,2026-05-03 07:12:00
11,BookMyshow REF2484,79.0,entertainment,2026-05-03 07:14:00
11,BookMyhow REF2484,79.0,entertainment,2026-05-03 07:14:00
11,Jio Recharge,480.06,recharge,2026-05-03 10:45:00
11,Jo Recharge,480.06,recharge,2026-05-03 10:45:00
11,PG RENT PAYMENT T,8258.41,rent,2026-05-03 13:40:00
11,OLA AUTO/UPI/206987851,281.66,transport,2026-05-03 16:25:00
11,OLA AUTO/UPI/206987851,281.66,transport,2026-05-03 16:25:00
11,AmAzoN,958.5,shopping,2026-05-03 17:54:00
11,CAMPUS CANTEE,284.69,food,2026-05-03 20:29:00
11,Hostel Fee/UPI/102479444,6162.55,rent,2026-05-03 23:11:00
11,Hosetl  Fee/UPI/102479444,6162.55,rent,2026-05-03 23:11:00
11,PG RENT PAYMENT,5455.94,rent,2026-05-04 07:09:00
11,Udemy,801.24,education,2026-05-04 08:14:00
11,LANDLORD TRANSFER,4716.46,rent,2026-05-04 10:52:00
11,lanDLORd traNSFe,7746.61,rent,2026-05-04 12:07:00
11,MESS FEE*ORD2105,357.04,food,2026-05-04 12:42:00
11,MESS FEE*ORD2105,357.04,food,2026-05-04 12:42:00
11,LANDLODR TRANSFER TXN30095,7632.38,rent,2026-05-04 12:58:00
11,sWiggY,184.78,food,2026-05-04 13:24:00
11,sWggY,184.78,food,2026-05-04 13:24:00
11,Flipkart REF5861,975.23,shopping,2026-05-04 14:43:00
11,vI prepaID*ORD487321,169.63,recharge,2026-05-04 15:06:00
11,HOSTEL FEE/UPI/483590806,4970.99,rent,2026-05-04 16:59:00
11,HOSTEL FEE/UPI/48359006,4970.99,rent,2026-05-04 16:59:00
11,UDEMY,50.0,education,2026-05-04 20:30:00
11,UEDMYY,50.0,education,2026-05-04 20:30:00
11,LANDLORD TRANSFER TXN52922,7998.89,rent,2026-05-04 23:50:00
11,LNDLORD TRANSFER TXN52922,7998.89,rent,2026-05-04 23:50:00
11,Hostel Fee REF8266,8669.03,rent,2026-05-05 06:53:00
11,Hotstar TXN53609,217.53,entertainment,2026-05-05 08:42:00
11,Hotstar TXN53609,217.53,entertainment,2026-05-05 08:42:00
11,HOSTEL FEE,5349.77,rent,2026-05-05 09:41:00
11,Cafe Coffee Day*ORD545224,344.65,food,2026-05-06 09:56:00
11,PrimE ViDEO,313.15,entertainment,2026-05-06 13:03:00
11,PrimmE iVDO,313.15,entertainment,2026-05-06 13:03:00
11,Exam Fee Payment/UPI/944150267,1141.49,education,2026-05-06 18:53:00
11,Exa mFee Payment/UPI/944150267,1141.49,education,2026-05-06 18:53:00
11,bookmySHOw,646.49,entertainment,2026-05-07 14:05:00
11,bookmySHwO,646.49,entertainment,2026-05-07 14:05:00
11,Spotify TXN34342,479.35,entertainment,2026-05-07 14:23:00
11,Sptify TXN34342,479.35,entertainment,2026-05-07 14:23:00
11,prime ViDeo REF3630,361.79,entertainment,2026-05-07 18:30:00
11,PARKING FEE/UPI/793624994,150.85,transport,2026-05-07 23:00:00
11,Meesho,991.78,shopping,2026-05-08 11:17:00
11,Meeehso,991.78,shopping,2026-05-08 11:17:00
11,Prime Video,201.51,entertainment,2026-05-08 12:30:00
11,swigGY*ORD179316,463.45,food,2026-05-08 20:38:00
11,swigGY*ORD179316,463.45,food,2026-05-08 20:38:00
11,netfLIX TXN71620,260.18,entertainment,2026-05-08 21:07:00
11,netfLIX TXN71620,260.18,entertainment,2026-05-08 21:07:00
11,hOTsTar,124.61,entertainment,2026-05-08 22:51:00
11,OhTsTar,124.61,entertainment,2026-05-08 22:51:00
11,DOIMNOS,300.53,food,2026-05-09 08:52:00
11,bOokMyShOw,241.3,entertainment,2026-05-09 09:49:00
11,COLLEGE FEE PORTAL,817.32,education,2026-05-09 13:43:00
11,COLLEGE FEE PORTAL,817.32,education,2026-05-09 13:43:00
11,Meesho,453.99,shopping,2026-05-09 19:30:00
11,Mesho,453.99,shopping,2026-05-09 19:30:00
11,Meesho TXN65719,1179.97,shopping,2026-05-09 21:36:00
11,MeeshoTXN665719,1179.97,shopping,2026-05-09 21:36:00
11,DOMINOS,170.02,food,2026-05-10 09:06:00
11,Cafe Coffee Day REF8500,419.13,food,2026-05-10 18:18:00
11,Cafe Coffee Dya REF8500,419.13,food,2026-05-10 18:18:00
11,CAFE COFFEE DAY*ORD761677,40.0,food,2026-05-10 23:00:00
11,pRIMe video*ORD755236,79.0,entertainment,2026-05-11 08:12:00
11,pRIMe vvideo*ORD75526,79.0,entertainment,2026-05-11 08:12:00
11,Ola,200.52,transport,2026-05-11 08:26:00
11,Ola,200.52,transport,2026-05-11 08:26:00
11,RPINTOUT SHOP REF795,396.64,education,2026-05-11 15:30:00
11,UPI-PRIYA S-1418@okaxis,639.64,misc,2026-05-11 18:47:00
11,SWIGGY INSTAMART/UPI/159626866,226.97,food,2026-05-11 20:16:00
11,vi prepAiD TXN31678,155.61,recharge,2026-05-12 15:42:00
11,vi prepAiD XN31678,155.61,recharge,2026-05-12 15:42:00
11,DOIMNOS/UPI/3530,106.84,food,2026-05-12 19:49:00
11,UPI-ROOMMATE SPLIT-6733@okaxis,364.01,misc,2026-05-13 12:20:00
11,EXAM FEE PAYMENT,50.0,education,2026-05-13 21:46:00
11,EXAM FEE PAYMENT,50.0,education,2026-05-13 21:46:00
11,Spotify,214.51,entertainment,2026-05-14 07:56:00
11,Cafe Coffee Day,154.98,food,2026-05-15 18:38:00
11,Ajio/UPI/4443584,100.0,shopping,2026-05-15 23:16:00
11,Ajio/UPI/4443584,100.0,shopping,2026-05-15 23:16:00
11,wifI BIll,315.93,recharge,2026-05-16 10:02:00
11,Airtel Prepaid REF6705,366.84,recharge,2026-05-16 11:50:00
11,UPI-ROOMMATE SPLIT-7834@okaxis,237.64,misc,2026-05-16 23:38:00
11,Mess Fee*ORD940588,329.67,food,2026-05-17 09:30:00
11,Mess Fee*ORDD940588,329.67,food,2026-05-17 09:30:00
11,UBER MOTO TXN41729,92.54,transport,2026-05-17 11:42:00
11,SOPTIFY RE,122.4,entertainment,2026-05-17 13:53:00
11,SOPTIFY E,122.4,entertainment,2026-05-17 13:53:00
11,MeEsHo TXN49182,1175.97,shopping,2026-05-17 14:25:00
11,SWIGGY*ORD912534,231.94,food,2026-05-17 21:12:00
11,PARKING FEE,233.22,transport,2026-05-17 21:15:00
11,CITY BUS PASS*ORD223209,86.88,transport,2026-05-18 09:42:00
11,SWIGGY INSTAMART TXN430,82.64,food,2026-05-18 14:57:00
11,SWIGG YINSTAAMART TXN430,82.64,food,2026-05-18 14:57:00
11,Petrol Pump,20.0,transport,2026-05-18 17:43:00
11,Pterol Pump,20.0,transport,2026-05-18 17:43:00
11,UBeR,46.47,education,2026-05-18 18:36:00
11,UBeR,46.47,education,2026-05-18 18:36:00
11,eXam fee pAymENt REF6833,50.0,education,2026-05-19 09:40:00
11,eXam fee pAymENtR F6833,50.0,education,2026-05-19 09:40:00
11,College Fee Portal TXN77560,167.74,education,2026-05-19 22:17:00
11,Coollege ee Portal TXN77560,167.74,education,2026-05-19 22:17:00
11,rEDbUS/UPI/95048,50.35,transport,2026-05-19 23:35:00
11,rEDbUS/UPI/95408,50.35,transport,2026-05-19 23:35:00
11,CAmPUS cantEe,136.35,food,2026-05-20 13:57:00
11,CAmPUS cannteE,136.35,food,2026-05-20 13:57:00
11,UPI-PRIYA S-2869@okaxis,182.41,misc,2026-05-20 15:31:00
11,COURSERA REF1546,1404.7,education,2026-05-21 08:46:00
11,Hotstar,219.19,entertainment,2026-05-21 22:35:00
11,Ajio,100.0,shopping,2026-05-22 18:32:00
11,Ajio,100.0,shopping,2026-05-22 18:32:00
11,VI PREPAID,318.67,recharge,2026-05-23 08:15:00
11,HOTSTAR*ORD211033,271.01,entertainment,2026-05-24 19:25:00
11,HOTSTA*ORD211033,271.01,entertainment,2026-05-24 19:25:00
11,Redbus,318.19,transport,2026-05-25 15:20:00
11,Rdebus,318.19,transport,2026-05-25 15:20:00
11,BOOKMYSHOW,131.9,entertainment,2026-05-26 14:56:00
11,Mess Fee TXN89231,290.09,food,2026-05-27 10:44:00
11,Mess Fee TNX89231,290.09,food,2026-05-27 10:44:00
11,UPI-UNKNOWN UPI-1935@okaxis,271.36,misc,2026-05-27 14:16:00
11,DOMINOS*ORD130719,256.44,food,2026-06-02 11:55:00
11,JIO RECHARGE*ORD518326,141.74,recharge,2026-06-02 23:24:00
11,JIO RECHARGE*ORD51326,141.74,recharge,2026-06-02 23:24:00
11,PG RENT PAYMENT REF,5494.06,rent,2026-06-03 18:02:00
11,PPG RENT PAYMENT REF,5494.06,rent,2026-06-03 18:02:00
11,Pg Rent Payment TXN48475,5617.21,rent,2026-06-04 13:48:00
11,Pg Rent Payment TNX48475,5617.21,rent,2026-06-04 13:48:00
11,LANDLORD TRANFSER*ORD258181,6024.96,rent,2026-06-04 15:53:00
11,Hostel Fee*ORD548289,4825.53,rent,2026-06-05 11:12:00
11,PG RENT PAYMENT REF5867,6874.84,rent,2026-06-05 11:52:00
11,pETrOl pumP*,191.25,transport,2026-06-05 20:58:00
11,pETrOl pumP*,191.25,transport,2026-06-05 20:58:00
11,BOOKMYSHOW*ORD847828,79.0,entertainment,2026-06-06 12:05:00
11,BOOKMMYSHOW*ORD847828,79.0,entertainment,2026-06-06 12:05:00
11,AJIO,187.88,shopping,2026-06-07 11:15:00
11,UPI-FRIEND REPAYMENT-3605@okaxis,631.89,misc,2026-06-07 11:31:00
11,Ola Auto,34.35,transport,2026-06-07 15:27:00
11,Airtel Prepaid TXN72473,281.09,recharge,2026-06-09 06:31:00
11,Airtel Prepaid TXN72473,281.09,recharge,2026-06-09 06:31:00
11,bOoKMyshoW*ORD59700,79.0,entertainment,2026-06-09 10:00:00
11,SWIGGY INSTAMART REF8739,162.11,food,2026-06-09 14:04:00
11,exAm FEE paYMeNT TXN89408,71.99,education,2026-06-09 22:51:00
11,AJIO*ORD389310,270.75,shopping,2026-06-10 08:03:00
11,Exam Fee Pay,1404.07,education,2026-06-10 23:05:00
11,PETROL PUMP REF3474,35.14,transport,2026-06-11 16:07:00
11,Cafe Coffee Day,422.79,food,2026-06-11 20:24:00
11,Cafe Coffee Day,422.79,food,2026-06-11 20:24:00
11,BOOKMYSHOW,335.29,entertainment,2026-06-12 14:16:00
11,MEESHO/UPI/714760799,666.4,shopping,2026-06-13 13:57:00
11,MEESHO/UPI/744760799,666.4,shopping,2026-06-13 13:57:00
11,UDEmy*ORD165314,506.09,education,2026-06-15 08:18:00
11,UPI-RAHUL K-6764@okaxis,624.56,misc,2026-06-15 15:46:00
11,UPI-MESS SECRETARY-5034@okaxis,50.0,misc,2026-06-16 16:46:00
11,UPI-PRIYA S-5425@okaxis,836.18,misc,2026-06-16 18:24:00
11,PRINTOUT SHOP,237.01,education,2026-06-16 18:28:00
11,PRINTOTU SHOP,237.01,education,2026-06-16 18:28:00
11,CMAPUS CANTEEN,169.63,food,2026-06-17 18:33:00
11,HOTsTAr TXN47047,313.53,entertainment,2026-06-20 06:34:00
11,AJIO,534.8,shopping,2026-06-20 07:53:00
11,AJIOO,534.8,shopping,2026-06-20 07:53:00
11,REDBUS,144.16,transport,2026-06-20 08:31:00
11,REDBUS,144.16,transport,2026-06-20 08:31:00
11,SWIGGy iNstAmARt TXN84386,376.44,food,2026-06-20 13:56:00
11,DOMINOS*ORD367163,40.0,food,2026-06-21 11:39:00
11,PRIM EVIDEO,79.0,entertainment,2026-06-24 15:19:00
11,PRIM EIEDO,79.0,entertainment,2026-06-24 15:19:00
11,jiO recHaRGe TXN62922,260.4,recharge,2026-06-27 09:54:00
11,LaNdLORd TRANsfeR REF7188,8330.94,rent,2026-07-02 07:04:00
11,CITY BSU PASS REF1875,129.08,transport,2026-07-02 08:08:00
11,SwigGy INStAmaR,362.47,food,2026-07-02 08:25:00
11,SwigGy INStAmaR,362.47,food,2026-07-02 08:25:00
11,Landlord Transfer,7723.37,rent,2026-07-02 09:08:00
11,LandlordTransfer,7723.37,rent,2026-07-02 09:08:00
11,AMAZON,1524.79,shopping,2026-07-02 11:00:00
11,PriMe viDEo REF1725,250.8,entertainment,2026-07-02 12:47:00
11,mEsS fEe TX,91.55,food,2026-07-02 13:17:00
11,Petrol Pump,122.47,transport,2026-07-02 16:35:00
11,Petol Pump,122.47,transport,2026-07-02 16:35:00
11,Pg Rent Payment*ORD449233,5855.07,rent,2026-07-02 17:40:00
11,Pg Rent Payment*ODR449233,5855.07,rent,2026-07-02 17:40:00
11,Spoitfy,79.0,entertainment,2026-07-02 19:45:00
11,Spootfy,79.0,entertainment,2026-07-02 19:45:00
11,Pg Rent Payment*ORD2828,7056.91,rent,2026-07-02 22:29:00
11,Pg Rent PPayment*ORD2828,7056.91,rent,2026-07-02 22:29:00
11,Hotstar,191.39,entertainment,2026-07-03 13:22:00
11,Htostar,191.39,entertainment,2026-07-03 13:22:00
11,ZOMAtO,274.7,food,2026-07-03 17:22:00
11,OZMAtO,274.7,food,2026-07-03 17:22:00
11,Petrol Pump/UPI/823302665,109.91,transport,2026-07-04 08:33:00
11,booKmyShoW/UPI/936097864,215.91,entertainment,2026-07-04 10:42:00
11,CAFE COFFE,40.0,food,2026-07-04 16:50:00
11,NETFLIX/UPI/349543417,92.99,entertainment,2026-07-04 17:02:00
11,REDBUS,177.04,transport,2026-07-04 17:58:00
11,pG reNT paYMENT,8303.73,rent,2026-07-04 19:54:00
11,AJIO,398.51,shopping,2026-07-04 23:45:00
11,Flipkart REF2219,1063.02,shopping,2026-07-04 23:59:00
11,LANDLORD TRA,8114.02,rent,2026-07-05 07:22:00
11,Pg Rent Payment,8024.99,rent,2026-07-05 08:12:00
11,Dominos TXN88629,334.63,food,2026-07-05 08:28:00
11,HOTSTAR,169.92,entertainment,2026-07-05 09:35:00
11,zOmato REF9597,62.84,food,2026-07-05 09:45:00
11,HoSTEL fEE,5143.51,rent,2026-07-05 14:15:00
11,hotstar,282.31,entertainment,2026-07-05 15:43:00
11,Redbus,211.71,transport,2026-07-06 14:47:00
11,Swiggy Instamatr REF7584,435.31,food,2026-07-06 21:09:00
11,vi prEpaId*ORD227168,215.37,recharge,2026-07-07 09:06:00
11,vi prEpaId*ORD227168,215.37,recharge,2026-07-07 09:06:00
11,Meesho,100.0,shopping,2026-07-07 22:39:00
11,Spotify REF4,254.95,entertainment,2026-07-07 23:10:00
11,Spootiy REF4,254.95,entertainment,2026-07-07 23:10:00
11,RAPIDO*ORD378212,20.0,transport,2026-07-07 23:41:00
11,RAPIDO*ORD378212,20.0,transport,2026-07-07 23:41:00
11,Metro Card Recharge/UPI/278184160,217.75,transport,2026-07-08 17:06:00
11,Ajio TXN16381,797.11,shopping,2026-07-09 09:38:00
11,Ajio TXN116381,797.11,shopping,2026-07-09 09:38:00
11,Meesho,1340.73,shopping,2026-07-09 18:49:00
11,AJIO,258.12,shopping,2026-07-11 09:16:00
11,Flipkart TXN52929,304.73,shopping,2026-07-12 08:12:00
11,Flipkart TTXN52929,304.73,shopping,2026-07-12 08:12:00
11,nEtFlIx,79.0,entertainment,2026-07-12 15:27:00
11,wifI BILL TXN65702,99.0,recharge,2026-07-12 20:29:00
11,wifI BILL TXN65702,99.0,recharge,2026-07-12 20:29:00
11,VI PREPAID TXN78892,218.6,recharge,2026-07-12 23:24:00
11,Metro Card,147.17,transport,2026-07-13 07:29:00
11,Metro ard,147.17,transport,2026-07-13 07:29:00
11,Hotstar,403.09,entertainment,2026-07-13 08:19:00
11,VI PREPAID*ORD236617,604.58,shopping,2026-07-13 13:01:00
11,VI REPAID*ORD236617,604.58,shopping,2026-07-13 13:01:00
11,OLA AUto,284.92,transport,2026-07-13 19:02:00
11,Mess Fee/UPI/736882742,366.62,food,2026-07-13 20:18:00
11,wiFi BiLL/UPI/993912089,132.1,recharge,2026-07-14 11:14:00
11,Ola REF1327,142.54,transport,2026-07-14 14:23:00
11,OlaR E1327,142.54,transport,2026-07-14 14:23:00
11,JIO RECHARGE*ORD102297,467.99,recharge,2026-07-14 15:48:00
11,Meesho,532.8,shopping,2026-07-15 16:45:00
11,Swiggy Instamart,267.68,food,2026-07-15 21:12:00
11,College Fee Portal REF3277,50.0,education,2026-07-16 14:20:00
11,COLLEGE FEE PORTAL,815.75,education,2026-07-17 11:09:00
11,COLLEGE FEE ORTAL,815.75,education,2026-07-17 11:09:00
11,UPI-MESS SECRETARY-1928@okaxis,987.75,misc,2026-07-17 13:16:00
11,amAzoN,191.9,shopping,2026-07-17 23:41:00
11,Parking Fee REF2256,105.66,transport,2026-07-18 22:43:00
11,UBER*ORD423556,218.65,transport,2026-07-19 08:40:00
11,MEESHO,781.74,shopping,2026-07-19 12:03:00
11,MMEHSO,781.74,shopping,2026-07-19 12:03:00
11,WIFI BILL*ORD879082,99.0,recharge,2026-07-19 14:09:00
11,swiggy/UPI/363280831,297.21,food,2026-07-19 19:16:00
11,ZOMATO*ODR516,258.01,food,2026-07-19 20:12:00
11,iRcTc,134.22,transport,2026-07-20 11:38:00
11,iRcTc,134.22,transport,2026-07-20 11:38:00
11,Campus Canteen,59.24,food,2026-07-20 14:02:00
11,UPI-UNKNOWN UPI-8055@okaxis,1097.01,misc,2026-07-21 11:16:00
11,Dominos TXN45906,383.74,food,2026-07-21 23:57:00
11,Dominos  TXN4506,383.74,food,2026-07-21 23:57:00
11,AMAZON,431.62,shopping,2026-07-22 07:58:00
11,Vi pRepAiD/UPI/250921078,410.95,recharge,2026-07-22 08:24:00
11,UPI-RAHUL K-3471@okaxis,50.0,misc,2026-07-22 17:28:00
11,JIO RECHARGE,295.57,recharge,2026-07-22 23:23:00
11,JI RECHAGRE,295.57,recharge,2026-07-22 23:23:00
11,jiO REcHarGe,358.23,recharge,2026-07-25 09:08:00
11,jiO REcHaGe,358.23,recharge,2026-07-25 09:08:00
11,IRCTC*ORD779057,27.64,transport,2026-07-26 11:14:00
11,Rapido/UPI/467635611,144.78,transport,2026-07-26 19:58:00
11,MEESHO,994.85,shopping,2026-07-26 21:57:00
11,meESho,100.0,shopping,2026-07-27 07:00:00
11,meESho,100.0,shopping,2026-07-27 07:00:00
11,hOTstar REF7670,265.59,entertainment,2026-08-01 18:00:00
11,hOTstar REF7670,265.59,entertainment,2026-08-01 18:00:00
11,HotsTRA,298.56,entertainment,2026-08-01 18:30:00
11,MeSS FEE*ORD465836,40.0,rent,2026-08-01 22:55:00
11,MYNTRA/UPI/605543803,403.44,shopping,2026-08-01 23:07:00
11,Meesho TXN85667,100.0,shopping,2026-08-02 09:57:00
11,aIRTEL PrePAiD TXN38032,99.0,recharge,2026-08-02 14:33:00
11,CAMPUS CANTEEN/UPI/254891954,223.55,food,2026-08-03 06:37:00
11,CAMPUS CANTEEN/UPI/25491954,223.55,food,2026-08-03 06:37:00
11,PG RENT PAYME,5761.88,rent,2026-08-04 07:56:00
11,PGR ENT AYME,5761.88,rent,2026-08-04 07:56:00
11,AIRTEL PREPAID,99.0,recharge,2026-08-04 15:36:00
11,AITREL REPAID,99.0,recharge,2026-08-04 15:36:00
11,Coursera TXN834,2191.16,education,2026-08-05 14:28:00
11,oCursera TXN834,2191.16,education,2026-08-05 14:28:00
11,jio REChargE TXN88751,332.33,recharge,2026-08-06 13:49:00
11,jio REChargE TXN88751,332.33,recharge,2026-08-06 13:49:00
11,WIFI BILL TXN,211.76,recharge,2026-08-07 20:16:00
11,WIFI BILL TXN,211.76,recharge,2026-08-07 20:16:00
11,SPOTIFY,79.0,entertainment,2026-08-08 07:27:00
11,SOTIFY,79.0,entertainment,2026-08-08 07:27:00
11,Cafe Coffee Day/UPI/282321048,143.06,food,2026-08-08 08:03:00
11,Cafe CCoffee Day/UPI/282321048,143.06,food,2026-08-08 08:03:00
11,PrINtoUt sHop,505.13,education,2026-08-08 15:27:00
11,fLiPkARt*ORD809245,1371.82,shopping,2026-08-08 22:39:00
11,Ajio TXN98337,510.52,shopping,2026-08-09 07:04:00
11,Aijo TXXN98337,510.52,shopping,2026-08-09 07:04:00
11,cAmPUS CaNtEen,165.8,food,2026-08-09 10:54:00
11,Udemy TXN73343,50.0,education,2026-08-09 18:06:00
11,jiO recharge,231.18,recharge,2026-08-09 19:34:00
11,Zomato,340.34,food,2026-08-10 06:24:00
11,Hosttar REF,88.16,entertainment,2026-08-10 17:15:00
11,VI PREPAID TXN88702,322.28,recharge,2026-08-11 19:20:00
11,MYNTRA,1056.6,shopping,2026-08-12 06:43:00
11,BoOkmysHOw,130.3,entertainment,2026-08-12 09:58:00
11,airteL prePaid/UPI/819018653,332.09,recharge,2026-08-15 17:02:00
11,airteL prePaid/UPI/819108653,332.09,recharge,2026-08-15 17:02:00
11,Printout Shop*ORD100,211.88,education,2026-08-15 17:23:00
11,NAMMA METRO TXN,67.23,transport,2026-08-15 21:07:00
11,SpotIfY*ORD328096,231.01,entertainment,2026-08-15 22:51:00
11,SpotfIY*ORD328096,231.01,entertainment,2026-08-15 22:51:00
11,COLLEGE FEE PORTAL/UPI/606433243,262.12,education,2026-08-16 21:24:00
11,COLLEGE FE PORTAL/UPI/606433243,262.12,education,2026-08-16 21:24:00
11,SpOtIfy/UPI/362369923,325.23,entertainment,2026-08-18 07:22:00
11,OLA,148.34,transport,2026-08-19 22:18:00
11,OLA,148.34,transport,2026-08-19 22:18:00
11,AIRTEL PREPAID,299.18,recharge,2026-08-20 19:38:00
11,AIRTEL PREPAI,299.18,recharge,2026-08-20 19:38:00
11,Vi Prepaid/UPI/617178357,436.7,recharge,2026-08-20 20:57:00
11,ViP repaid/UPI/617178357,436.7,recharge,2026-08-20 20:57:00
11,COLLEGE FEE PORTAL REF3758,620.49,education,2026-08-21 08:16:00
11,UPI-UNKNOWN UPI-7462@okaxis,668.72,misc,2026-08-23 17:49:00
11,Printout Shop REF1940,451.54,education,2026-08-24 11:24:00
11,mEeshO REF,510.12,shopping,2026-08-24 14:16:00
11,meshOR EFF,510.12,shopping,2026-08-24 14:16:00
11,Exam Fee Payment TXN59423,50.0,education,2026-08-24 16:44:00
11,AIRTeL pRePAid,692.36,recharge,2026-08-27 13:48:00
11,UPI-ROOMMATE SPLIT-8903@okaxis,493.08,misc,2026-08-27 15:05:00
11,Swiggy Instamart*ORD150056,213.64,food,2026-08-28 14:52:00
11,Swiggy Instamart*ORD150056,213.64,food,2026-08-28 14:52:00
12,Prime Video,95.28,entertainment,2026-04-01 07:12:00
12,Prie Video,95.28,entertainment,2026-04-01 07:12:00
12,uBER,99.92,transport,2026-04-01 07:13:00
12,uBERR,99.92,transport,2026-04-01 07:13:00
12,HOTSTAR*ORD446585,493.27,entertainment,2026-04-01 19:05:00
12,Printout Shop,553.23,education,2026-04-02 12:06:00
12,VIP RepAID,99.0,recharge,2026-04-02 17:41:00
12,Pg Rent Pay,5697.56,rent,2026-04-02 20:11:00
12,Pg RetnPay,5697.56,rent,2026-04-02 20:11:00
12,PG RENT PAYMENT/UPI/640932557,4180.11,rent,2026-04-03 08:07:00
12,HOstEl FEE/UPI/897021935,7584.42,rent,2026-04-03 14:46:00
12,OHstEl  EE/UPI/897021935,7584.42,rent,2026-04-03 14:46:00
12,Uber,216.66,transport,2026-04-03 23:57:00
12,Uber,216.66,transport,2026-04-03 23:57:00
12,Hostel Fee*ODR785195,7005.06,rent,2026-04-04 12:59:00
12,UPI-ROOMMATE SPLIT-1761@okaxis,50.0,misc,2026-04-04 13:29:00
12,pg RetN payMeNT TXN77570,7801.94,rent,2026-04-04 14:52:00
12,Hostel Fee,4000.0,rent,2026-04-04 21:03:00
12,HostelF eee,4000.0,rent,2026-04-04 21:03:00
12,Hostel Fee,9806.45,rent,2026-04-05 12:25:00
12,Hosttel Fee,9806.45,rent,2026-04-05 12:25:00
12,HOSTEL FEE TXN50745,7491.73,rent,2026-04-05 23:53:00
12,HOSTE LFEE TXN5745,7491.73,rent,2026-04-05 23:53:00
12,REDBUS TXN63917,114.59,transport,2026-04-07 07:52:00
12,REDBUS TXN63917,114.59,transport,2026-04-07 07:52:00
12,FlIpkART TXN88972,495.76,shopping,2026-04-07 14:58:00
12,flipKArT*ORD354749,541.49,shopping,2026-04-07 22:24:00
12,aIrTeL PREPaId,388.64,recharge,2026-04-08 08:42:00
12,aIrTLe PREPaId,388.64,recharge,2026-04-08 08:42:00
12,Filpkart TXN56750,866.48,shopping,2026-04-08 22:58:00
12,Filpakr TXN56750,866.48,shopping,2026-04-08 22:58:00
12,College Fee Portal,50.0,education,2026-04-09 23:33:00
12,mess fEe,507.92,food,2026-04-10 14:28:00
12,Amazon,1863.36,shopping,2026-04-10 21:44:00
12,SPOTIFY TXN49413,79.0,entertainment,2026-04-11 11:35:00
12,SPOTIFYTXN44913,79.0,entertainment,2026-04-11 11:35:00
12,UPI-FRIEND REPAYMENT-9794@okaxis,206.15,misc,2026-04-12 12:18:00
12,fliPkaRt*ORD933016,100.0,shopping,2026-04-12 14:18:00
12,FLIPKART/UPI/392993648,295.21,shopping,2026-04-12 14:21:00
12,BOOKMYSHOW,333.21,entertainment,2026-04-12 14:26:00
12,Dominos TXN7,61.68,food,2026-04-13 06:16:00
12,Namma MEtRo REF7196,39.76,transport,2026-04-14 14:58:00
12,FliPKArT/UPI/140743864,100.0,shopping,2026-04-15 06:37:00
12,FliPKArT/UPPI/140743864,100.0,shopping,2026-04-15 06:37:00
12,Myntra TXN17793,677.47,shopping,2026-04-15 12:59:00
12,Myntra TXN17793,677.47,shopping,2026-04-15 12:59:00
12,UPI-MESS SECRETARY-5688@okaxis,560.45,misc,2026-04-16 15:12:00
12,ARITEL PREPAID,262.85,recharge,2026-04-16 17:50:00
12,ARITTEL PREAID,262.85,recharge,2026-04-16 17:50:00
12,UPI-PRIYA S-5196@okaxis,643.38,misc,2026-04-18 13:40:00
12,AMAZON,1109.23,shopping,2026-04-19 15:32:00
12,Swiggy,90.31,food,2026-04-19 21:20:00
12,Swiggy,90.31,food,2026-04-19 21:20:00
12,COlLege FeE PoRtAl,155.14,education,2026-04-20 12:39:00
12,COlLege FEe PoRtAl,155.14,education,2026-04-20 12:39:00
12,Amazon,100.0,shopping,2026-04-20 20:49:00
12,Amazon,100.0,shopping,2026-04-20 20:49:00
12,MYNTRA/UPI/986429113,1137.91,shopping,2026-04-22 11:13:00
12,cOlleGe FeE PoRTAl TXN23668,50.0,education,2026-04-25 21:06:00
12,swIGGY,286.31,food,2026-04-26 12:08:00
12,wsIGGY,286.31,food,2026-04-26 12:08:00
12,COURSERA,50.0,education,2026-05-01 08:39:00
12,pRINTOut sHoP REF1430,790.91,education,2026-05-01 18:49:00
12,UbER mOtO/UPI/598842752,464.5,transport,2026-05-01 19:56:00
12,Redbus,199.17,transport,2026-05-01 20:43:00
12,eRdbus,199.17,transport,2026-05-01 20:43:00
12,HOTSTAR REF7817,79.0,entertainment,2026-05-01 21:03:00
12,UPI-RAHUL K-8139@okaxis,882.33,misc,2026-05-01 21:55:00
12,UBER/UPI/662330809,92.46,transport,2026-05-02 07:02:00
12,UBER/UPI/662330809,92.46,transport,2026-05-02 07:02:00
12,Prime Video,173.58,entertainment,2026-05-02 08:44:00
12,Prime Vidoe,173.58,entertainment,2026-05-02 08:44:00
12,MEESHO,540.98,shopping,2026-05-02 10:27:00
12,WIFI BILL TXN21268,319.48,recharge,2026-05-02 10:58:00
12,LANDLORD TRANS,7257.76,rent,2026-05-02 15:48:00
12,hoSTEl FeE/UPI/,6262.15,rent,2026-05-02 17:42:00
12,HOSTEL FEE/UPI/763538834,8335.37,rent,2026-05-02 22:01:00
12,booKMYSHOW/UPI/881,79.0,entertainment,2026-05-03 09:00:00
12,booKMYSHOW/UPI881,79.0,entertainment,2026-05-03 09:00:00
12,Landlrod Transfer*ORD2,7766.19,rent,2026-05-03 09:29:00
12,Landlrod Trnsfer*ORD2,7766.19,rent,2026-05-03 09:29:00
12,PG RENT PAYM,4185.17,rent,2026-05-03 13:04:00
12,PG RET PPAMY,4185.17,rent,2026-05-03 13:04:00
12,boOkMYshOw,86.15,entertainment,2026-05-03 20:44:00
12,boOkMYshOw,86.15,entertainment,2026-05-03 20:44:00
12,WIFI BILL TXN82584,156.35,recharge,2026-05-03 21:35:00
12,WIFI BILL XN82584,156.35,recharge,2026-05-03 21:35:00
12,UPI-FRIEND REPAYMENT-1031@okaxis,50.0,misc,2026-05-03 22:05:00
12,laNDlOrD TranSFER TXN58433,8281.79,rent,2026-05-04 09:25:00
12,Amazon TXN01903,1185.77,shopping,2026-05-04 10:54:00
12,Aazon TXN01903,1185.77,shopping,2026-05-04 10:54:00
12,HosTEl FEe/UPI/540899380,8545.87,rent,2026-05-04 15:25:00
12,HosTEl FEe/UPI/5408999380,8545.87,rent,2026-05-04 15:25:00
12,OlA/UPI/592225155,205.58,entertainment,2026-05-04 16:13:00
12,Ol/AUPI/52225155,205.58,entertainment,2026-05-04 16:13:00
12,lanDLOrD tRANsfeR/UPI/749636069,5362.1,rent,2026-05-04 17:02:00
12,hOstel FEe,6089.95,rent,2026-05-05 09:06:00
12,Pg Rent Payment,8800.12,rent,2026-05-05 09:09:00
12,Wifi Bill REF25,339.58,recharge,2026-05-05 10:16:00
12,Wifi Bill*ORD84312,332.84,recharge,2026-05-05 10:16:00
12,Meesho REF3802,848.96,shopping,2026-05-05 10:59:00
12,Meesho REF3802,848.96,shopping,2026-05-05 10:59:00
12,Pg Rent Payment,7316.93,rent,2026-05-05 11:13:00
12,Pg Ren Payment,7316.93,rent,2026-05-05 11:13:00
12,pG reNt PaYmENT/UPI/316073362,4000.0,rent,2026-05-05 11:36:00
12,pG rNt PaYmENT/UPI/316073362,4000.0,rent,2026-05-05 11:36:00
12,Airtel Prepaid,99.0,recharge,2026-05-05 17:21:00
12,HOtSTAr/UPI/635456442,407.89,entertainment,2026-05-05 20:00:00
12,HOtSTAr/UPI/635456442,407.89,entertainment,2026-05-05 20:00:00
12,Landlord Transfer REF4540,6013.25,rent,2026-05-05 20:29:00
12,Landlord Transfe ERF4540,6013.25,rent,2026-05-05 20:29:00
12,lanDLorD RTanSfer,8272.65,rent,2026-05-05 23:20:00
12,aIRtel pReP,342.96,rent,2026-05-05 23:25:00
12,Meesho,748.65,shopping,2026-05-06 06:27:00
12,UPI-FRIEND REPAYMENT-5089@okaxis,333.53,misc,2026-05-06 11:17:00
12,MESS FEE,178.05,food,2026-05-06 16:57:00
12,Irctc*ORD256612,233.75,transport,2026-05-06 18:57:00
12,Airtel Prep,222.32,recharge,2026-05-06 19:09:00
12,Prime Video,315.34,entertainment,2026-05-06 21:56:00
12,Prim eVideo,315.34,entertainment,2026-05-06 21:56:00
12,Flipkart REF3557,805.65,shopping,2026-05-07 12:17:00
12,Flipkart RE3F557,805.65,shopping,2026-05-07 12:17:00
12,Rapido,46.67,transport,2026-05-07 18:04:00
12,EXAM FEE PAYMETN REF1424,50.0,education,2026-05-07 18:12:00
12,EXAM FEE APYMETN REF1424,50.0,education,2026-05-07 18:12:00
12,Jio Recharge,384.56,recharge,2026-05-07 19:26:00
12,Jio Rechagre,384.56,recharge,2026-05-07 19:26:00
12,CAFE COFFEE DAY/UPI/851798784,225.35,food,2026-05-08 09:23:00
12,OLA AUTO REF7247,96.83,transport,2026-05-08 10:35:00
12,OLA AUTO REF7247,96.83,transport,2026-05-08 10:35:00
12,PARKING FEE,143.98,transport,2026-05-08 11:52:00
12,UPI-FRIEND REPAYMENT-8320@okaxis,219.4,misc,2026-05-08 14:45:00
12,COLLEGE FEE PORTAL TXN81505,556.27,education,2026-05-08 19:07:00
12,Hotstar/UPI/3346,82.19,entertainment,2026-05-08 20:01:00
12,AjiO REF2363,1554.65,shopping,2026-05-09 06:00:00
12,HOTSTAR,124.42,entertainment,2026-05-09 08:40:00
12,AJIOT XN94824,1499.98,shopping,2026-05-09 10:23:00
12,Jio Recharge TXN93497,115.74,recharge,2026-05-09 11:00:00
12,Ajio*ORD607139,1261.78,shopping,2026-05-09 11:50:00
12,Ajio*ORD607139,1261.78,shopping,2026-05-09 11:50:00
12,Hotstar/UPI/157714453,170.47,entertainment,2026-05-09 13:55:00
12,nAmMa MetRo/UPI/623264048,361.03,transport,2026-05-09 18:53:00
12,Netflix TXN72683,79.0,entertainment,2026-05-10 10:53:00
12,NetFlIX,149.55,entertainment,2026-05-10 10:57:00
12,NNetFlXI,149.55,entertainment,2026-05-10 10:57:00
12,Hotstar/UPI/978599582,365.62,entertainment,2026-05-10 11:40:00
12,Htostar/UPI/978599582,365.62,entertainment,2026-05-10 11:40:00
12,sPoTiFY TXN3781,188.7,entertainment,2026-05-10 14:16:00
12,COURSERA TXN15559,76.69,education,2026-05-10 14:40:00
12,hOTsTaR,111.4,entertainment,2026-05-10 18:12:00
12,hOTsTRa,111.4,entertainment,2026-05-10 18:12:00
12,neTFLiX,79.0,entertainment,2026-05-10 22:31:00
12,ajiO,836.05,shopping,2026-05-10 23:57:00
12,ajiO,836.05,shopping,2026-05-10 23:57:00
12,flIPkART,844.58,shopping,2026-05-11 06:40:00
12,UPI-PRIYA S-2084@okaxis,50.0,misc,2026-05-11 13:54:00
12,Metro Card Recharge ,318.4,transport,2026-05-12 06:12:00
12,Metro Caard Recharge ,318.4,transport,2026-05-12 06:12:00
12,Mess Fee,40.0,food,2026-05-12 18:18:00
12,aIRTel PrepaiD,99.0,recharge,2026-05-12 18:50:00
12,aIRTel PrepaiD,99.0,recharge,2026-05-12 18:50:00
12,UPI-FRIEND REPAYMENT-4033@okaxis,50.0,misc,2026-05-12 19:03:00
12,UPI-PRIYA S-3980@okaxis,332.8,misc,2026-05-12 23:08:00
12,Ola REF2024,269.62,transport,2026-05-13 19:12:00
12,OLa,185.59,transport,2026-05-14 10:04:00
12,AJiO,623.44,shopping,2026-05-14 17:58:00
12,Coursera,50.0,education,2026-05-14 18:25:00
12,Wifi bill*ORD138984,99.0,recharge,2026-05-14 22:55:00
12,Wiif bill*ORD138984,99.0,recharge,2026-05-14 22:55:00
12,UPI-ROOMMATE SPLIT-8735@okaxis,338.14,misc,2026-05-15 08:27:00
12,Exam Fee Payment REF3,1164.93,education,2026-05-15 14:04:00
12,UBER MOTO REF1000,325.7,transport,2026-05-15 15:35:00
12,Ajio,1120.66,shopping,2026-05-15 21:55:00
12,NeTFlix,79.0,entertainment,2026-05-15 23:22:00
12,Vi Prepaid/UPI/297346656,159.29,recharge,2026-05-16 10:10:00
12,VI PREPAID/UPI/981306044,99.0,recharge,2026-05-16 12:29:00
12,FLIPKART REF1244,745.32,shopping,2026-05-17 17:20:00
12,FLIPKART REF1244,745.32,shopping,2026-05-17 17:20:00
12,AIRTEL PREPAID,332.99,recharge,2026-05-17 19:32:00
12,UPI-FRIEND REPAYMENT-2305@okaxis,297.39,misc,2026-05-17 19:50:00
12,UPI-FRIEND REPAYMENT-6459@okaxis,439.86,misc,2026-05-18 11:52:00
12,Wifi Bill TXN57,377.23,recharge,2026-05-18 12:52:00
12,mYNtra,133.74,shopping,2026-05-18 16:54:00
12,Airtel Prepaid REF2231,107.75,recharge,2026-05-18 18:41:00
12,SpoTIfy TXN,182.34,entertainment,2026-05-18 21:21:00
12,Wifi Bill/UPI,99.0,food,2026-05-18 22:34:00
12,Wfi  Bill/UPI,99.0,food,2026-05-18 22:34:00
12,UPI-FRIEND REPAYMENT-8900@okaxis,567.34,misc,2026-05-19 16:21:00
12,UPI-MESS SECRETARY-7452@okaxis,581.8,misc,2026-05-20 17:32:00
12,AIrTeL PrEPaiD,343.84,recharge,2026-05-21 14:17:00
12,AITreL PrEEPaiD,343.84,recharge,2026-05-21 14:17:00
12,UPI-FRIEND REPAYMENT-4234@okaxis,194.62,misc,2026-05-21 21:42:00
12,UPI-ROOMMATE SPLIT-6735@okaxis,615.62,misc,2026-05-22 22:18:00
12,BOOKMYSHOW,79.0,entertainment,2026-05-24 07:36:00
12,BOOKMYSHOW,79.0,entertainment,2026-05-24 07:36:00
12,UPI-PRIYA S-1528@okaxis,539.52,misc,2026-05-24 08:21:00
12,UPI-RAHUL K-8897@okaxis,482.91,misc,2026-05-24 14:00:00
12,UPI-ROOMMATE SPLIT-6948@okaxis,864.18,misc,2026-05-24 19:41:00
12,METRO CARD,20.0,transport,2026-05-24 21:20:00
12,aMAzNO*ORD714914,226.18,transport,2026-05-24 23:46:00
12,Uber,183.68,transport,2026-05-25 08:17:00
12,Ubber,183.68,transport,2026-05-25 08:17:00
12,COLLEGE FEE PORTAL*ORD6125,749.22,education,2026-05-25 21:07:00
12,COLLEGE FEE PORTAL*ORD6125,749.22,education,2026-05-25 21:07:00
12,AmazOn,1198.23,shopping,2026-05-27 09:01:00
12,UPI-RAHUL K-7409@okaxis,571.66,misc,2026-05-27 11:13:00
12,VI PREPAID TX2N3446,154.7,recharge,2026-05-27 12:36:00
12,VI PREPAID TX2N3446,154.7,recharge,2026-05-27 12:36:00
12,Zomato,264.26,food,2026-06-01 23:48:00
12,Zoato,264.26,food,2026-06-01 23:48:00
12,UPI-RAHUL K-4385@okaxis,792.35,misc,2026-06-02 11:06:00
12,hOsTe LfeE REF9593,6472.88,transport,2026-06-02 12:35:00
12,LaNdloRd TraNsfER,7035.85,rent,2026-06-02 17:00:00
12,College Fee Portal TXN3343,1289.0,education,2026-06-02 18:53:00
12,UPI-UNKNOWN UPI-3464@okaxis,974.01,misc,2026-06-02 19:11:00
12,MYNTRA,1365.68,shopping,2026-06-02 20:10:00
12,Ajio,843.4,shopping,2026-06-02 23:46:00
12,HOSTEL FEE,7749.8,rent,2026-06-03 07:09:00
12,UEDMY,50.0,rent,2026-06-03 16:16:00
12,EUDMMY,50.0,rent,2026-06-03 16:16:00
12,pg rEnT PAymENt/UPI/966607194,4901.04,rent,2026-06-03 18:08:00
12,AJiO,961.03,shopping,2026-06-04 17:02:00
12,AJiO,961.03,shopping,2026-06-04 17:02:00
12,ZOMATO*ORD,40.0,food,2026-06-04 21:06:00
12,LANDOLRD TRANSFER,5772.36,rent,2026-06-04 22:08:00
12,Zomato TXN61911,322.46,food,2026-06-04 22:51:00
12,pg REnT pAyM,9345.12,rent,2026-06-05 07:41:00
12,pg ERnT pAyM,9345.12,rent,2026-06-05 07:41:00
12,LAndlORd tRANSfer*ORD328344,9298.55,rent,2026-06-05 22:30:00
12,LAndlORd tRANSfer*ORD238344,9298.55,rent,2026-06-05 22:30:00
12,SWIGGY INSTAMART REF4652,177.71,food,2026-06-06 10:56:00
12,SWIGGYINSTAMART REF4652,177.71,food,2026-06-06 10:56:00
12,CAMPUS CANT,173.88,food,2026-06-06 12:54:00
12,CAMPUS CANT,173.88,food,2026-06-06 12:54:00
12,AJIO,630.35,shopping,2026-06-06 21:01:00
12,AJJIO,630.35,shopping,2026-06-06 21:01:00
12,Airtel Prepaid TXN96753,382.78,entertainment,2026-06-06 21:07:00
12,NETFLIX,333.56,entertainment,2026-06-07 07:17:00
12,Swiggy TXN92322,325.95,education,2026-06-07 12:27:00
12,UPI-PRIYA S-3423@okaxis,525.15,misc,2026-06-07 15:23:00
12,wIFi bill/UPI/282520146,99.0,recharge,2026-06-07 18:22:00
12,udemy,1572.49,education,2026-06-08 12:10:00
12,duemy,1572.49,education,2026-06-08 12:10:00
12,wiFi BILl/UPI/570464752,343.83,recharge,2026-06-09 11:48:00
12,Cafe Coffee Day,266.91,food,2026-06-09 14:54:00
12,UPI-FRIEND REPAYMENT-4153@okaxis,301.48,misc,2026-06-09 18:58:00
12,spOtIfy,217.4,entertainment,2026-06-09 21:39:00
12,Amazon,1195.49,shopping,2026-06-11 21:24:00
12,Amzon,1195.49,shopping,2026-06-11 21:24:00
12,CAFE COFFEE DAY/UPI/385997827,285.7,food,2026-06-12 18:08:00
12,CAFE COFFEE DAY/UPI/358997827,285.7,food,2026-06-12 18:08:00
12,Ajio,100.0,shopping,2026-06-13 12:04:00
12,Ajio,100.0,shopping,2026-06-13 12:04:00
12,Ajio,1656.14,shopping,2026-06-14 08:55:00
12,Udemy,1577.55,education,2026-06-15 22:11:00
12,Uedmyy,1577.55,education,2026-06-15 22:11:00
12,Vi PrePaid/UPI/785384947,161.15,recharge,2026-06-16 13:03:00
12,Vi PPrePaid/UPI/785389447,161.15,recharge,2026-06-16 13:03:00
12,UPI-RAHUL K-8965@okaxis,836.59,misc,2026-06-18 20:02:00
12,PRIME VIDEO/UPI/5,201.73,entertainment,2026-06-19 13:24:00
12,PRRIME VIEO/UPI/5,201.73,entertainment,2026-06-19 13:24:00
12,IRCTC,223.5,transport,2026-06-21 07:44:00
12,IIRTCC,223.5,transport,2026-06-21 07:44:00
12,Ajio,141.66,shopping,2026-06-21 23:17:00
12,Ajio,141.66,shopping,2026-06-21 23:17:00
12,UPI-FRIEND REPAYMENT-9453@okaxis,105.88,misc,2026-06-22 22:13:00
12,WIFI BILL REF3133,305.15,recharge,2026-06-23 11:23:00
12,NETFLIX/UPI/867031091,336.76,entertainment,2026-06-24 19:52:00
12,NNETFLXI/UPI/867031091,336.76,entertainment,2026-06-24 19:52:00
12,UPI-MESS SECRETARY-3693@okaxis,704.59,misc,2026-06-24 20:31:00
12,EAXM FEE PAY,474.13,shopping,2026-06-24 22:48:00
12,UPI-UNKNOWN UPI-8719@okaxis,50.0,misc,2026-06-25 20:56:00
12,AJIO REF2608,1190.88,shopping,2026-06-26 07:40:00
12,AJIO REF2608,1190.88,shopping,2026-06-26 07:40:00
12,Meesho TXN58263,1314.47,shopping,2026-06-26 15:13:00
12,Meesoh TXN58263,1314.47,shopping,2026-06-26 15:13:00
12,Udemy,96.55,education,2026-06-28 09:23:00
12,fLIPKart/UPI/4990172,582.75,shopping,2026-06-28 18:18:00
12,fLIPKart/UP/I4990172,582.75,shopping,2026-06-28 18:18:00
12,AMAZON/UPI/790890807,527.96,entertainment,2026-06-28 18:38:00
12,AJIO,816.93,shopping,2026-06-28 22:41:00
12,Wifi Bill/UPI/243825399,207.27,recharge,2026-07-01 08:06:00
12,UPI-UNKNOWN UPI-4691@okaxis,50.0,misc,2026-07-01 08:10:00
12,ZOMAto,145.66,food,2026-07-01 13:03:00
12,Bookmyshow*ORD861675,303.05,entertainment,2026-07-01 20:14:00
12,Bookmysshow*ORD861675,303.05,entertainment,2026-07-01 20:14:00
12,PRIME VIDEO TXN89647,217.97,food,2026-07-01 22:27:00
12,PRIME VIDEO TXN89647,217.97,food,2026-07-01 22:27:00
12,Spotify TXN90372,248.21,entertainment,2026-07-02 13:08:00
12,Spotify TXN9032,248.21,entertainment,2026-07-02 13:08:00
12,SWiGgY InStaMarT/UPI/626089856,437.58,food,2026-07-02 13:11:00
12,REDBUS/UPI/725938880,178.96,transport,2026-07-02 22:08:00
12,REDBUSU/PI/725938880,178.96,transport,2026-07-02 22:08:00
12,Udemy/UPI/776505906,50.0,education,2026-07-03 10:46:00
12,Udemy/UPI/776505960,50.0,education,2026-07-03 10:46:00
12,UBER MOTO,155.22,transport,2026-07-03 18:11:00
12,PG ReNT pAyMENT TXN59310,6705.3,rent,2026-07-03 18:41:00
12,PGReNT ppAyMENT TXN59310,6705.3,rent,2026-07-03 18:41:00
12,Namma Metro,94.1,transport,2026-07-04 14:05:00
12,Swiggy REF7775,173.08,food,2026-07-04 14:56:00
12,Swiggy REF7775,173.08,food,2026-07-04 14:56:00
12,redbus/UPI/35,360.66,transport,2026-07-04 18:55:00
12,redbbus/UPI/53,360.66,transport,2026-07-04 18:55:00
12,BOoKmYShOW TXN73,274.43,entertainment,2026-07-04 19:42:00
12,BOoKmYShOW TXN73,274.43,entertainment,2026-07-04 19:42:00
12,OLA AUTO,199.78,transport,2026-07-04 20:17:00
12,Hostel Fee REF2045,6691.21,rent,2026-07-04 21:15:00
12,Hstel Fee RFE2045,6691.21,rent,2026-07-04 21:15:00
12,ola AUtO REF7825,205.59,transport,2026-07-05 14:11:00
12,FlipkartO*RD404912,613.03,shopping,2026-07-05 14:50:00
12,pg rent PAYM,6225.36,rent,2026-07-05 16:02:00
12,UPI-UNKNOWN UPI-2809@okaxis,77.03,misc,2026-07-05 21:38:00
12,Namma Metro,338.76,transport,2026-07-06 09:43:00
12,eXaM Fee PAYmeN,924.71,education,2026-07-06 13:22:00
12,EXaM FeE pAyMEnT/UPI/274922868,188.85,education,2026-07-06 17:48:00
12,UPI-UNKNOWN UPI-2009@okaxis,372.57,misc,2026-07-06 23:29:00
12,Netflix,79.0,entertainment,2026-07-07 11:23:00
12,Ntlfix,79.0,entertainment,2026-07-07 11:23:00
12,Printout Sho,362.94,education,2026-07-07 16:46:00
12,EXAM FEE PAYMENT*ORD107355,107.68,education,2026-07-07 18:41:00
12,EXMA FEE PAYMENT*ORD07355,107.68,education,2026-07-07 18:41:00
12,MEESHO REF7141,424.17,shopping,2026-07-08 15:16:00
12,MYNTRA/UPI/506558027,100.0,shopping,2026-07-09 10:54:00
12,CAMPUS CANTEEN TXN46524,96.83,food,2026-07-09 11:50:00
12,CAMPS CANTEEN TXN46524,96.83,food,2026-07-09 11:50:00
12,Coursera,687.66,education,2026-07-09 13:35:00
12,BOOKMYSHOW,85.26,entertainment,2026-07-10 06:49:00
12,pRIMe ViDeo,314.3,entertainment,2026-07-10 18:07:00
12,pRMIe ViDeo,314.3,entertainment,2026-07-10 18:07:00
12,Coursera*ORD792854,50.0,education,2026-07-11 17:55:00
12,amAzON*ORD892445,961.36,shopping,2026-07-12 08:59:00
12,UPI-PRIYA S-1444@okaxis,529.25,misc,2026-07-12 10:42:00
12,AIRTEL PREPAID,99.0,recharge,2026-07-12 17:45:00
12,AIRTEL PREAPID,99.0,recharge,2026-07-12 17:45:00
12,jIo ReCHArGE REF2874,211.57,recharge,2026-07-12 23:11:00
12,NETFLIX,174.96,entertainment,2026-07-13 17:22:00
12,eXAM FEe PaymeNT REF35,50.0,education,2026-07-13 18:03:00
12,eXAM FEe PaymmeNT REF35,50.0,education,2026-07-13 18:03:00
12,Aijo TXN216,747.51,shopping,2026-07-14 20:08:00
12,OLa,216.98,transport,2026-07-14 20:52:00
12,Vi Prepaid/UPI/391011,176.33,recharge,2026-07-15 11:54:00
12,Airtel Prepa,213.78,recharge,2026-07-17 06:11:00
12,AirtlePrepa,213.78,recharge,2026-07-17 06:11:00
12,CAMPUS CANTEEN*ORD716537,498.19,food,2026-07-17 12:29:00
12,city BuS pass TXN34366,20.0,transport,2026-07-18 08:30:00
12,city BuS pass TXN34366,20.0,transport,2026-07-18 08:30:00
12,olA aUTo/UPI,125.46,transport,2026-07-18 21:15:00
12,olA aUTo/UI,125.46,transport,2026-07-18 21:15:00
12,UPI-ROOMMATE SPLIT-4366@okaxis,156.15,misc,2026-07-19 11:21:00
12,SWIGGY INSTAMART TXN51972,267.93,food,2026-07-19 16:57:00
12,UPI-RAHUL K-9580@okaxis,50.0,misc,2026-07-20 08:27:00
12,cAmPUS cAnTEEn*ORD775754,339.56,food,2026-07-20 14:31:00
12,cAmPSU cAnTEEn*ORD775754,339.56,food,2026-07-20 14:31:00
12,UPI-FRIEND REPAYMENT-7287@okaxis,50.0,misc,2026-07-20 16:23:00
12,Metro Card Recharge,20.0,transport,2026-07-20 22:04:00
12,WIFI BILL/UPI/577433252,223.48,recharge,2026-07-21 12:45:00
12,UPI-ROOMMATE SPLIT-3038@okaxis,287.42,misc,2026-07-21 13:31:00
12,NAMMA METRO,114.41,transport,2026-07-21 16:27:00
12,NAMMAMETRO,114.41,transport,2026-07-21 16:27:00
12,UPI-FRIEND REPAYMENT-3152@okaxis,538.01,misc,2026-07-23 21:37:00
12,AMAZON,270.86,shopping,2026-07-25 11:16:00
12,AAAZON,270.86,shopping,2026-07-25 11:16:00
12,MeTrO CARd rEChaRGE REF9425,131.9,transport,2026-07-25 11:31:00
12,MeTrO CRAd rEChaRGE REF9425,131.9,transport,2026-07-25 11:31:00
12,colleGe fee pOrTAL TXN97873,50.0,education,2026-07-25 15:53:00
12,UPI-MESS SECRETARY-9816@okaxis,117.55,misc,2026-07-25 19:37:00
12,Metro Card Recharg,196.36,transport,2026-07-25 22:38:00
12,vi PrePAiD,138.01,recharge,2026-07-27 10:30:00
12,UPI-FRIEND REPAYMENT-5125@okaxis,134.8,misc,2026-07-27 19:24:00
12,UPI-FRIEND REPAYMENT-6130@okaxis,50.0,misc,2026-07-28 14:24:00
12,CITY BUS P,73.73,transport,2026-08-01 07:30:00
12,CITY BUS P,73.73,transport,2026-08-01 07:30:00
12,SWIGGY INSTAMART/UPI/564616355,40.0,food,2026-08-01 08:08:00
12,Flipkart,846.9,shopping,2026-08-01 08:32:00
12,Flikpart,846.9,shopping,2026-08-01 08:32:00
12,Flipkart RE,510.56,shopping,2026-08-01 11:01:00
12,Flipkar RE,510.56,shopping,2026-08-01 11:01:00
12,VI PREPAID REF5815,161.67,recharge,2026-08-01 17:54:00
12,VI PREPAID REEF5815,161.67,recharge,2026-08-01 17:54:00
12,NeTFlIx REF1232,138.9,entertainment,2026-08-01 20:17:00
12,Amazon REF8444,100.0,shopping,2026-08-02 08:28:00
12,HosTeL FEE/UPI/8,6761.43,rent,2026-08-02 12:29:00
12,Landlord Transfer REF5823,4725.04,rent,2026-08-02 14:22:00
12,Landlord Transffer REF5823,4725.04,rent,2026-08-02 14:22:00
12,PG RENT PAYMENT,10328.17,rent,2026-08-02 21:02:00
12,AMAZON,100.0,shopping,2026-08-02 22:13:00
12,MAAZON,100.0,shopping,2026-08-02 22:13:00
12,CITY BUS PASS,111.45,transport,2026-08-03 17:51:00
12,Hsotel Fee,9856.2,shopping,2026-08-03 18:50:00
12,CAMPUS CANTEEN*ORD367817,268.97,food,2026-08-03 20:49:00
12,CAMPUS CANNTEEN*ORD36717,268.97,food,2026-08-03 20:49:00
12,HoStel EFE,6550.24,rent,2026-08-03 23:06:00
12,MESS FEE REF4656,79.43,food,2026-08-04 08:02:00
12,MESS FEE REF4656,79.43,food,2026-08-04 08:02:00
12,MYNTRA,1502.05,shopping,2026-08-04 12:47:00
12,SPOTIFY,143.49,entertainment,2026-08-05 07:04:00
12,SPOITFY,143.49,entertainment,2026-08-05 07:04:00
12,mesS fEe*ORD596555,262.16,food,2026-08-05 10:22:00
12,UPI-RAHUL K-2847@okaxis,94.72,misc,2026-08-05 11:01:00
12,Pg Rent Payment/UPI/972676051,7443.44,rent,2026-08-05 14:06:00
12,Pg Retn Payment/UPI/972676051,7443.44,rent,2026-08-05 14:06:00
12,PG RENT PAYMENT REF3301,9438.94,rent,2026-08-05 14:53:00
12,Vi Prepaid,99.0,recharge,2026-08-06 11:38:00
12,UPI-MESS SECRETARY-6568@okaxis,388.22,misc,2026-08-06 13:59:00
12,UPI-MESS SECRETARY-8211@okaxis,771.89,misc,2026-08-07 09:46:00
12,COURESRA,50.0,education,2026-08-07 19:48:00
12,CCOURSERA,50.0,education,2026-08-07 19:48:00
12,vi PrEPaid TXN32873,282.52,recharge,2026-08-07 20:20:00
12,vi PrEPaid TNX32873,282.52,recharge,2026-08-07 20:20:00
12,Hotstar/UPI/829420882,79.0,entertainment,2026-08-08 19:59:00
12,HHotsta/rUPI/829420882,79.0,entertainment,2026-08-08 19:59:00
12,Hotstar TXN94000,79.0,entertainment,2026-08-08 23:56:00
12,Hotstar XN940000,79.0,entertainment,2026-08-08 23:56:00
12,AjiO,1057.08,food,2026-08-09 11:53:00
12,bOOkmYSHOw,125.02,entertainment,2026-08-09 18:28:00
12,UPI-RAHUL K-8753@okaxis,50.0,misc,2026-08-10 20:07:00
12,CITY BUS PASS REF9699,358.66,transport,2026-08-11 14:14:00
12,UPI-UNKNOWN UPI-5580@okaxis,787.18,misc,2026-08-12 17:01:00
12,cOlleGe fEe portal TXN70640,50.0,education,2026-08-13 09:51:00
12,cOlleGe fEe portal TXN70640,50.0,education,2026-08-13 09:51:00
12,SWiGgY TXN67260,143.06,food,2026-08-14 13:55:00
12,BOokmyShOW/UPI/929185574,170.7,shopping,2026-08-14 19:12:00
12,BOokmyShOW/UPI/92918574,170.7,shopping,2026-08-14 19:12:00
12,colLeGE Fee poRtaL,76.53,education,2026-08-15 15:09:00
12,colLeGE Fee poRtaL,76.53,education,2026-08-15 15:09:00
12,pRIme VidEo,367.03,entertainment,2026-08-15 15:41:00
12,pIRme VidEo,367.03,entertainment,2026-08-15 15:41:00
12,UPI-MESS SECRETARY-7090@okaxis,207.79,misc,2026-08-15 18:51:00
12,pArKInG feE,369.91,transport,2026-08-15 22:51:00
12,pArKInG fEe,369.91,transport,2026-08-15 22:51:00
12,Cafe Coffee Day,245.74,food,2026-08-16 20:14:00
12,CafeC offee Day,245.74,food,2026-08-16 20:14:00
12,cafe coffEE Day*ORD401730,206.64,food,2026-08-17 09:45:00
12,Flipkart,891.03,shopping,2026-08-17 13:14:00
12,Ajio,1072.58,shopping,2026-08-17 22:15:00
12,DOMiNos/UPI/158173238,597.02,food,2026-08-18 11:32:00
12,myNTrA TXN35387,625.55,shopping,2026-08-19 19:17:00
12,myNTrA TXN35387,625.55,shopping,2026-08-19 19:17:00
12,Myntra*ORD951176,623.8,shopping,2026-08-19 21:45:00
12,oLa,135.99,transport,2026-08-20 08:20:00
12,Hotstar*ORD158288,414.43,entertainment,2026-08-21 09:04:00
12,Cafe Coffee Da,348.15,food,2026-08-21 12:44:00
12,CollEGe FEe PORTAL/UPI/378705560,71.04,education,2026-08-22 10:50:00
12,SWIGGY/UPI/6,208.72,food,2026-08-22 18:06:00
12,WIFI BILL TXN89781,99.0,recharge,2026-08-23 21:48:00
12,WIFI BILL TXN88971,99.0,recharge,2026-08-23 21:48:00
12,mEss FEe*ORD974902,103.37,food,2026-08-24 11:58:00
12,mEss FEeO*RD974902,103.37,food,2026-08-24 11:58:00
12,jIo RecHArGe*O,471.54,recharge,2026-08-26 08:25:00
12,UPI-MESS SECRETARY-6467@okaxis,633.33,misc,2026-08-26 13:41:00
12,ajIo,834.37,shopping,2026-08-26 15:15:00
12,HOTSTAR/UPI/463356946,322.72,entertainment,2026-08-27 16:53:00
12,UPI-FRIEND REPAYMENT-9899@okaxis,50.0,misc,2026-08-27 22:58:00
13,HOtsTaR TXN97207,79.0,entertainment,2026-04-02 12:20:00
13,HOtsTaR TNX97207,79.0,entertainment,2026-04-02 12:20:00
13,ZOMATO,95.86,food,2026-04-02 19:50:00
13,ZOMAOT,95.86,food,2026-04-02 19:50:00
13,Zomato*ORD408264,315.39,food,2026-04-03 10:35:00
13,CITY BUS PASS,37.62,transport,2026-04-03 17:05:00
13,LANDLoR DTRansf,9082.51,rent,2026-04-04 15:41:00
13,LANDLo DTRRasnf,9082.51,rent,2026-04-04 15:41:00
13,Pg Rent Paymen,6210.63,rent,2026-04-04 16:05:00
13,lAnDlOrD transfER TXN94213,6250.4,rent,2026-04-04 19:21:00
13,SWIGGY TXN65141,102.6,food,2026-04-04 21:27:00
13,Landlord T,6422.47,rent,2026-04-05 10:40:00
13,PRIME VIDEO REF3708,88.97,shopping,2026-04-05 11:30:00
13,Landlord Transfer TXN84422,7574.48,rent,2026-04-05 19:13:00
13,mess feE,130.78,food,2026-04-05 23:05:00
13,Jio Recharge,271.19,recharge,2026-04-08 11:14:00
13,Airtel Prep,365.23,recharge,2026-04-09 18:11:00
13,Airtel rPp,365.23,recharge,2026-04-09 18:11:00
13,Dominos REF49,284.17,food,2026-04-09 18:18:00
13,ajiO,556.34,shopping,2026-04-09 20:16:00
13,aajiO,556.34,shopping,2026-04-09 20:16:00
13,SWIGGY INSTAMART TXN15847,40.0,entertainment,2026-04-09 21:55:00
13,Parking Fee,69.87,transport,2026-04-10 07:05:00
13,METRO CARD RECHA,146.27,transport,2026-04-10 09:37:00
13,NAMMA METRO*ORD900319,79.85,transport,2026-04-10 12:54:00
13,NAMMA METRO*ORRD900319,79.85,transport,2026-04-10 12:54:00
13,dOminOS/UPI/802607486,247.18,food,2026-04-13 22:47:00
13,dOminOS/UPI/8026607486,247.18,food,2026-04-13 22:47:00
13,COLLEGE FEE PORTAL*ORD380563,529.24,education,2026-04-14 06:06:00
13,PARKINg fEE*ORD479626,40.84,transport,2026-04-14 16:32:00
13,Cafe Coffee Day REF3852,176.91,food,2026-04-15 07:22:00
13,Zomato*ORD,65.68,food,2026-04-15 09:22:00
13,Ajio/UPI/559447963,100.0,shopping,2026-04-16 17:54:00
13,AIRTEL PRE,99.0,recharge,2026-04-16 23:04:00
13,SWIGGY INSTAMART*ORD96,294.87,food,2026-04-17 17:17:00
13,SWWIGG INSTAMART*ORD96,294.87,food,2026-04-17 17:17:00
13,ZOMATO REF,392.06,food,2026-04-18 20:26:00
13,ZOMATO RF,392.06,food,2026-04-18 20:26:00
13,Rapido/UPI/5542715,185.06,transport,2026-04-18 23:51:00
13,Prime Video,248.65,entertainment,2026-04-19 19:39:00
13,Zomato,277.21,food,2026-04-22 14:04:00
13,Prime Video/UPI/135939864,79.0,entertainment,2026-04-22 23:28:00
13,UPI-FRIEND REPAYMENT-7911@okaxis,503.31,misc,2026-04-24 23:43:00
13,PRIMe vIDEo TXN56651,99.7,entertainment,2026-05-01 06:01:00
13,PRIMe vIDEo TXN56651,99.7,entertainment,2026-05-01 06:01:00
13,Flipkart/UPI/698315410,1217.81,shopping,2026-05-01 07:42:00
13,meEsho/UPI/963016082,345.71,shopping,2026-05-01 10:17:00
13,meEsho//UPI/963016082,345.71,shopping,2026-05-01 10:17:00
13,Amazon REF5529,385.51,shopping,2026-05-01 10:34:00
13,PETROL PUMP REF28,184.48,transport,2026-05-01 19:26:00
13,PETROL PUPM REF28,184.48,transport,2026-05-01 19:26:00
13,Hostel Fee*ORD108747,4131.62,rent,2026-05-02 06:19:00
13,NammA METR,99.09,transport,2026-05-02 11:49:00
13,NammA EEMTR,99.09,transport,2026-05-02 11:49:00
13,Hostel Fe e,8943.81,rent,2026-05-02 13:50:00
13,AIRTEL PREPAID,123.05,recharge,2026-05-02 14:01:00
13,CAFE COffee daY TXN765,769.67,food,2026-05-02 19:42:00
13,UPI-RAHUL K-1417@okaxis,698.63,misc,2026-05-02 20:52:00
13,Swiggy,154.69,food,2026-05-03 06:20:00
13,Swigyg,154.69,food,2026-05-03 06:20:00
13,Pg Rent Payment,4947.53,rent,2026-05-03 08:04:00
13,Pg Rent Pamyent,4947.53,rent,2026-05-03 08:04:00
13,PRimE viDEO REF8706,368.57,entertainment,2026-05-03 19:19:00
13,PimE viDEO REFF8760,368.57,entertainment,2026-05-03 19:19:00
13,SWIGgY TXN47555,40.0,food,2026-05-03 21:13:00
13,Pg Rent Payment,6897.05,rent,2026-05-04 06:22:00
13,Cafe Coffee Day,193.33,food,2026-05-04 11:23:00
13,Swiggy/UPI/305116689,388.84,food,2026-05-04 13:11:00
13,Hostel Fee,8002.98,shopping,2026-05-04 13:23:00
13,udeMY/UPI/434608466,50.0,education,2026-05-04 14:04:00
13,udeMY/UPI/434608466,50.0,education,2026-05-04 14:04:00
13,UPI-UNKNOWN UPI-6680@okaxis,50.0,misc,2026-05-04 14:43:00
13,OLA AUTO*ORD359356,332.52,transport,2026-05-04 21:21:00
13,Flipkart,826.25,shopping,2026-05-05 09:55:00
13,LANDLORD RTANSFER,6736.65,rent,2026-05-05 10:54:00
13,ALNDLORDD RTANSFER,6736.65,rent,2026-05-05 10:54:00
13,LANDLORD TRANSFER*ORD638781,9980.91,rent,2026-05-05 11:30:00
13,LANDLORD TRANSFER*ORD638871,9980.91,rent,2026-05-05 11:30:00
13,LANDLORD TRA,7405.09,rent,2026-05-05 13:20:00
13,LANNDLOR TRA,7405.09,rent,2026-05-05 13:20:00
13,spotIFy,79.0,entertainment,2026-05-05 13:21:00
13,LANDLORD TRANSFER,7147.1,rent,2026-05-05 14:57:00
13,LANDLLORD TRANSFER,7147.1,rent,2026-05-05 14:57:00
13,Landlord Transfer/UPI/175710656,8367.04,rent,2026-05-05 17:26:00
13,Landlord Tranfser/UPI/175710656,8367.04,rent,2026-05-05 17:26:00
13,Coursera TXN2142,921.49,education,2026-05-06 08:27:00
13,Cousrera TXN2142,921.49,education,2026-05-06 08:27:00
13,Exam feE Paym,991.27,shopping,2026-05-06 10:45:00
13,Exam feE aPym,991.27,shopping,2026-05-06 10:45:00
13,COUrseRa TXN10898,925.63,education,2026-05-06 14:10:00
13,COrseRa TXN10898,925.63,education,2026-05-06 14:10:00
13,COLLEGE FEE PO,50.0,education,2026-05-07 09:58:00
13,mEeSho,365.08,shopping,2026-05-07 14:35:00
13,mEeSho,365.08,shopping,2026-05-07 14:35:00
13,JIO RECHARGE TXN33681,361.75,recharge,2026-05-07 14:58:00
13,JIO RECHARGE TXN33681,361.75,recharge,2026-05-07 14:58:00
13,mEeSHO TXN80933,814.75,shopping,2026-05-07 17:01:00
13,MESS FEE*ODR376910,328.84,food,2026-05-08 08:47:00
13,CAfe coffeE day,59.32,food,2026-05-08 09:54:00
13,CAfe  coffeE day,59.32,food,2026-05-08 09:54:00
13,Vi Prepaid,263.76,recharge,2026-05-08 13:27:00
13,SWIGGY,40.0,food,2026-05-08 16:42:00
13,Wifi Bill,287.84,recharge,2026-05-08 20:27:00
13,Printout Shop/UPI/15327233,973.18,education,2026-05-08 21:11:00
13,CAMpus cANTeEn/UPI/670476240,179.76,food,2026-05-08 21:19:00
13,netfliX REF7250,282.83,entertainment,2026-05-08 23:15:00
13,netfliX REF7250,282.83,entertainment,2026-05-08 23:15:00
13,COLLEGE FEE PORTA,1283.6,education,2026-05-09 06:31:00
13,Flipkart,520.57,shopping,2026-05-09 06:57:00
13,Fllikpat,520.57,shopping,2026-05-09 06:57:00
13,Wifi Bill,279.97,rent,2026-05-09 15:29:00
13,WIfI BILL TXN45533,240.37,recharge,2026-05-09 17:30:00
13,WIIf BILL TXN4533,240.37,recharge,2026-05-09 17:30:00
13,CAFE COFFEE DAY,309.67,food,2026-05-09 20:41:00
13,CAFE COFEFE DAY,309.67,food,2026-05-09 20:41:00
13,City bUs PSaS/UPI/888190233,121.61,transport,2026-05-09 21:34:00
13,Meesho REF9819,100.0,shopping,2026-05-09 22:28:00
13,Meesho REF819,100.0,shopping,2026-05-09 22:28:00
13,MYNTRA*ORD846638,100.0,shopping,2026-05-10 15:35:00
13,MESS FEE,193.83,food,2026-05-10 17:45:00
13,MEsEHO,1261.54,shopping,2026-05-10 17:53:00
13,MsEEHO,1261.54,shopping,2026-05-10 17:53:00
13,jio ReCharge/UPI/301498041,282.21,recharge,2026-05-11 09:21:00
13,Dominos,265.37,food,2026-05-11 12:41:00
13,SPotiFY,457.29,entertainment,2026-05-11 23:38:00
13,prIMe VidEo,79.0,entertainment,2026-05-12 06:47:00
13,prIMe iVdEo,79.0,entertainment,2026-05-12 06:47:00
13,City Bus Pass TXN91596,36.13,transport,2026-05-13 09:13:00
13,City Bus Pass TXN19596,36.13,transport,2026-05-13 09:13:00
13,pARKINg fEE,359.68,transport,2026-05-13 15:06:00
13,PARKING FEE,144.54,transport,2026-05-14 07:49:00
13,APRKING FFE,144.54,transport,2026-05-14 07:49:00
13,DOMINOS*ORD703164,40.0,food,2026-05-15 08:56:00
13,aJIO,441.9,shopping,2026-05-15 13:06:00
13,UPI-MESS SECRETARY-7048@okaxis,208.18,misc,2026-05-15 14:49:00
13,WIFI BILL RFE43,331.52,recharge,2026-05-15 17:02:00
13,WIFI BILL RFE43,331.52,recharge,2026-05-15 17:02:00
13,zOMAto*ORD9888,461.46,food,2026-05-17 06:08:00
13,zOMAto*ORD9888,461.46,food,2026-05-17 06:08:00
13,PETROL PUMP/UPI/304197758,206.0,transport,2026-05-17 09:34:00
13,PETROL PUMP/UPI/304197758,206.0,transport,2026-05-17 09:34:00
13,JIO RECHRAGE,142.18,recharge,2026-05-17 14:12:00
13,JIO RECHARGE*ORD477809,220.8,recharge,2026-05-17 17:21:00
13,JIO RECHAREG*ORD47809,220.8,recharge,2026-05-17 17:21:00
13,Jio Recharge,486.72,recharge,2026-05-17 17:51:00
13,Jio Rechrage,486.72,recharge,2026-05-17 17:51:00
13,AJIO*ORD2026,121.72,shopping,2026-05-17 21:27:00
13,AJIO*ORD2026,121.72,shopping,2026-05-17 21:27:00
13,WIFI BILL*ORD549881,232.57,recharge,2026-05-18 20:06:00
13,Hotstar,233.77,entertainment,2026-05-18 20:36:00
13,Hotstr,233.77,entertainment,2026-05-18 20:36:00
13,Hotstar,293.69,entertainment,2026-05-19 11:08:00
13,Swiggy Instamart REF9624,231.93,food,2026-05-19 19:48:00
13,exaM fEe P,558.41,education,2026-05-20 11:43:00
13,PRINTOUT SHOP/UPI/507591698,126.68,education,2026-05-20 20:24:00
13,PRINTOUT SHOP/UP/I50759198,126.68,education,2026-05-20 20:24:00
13,FLIPKART REF6462,100.0,shopping,2026-05-21 10:10:00
13,AMAZOn,237.74,food,2026-05-22 06:17:00
13,OLA AUTO REF3716,261.86,transport,2026-05-23 13:13:00
13,AJIO/UPI/8431910,1025.29,shopping,2026-05-23 21:57:00
13,AJI/OPI/8431910,1025.29,shopping,2026-05-23 21:57:00
13,AMAZON/UPI/640255969,364.82,shopping,2026-05-23 22:15:00
13,AMAZON/UPI/62055969,364.82,shopping,2026-05-23 22:15:00
13,UPI-ROOMMATE SPLIT-5082@okaxis,808.94,misc,2026-05-23 22:37:00
13,BOoKmysHow TXN18060,112.5,entertainment,2026-05-24 11:01:00
13,VI PREPAID/UPI/158890986,439.56,recharge,2026-05-26 16:58:00
13,UPI-PRIYA S-7894@okaxis,143.01,misc,2026-05-26 21:18:00
13,AIRTEL PREPAID,265.86,recharge,2026-05-27 06:26:00
13,IARTEL PREPAID,265.86,recharge,2026-05-27 06:26:00
13,Cafe Coffee Day REF1865,322.55,food,2026-06-01 06:29:00
13,VI PREPAID*ORD883439,533.15,recharge,2026-06-01 21:52:00
13,VI PREPAID*OOR8D83439,533.15,recharge,2026-06-01 21:52:00
13,SWIGGY TXN66849,202.82,food,2026-06-02 12:33:00
13,LANDlorD TRaNsfer,5137.36,rent,2026-06-03 14:06:00
13,LANDlorD TRaNsfer,5137.36,rent,2026-06-03 14:06:00
13,udEmY REF4166,117.33,education,2026-06-03 14:25:00
13,udEmY REF1466,117.33,education,2026-06-03 14:25:00
13,AIRTEL PREPAID/UPI/359736547,333.48,recharge,2026-06-04 08:58:00
13,AIRRTEL PREPAID/UPI/359736547,333.48,recharge,2026-06-04 08:58:00
13,PRINTOUT SHOP,1049.61,transport,2026-06-04 13:34:00
13,DominoS,85.59,food,2026-06-04 22:20:00
13,LAndlorD TRaNsFer,7501.26,food,2026-06-05 13:48:00
13,LAndlorD TRaNsFre,7501.26,food,2026-06-05 13:48:00
13,PrinToUt sHoP TXN73598,50.0,education,2026-06-05 18:54:00
13,spOtIFy,79.0,entertainment,2026-06-06 09:50:00
13,JIo RecHArGe/UPI/588999,99.0,recharge,2026-06-06 16:04:00
13,NetFLix/UPI3/43013862,148.17,entertainment,2026-06-06 19:08:00
13,SWIGGY INSTAMART,40.0,food,2026-06-06 20:49:00
13,WiFi bilL/UPI9/63974191,120.94,recharge,2026-06-07 15:39:00
13,WiFi bilL/UPI9/6394191,120.94,recharge,2026-06-07 15:39:00
13,Exam Fee Payment REF7986,50.0,education,2026-06-07 20:48:00
13,ExamF ee Payment REF7986,50.0,education,2026-06-07 20:48:00
13,PARKING FEE TXN77185,439.4,transport,2026-06-08 07:35:00
13,PARKING FEE TXN7185,439.4,transport,2026-06-08 07:35:00
13,EXAM FEE PAYMENT,343.82,education,2026-06-08 09:11:00
13,AIRTEL PREPAID,99.0,recharge,2026-06-08 14:51:00
13,AIRTEL PREPAID,99.0,recharge,2026-06-08 14:51:00
13,PETROL PUMP/UPI/844371362,20.0,transport,2026-06-08 16:06:00
13,College Fee Portal TXN58721,1195.48,education,2026-06-09 17:18:00
13,ReDBUs/UPI/222123692,331.97,transport,2026-06-09 23:00:00
13,FLIPKART/UP,686.02,shopping,2026-06-12 19:38:00
13,FFLIPKART/UP,686.02,shopping,2026-06-12 19:38:00
13,UPI-RAHUL K-7639@okaxis,50.0,misc,2026-06-13 13:09:00
13,Mess Fee,260.42,food,2026-06-14 20:17:00
13,Mess eFe,260.42,food,2026-06-14 20:17:00
13,V iPrepaid TXN56130,226.71,recharge,2026-06-14 22:02:00
13,COURSERA TXN73760,50.0,education,2026-06-14 23:01:00
13,paRIKng fee,161.2,transport,2026-06-18 07:11:00
13,paRIKng fee,161.2,transport,2026-06-18 07:11:00
13,Petrol Pump/UPI/7730,222.25,transport,2026-06-19 09:17:00
13,VI PREPAID TXN,187.96,recharge,2026-06-19 15:37:00
13,Netflix*ORD916853,218.66,entertainment,2026-06-20 10:46:00
13,Netflix*ORD91683,218.66,entertainment,2026-06-20 10:46:00
13,PRIME VIDEO,191.62,entertainment,2026-06-20 18:04:00
13,PRIME VIDO,191.62,entertainment,2026-06-20 18:04:00
13,UdEmY REF6,691.62,entertainment,2026-06-22 13:29:00
13,UPI-FRIEND REPAYMENT-5850@okaxis,50.0,misc,2026-06-22 18:30:00
13,UPI-UNKNOWN UPI-5632@okaxis,66.56,misc,2026-06-22 20:28:00
13,UPI-MESS SECRETARY-1498@okaxis,715.35,misc,2026-06-24 13:00:00
13,NeTfLIX*ORD416020,92.02,entertainment,2026-07-01 12:05:00
13,eNtflix TXN34096,353.86,entertainment,2026-07-01 13:25:00
13,sWIGgY TXN79,40.0,food,2026-07-01 13:52:00
13,Jio Recharg,170.6,recharge,2026-07-01 18:41:00
13,PG RENT PAYMENT/UPI/874637043,5824.37,rent,2026-07-02 07:48:00
13,PG RENT PAYMENT/UPI/874637403,5824.37,rent,2026-07-02 07:48:00
13,Ajio REF16,168.63,shopping,2026-07-02 16:46:00
13,Ajio REF16,168.63,shopping,2026-07-02 16:46:00
13,LANDLORD TRANSFER/UP/I766834518,5714.84,rent,2026-07-02 18:34:00
13,LANDLORD TRANSFER/UP/I766834518,5714.84,rent,2026-07-02 18:34:00
13,LANDLORD TRANSFER,7306.58,rent,2026-07-02 21:54:00
13,printOut SHop*ORD462231,411.04,education,2026-07-03 07:35:00
13,pritOut SHop*ORD462231,411.04,education,2026-07-03 07:35:00
13,LANDLORD TRANSFER REF4809,5935.84,rent,2026-07-03 11:06:00
13,LaNdLorD TransFEr*ORD434858,6567.18,rent,2026-07-03 14:53:00
13,Landlord Trasnfer TXN93238,6166.68,rent,2026-07-03 15:08:00
13,LANDLORD TRANSFER/UPI/25,9602.4,rent,2026-07-03 17:35:00
13,LANDLORD RTANSFER/UPI/25,9602.4,rent,2026-07-03 17:35:00
13,Wifi Bill*ROD809798,513.24,recharge,2026-07-03 21:25:00
13,Swiggy Instamart,381.55,food,2026-07-04 09:58:00
13,ajIO,728.49,shopping,2026-07-04 12:46:00
13,ajIIO,728.49,shopping,2026-07-04 12:46:00
13,HOtstaR*ORD476878,129.56,entertainment,2026-07-04 15:26:00
13,UPI-PRIYA S-9543@okaxis,50.0,misc,2026-07-04 17:21:00
13,Dominos TXN73742,388.04,food,2026-07-04 20:16:00
13,Domnios TXN73372,388.04,food,2026-07-04 20:16:00
13,Dominos,156.84,food,2026-07-05 07:46:00
13,Prime Vide,359.59,entertainment,2026-07-05 11:37:00
13,HoStEL efE,5196.78,rent,2026-07-05 22:50:00
13,FliPkArT TXN45594,955.11,shopping,2026-07-05 23:17:00
13,OLA/UPI/81297613,154.13,transport,2026-07-06 17:04:00
13,OLA/UIP/812976613,154.13,transport,2026-07-06 17:04:00
13,NETFLIX,287.19,entertainment,2026-07-06 22:20:00
13,Ajio,546.69,shopping,2026-07-06 23:27:00
13,Ajio,546.69,shopping,2026-07-06 23:27:00
13,UPI-MESS SECRETARY-3600@okaxis,200.59,misc,2026-07-07 12:08:00
13,NETFLXI,79.0,entertainment,2026-07-07 20:03:00
13,Vi Prepaid,297.62,recharge,2026-07-08 06:15:00
13,Vi reppaid,297.62,recharge,2026-07-08 06:15:00
13,UdeMy*ORD25,1490.84,education,2026-07-08 14:25:00
13,UdMey*ORD25,1490.84,education,2026-07-08 14:25:00
13,Airtel Prepaid,99.0,recharge,2026-07-08 18:48:00
13,Airtel Prepadi,99.0,recharge,2026-07-08 18:48:00
13,OLA REF8060,88.82,transport,2026-07-09 07:03:00
13,OLA REF0860,88.82,transport,2026-07-09 07:03:00
13,Udemy,865.09,education,2026-07-09 11:22:00
13,Udemy,865.09,education,2026-07-09 11:22:00
13,cAMpUs cAn,155.16,food,2026-07-10 07:17:00
13,cAMpsU cAnn,155.16,food,2026-07-10 07:17:00
13,Campus Canteen/UPI/438915667,162.4,food,2026-07-10 11:38:00
13,Ola REF7352,203.91,recharge,2026-07-10 12:17:00
13,JIO RECHARGE,200.07,recharge,2026-07-10 16:10:00
13,WIFI BILL,190.65,recharge,2026-07-10 19:49:00
13,WIIF BILL,190.65,recharge,2026-07-10 19:49:00
13,OLA,172.85,transport,2026-07-12 07:08:00
13,UPI-MESS SECRETARY-5118@okaxis,356.14,misc,2026-07-13 10:10:00
13,Exam Fee PaymentT XN35505,731.82,education,2026-07-13 15:08:00
13,UPI-UNKNOWN UPI-3660@okaxis,393.61,misc,2026-07-15 15:09:00
13,CamPUS CAnTEEn TXN41054,297.24,food,2026-07-15 16:40:00
13,COLLEGE FEE PORT,1421.51,education,2026-07-17 15:02:00
13,COLLEGE FE EPORT,1421.51,education,2026-07-17 15:02:00
13,COURSERA,50.0,education,2026-07-17 19:58:00
13,COOURSREA,50.0,education,2026-07-17 19:58:00
13,EXAM FEE PAYMENT/UPI/687932509,50.0,education,2026-07-19 07:50:00
13,XEAM FEE PAYYMENT/UPI/687932509,50.0,education,2026-07-19 07:50:00
13,Flipkart R,873.44,shopping,2026-07-19 18:45:00
13,Airtel Prepaid,235.99,recharge,2026-07-19 19:03:00
13,Myntra,320.88,shopping,2026-07-19 21:16:00
13,MnytRa,158.85,shopping,2026-07-19 22:35:00
13,Mnyta,158.85,shopping,2026-07-19 22:35:00
13,MyNTRA,679.49,shopping,2026-07-20 10:26:00
13,Coursera TXN82405,1379.11,education,2026-07-20 17:09:00
13,MYNTRA REF6198,876.75,shopping,2026-07-20 19:08:00
13,MYNTRA REF6198,876.75,shopping,2026-07-20 19:08:00
13,Amazon/UPI/382996370,735.23,shopping,2026-07-20 21:55:00
13,Amazon/UPI/38996307,735.23,shopping,2026-07-20 21:55:00
13,College Fee Portal TXN61489,815.63,education,2026-07-20 23:05:00
13,metrO cARD RecharGE TXN17666,20.0,transport,2026-07-22 11:39:00
13,sPOTifY,79.0,entertainment,2026-07-23 08:19:00
13,Exam Fee Payment,521.4,education,2026-07-23 19:33:00
13,xEam Fee Paymment,521.4,education,2026-07-23 19:33:00
13,FLIPKART REF3733,478.73,shopping,2026-07-26 22:11:00
13,FLIPKAR REF3733,478.73,shopping,2026-07-26 22:11:00
13,netflIx REF4659,213.63,entertainment,2026-07-27 12:33:00
13,Wifi Bill REF9281,298.24,recharge,2026-07-27 13:09:00
13,SWIGGY INST,165.61,food,2026-07-27 20:43:00
13,BookmyshOW TXN223,243.82,entertainment,2026-07-28 14:14:00
13,College Fee Portal REF4217,535.16,education,2026-07-28 16:22:00
13,College FeeePortal REF4217,535.16,education,2026-07-28 16:22:00
13,UPI-ROOMMATE SPLIT-4519@okaxis,780.21,misc,2026-07-28 21:12:00
13,CaMPus CAntEEn REF3569,212.08,entertainment,2026-08-01 15:00:00
13,CaMPu sCAntEEn REF359,212.08,entertainment,2026-08-01 15:00:00
13,PG rENt PayMeNt*ORD783060,6548.71,rent,2026-08-02 07:09:00
13,Metro Card Recharge,20.0,transport,2026-08-02 17:32:00
13,WIFI BILL,287.72,recharge,2026-08-02 23:10:00
13,PG RENT PAYMENT*ORD286922,7583.47,rent,2026-08-03 06:59:00
13,PG RENT PAYMENT*ORD286922,7583.47,rent,2026-08-03 06:59:00
13,aJIO/UPI/637493902,1170.86,shopping,2026-08-03 11:58:00
13,aJIO/UPI/637493902,1170.86,shopping,2026-08-03 11:58:00
13,Pg REnT pAymENT/UPI/916230922,4195.28,rent,2026-08-03 17:54:00
13,NETfliX,427.42,entertainment,2026-08-04 16:07:00
13,NETlfiX,427.42,entertainment,2026-08-04 16:07:00
13,Pg Rnet Payment/UPI/109722698,5060.29,rent,2026-08-04 23:15:00
13,REDBUS TXN,200.35,transport,2026-08-04 23:48:00
13,Exam Fee Payment,1393.24,education,2026-08-05 07:55:00
13,PG RENT PAYMENT/UPI/146390286,5185.78,rent,2026-08-05 09:28:00
13,PG RENT PAYMENT/UPI/146390286,5185.78,rent,2026-08-05 09:28:00
13,landLOrd tRaNsfER,7675.91,rent,2026-08-05 09:58:00
13,HOSTEL FEE,7858.59,rent,2026-08-05 10:14:00
13,HOTSEL FEE,7858.59,rent,2026-08-05 10:14:00
13,Landlord Transfer/UPI/355284895,5257.32,rent,2026-08-05 18:49:00
13,Pg Rent Payment REF4428,6575.29,rent,2026-08-05 23:29:00
13,OLA AUTO/UPI/352017975,167.23,transport,2026-08-06 08:49:00
13,UPI-PRIYA S-5367@okaxis,106.58,misc,2026-08-06 12:10:00
13,FLIPKART/UPI/513622505,296.55,shopping,2026-08-07 16:38:00
13,JIo rECHarGe,220.86,recharge,2026-08-08 17:08:00
13,JIo rECHare,220.86,recharge,2026-08-08 17:08:00
13,VI PREPAID REF6870,136.63,recharge,2026-08-08 20:45:00
13,VI PREPIDD REF6870,136.63,recharge,2026-08-08 20:45:00
13,Netflix*ORD678453,234.21,entertainment,2026-08-08 22:09:00
13,MEESHO/UPI/7698,939.93,shopping,2026-08-09 08:24:00
13,MEEHSSO/UPI/7698,939.93,shopping,2026-08-09 08:24:00
13,swiggy InsTaMArT,63.59,food,2026-08-09 11:29:00
13,Hotstar/UPI/1716374,79.0,entertainment,2026-08-09 20:05:00
13,UPI-UNKNOWN UPI-5949@okaxis,496.48,misc,2026-08-09 22:50:00
13,PETROL PUMP,46.33,transport,2026-08-11 08:21:00
13,CAMPUS CANTEEN REF3816,263.4,food,2026-08-11 11:16:00
13,CAMPUS CANTEEN REF3816,263.4,food,2026-08-11 11:16:00
13,SPOTIFY REF8607,308.33,entertainment,2026-08-11 23:40:00
13,MeSs Fee*ORD5487,193.98,food,2026-08-12 06:35:00
13,MeSs Fee*ORD5487,193.98,food,2026-08-12 06:35:00
13,OLA REF7980,20.0,transport,2026-08-15 20:49:00
13,Redbus/UPI/969143494,241.17,transport,2026-08-15 22:27:00
13,FLIPKART/UPI/51806886,585.24,shopping,2026-08-16 23:57:00
13,FLIPKART/UPI/51806886,585.24,shopping,2026-08-16 23:57:00
13,Spotify,340.59,entertainment,2026-08-18 10:42:00
13,Sptoify,340.59,entertainment,2026-08-18 10:42:00
13,UPI-MESS SECRETARY-7472@okaxis,156.79,misc,2026-08-18 17:33:00
13,reDBuS,138.66,transport,2026-08-19 16:28:00
13,UPI-FRIEND REPAYMENT-5744@okaxis,55.13,misc,2026-08-22 16:40:00
13,aJio TXN10752,941.77,shopping,2026-08-22 17:16:00
13,Ctiy bus paSS,303.54,transport,2026-08-22 19:24:00
13,Ctiy usp aSS,303.54,transport,2026-08-22 19:24:00
13,CAfE CoFFeE d,390.66,food,2026-08-23 20:44:00
13,CAfE CoFFeE d,390.66,food,2026-08-23 20:44:00
13,Wifi Bill REF7535,407.31,recharge,2026-08-24 23:38:00
14,AjIo/PUI/291624151,594.67,shopping,2026-04-01 17:29:00
14,Printout Shop,50.0,education,2026-04-02 15:16:00
14,Printout Shop,50.0,education,2026-04-02 15:16:00
14,Landlord Tr,7683.86,rent,2026-04-02 16:18:00
14,Landlord Tr,7683.86,rent,2026-04-02 16:18:00
14,BOOKMYSHOW REF7421,79.0,entertainment,2026-04-03 08:19:00
14,BOOKMYYSHOW REF7421,79.0,entertainment,2026-04-03 08:19:00
14,UPI-FRIEND REPAYMENT-3459@okaxis,610.41,misc,2026-04-03 14:14:00
14,Pg eRnt Payment,6090.24,rent,2026-04-03 23:32:00
14,COLLEGE FEE PORTAL/UPI/269900034,494.83,education,2026-04-04 08:41:00
14,Hostel eFe,6311.36,rent,2026-04-04 10:08:00
14,Hostel eFe,6311.36,rent,2026-04-04 10:08:00
14,Hostel Fee,5958.1,rent,2026-04-05 08:56:00
14,LaNDLODr TranSfER,5268.46,rent,2026-04-05 14:57:00
14,LaNDLODr TranSER,5268.46,rent,2026-04-05 14:57:00
14,AMAZON,296.19,shopping,2026-04-06 07:08:00
14,AMAOZZN,296.19,shopping,2026-04-06 07:08:00
14,Exam Fee Payment,150.42,education,2026-04-06 09:59:00
14,UPI-RAHUL K-9441@okaxis,50.0,misc,2026-04-06 13:20:00
14,UPI-MESS SECRETARY-5769@okaxis,50.0,misc,2026-04-06 23:55:00
14,METRo caRD rECHarGE,264.19,transport,2026-04-07 09:06:00
14,REDBUS/UPI/228334821,203.16,transport,2026-04-07 10:13:00
14,Ola*ORD33780,117.88,transport,2026-04-07 17:51:00
14,Swiggy Insta,207.51,food,2026-04-09 06:18:00
14,pRiNTout S,166.05,education,2026-04-09 12:39:00
14,meEShO,1070.99,shopping,2026-04-10 06:56:00
14,Myntra,885.02,shopping,2026-04-10 13:15:00
14,Uber,20.0,transport,2026-04-10 16:22:00
14,paRking Fee TXN43875,154.96,transport,2026-04-10 18:18:00
14,cOUrSerAT XN30,764.95,education,2026-04-10 19:20:00
14,Ola Auto/UPI/359857851,77.66,transport,2026-04-10 21:24:00
14,UbeR MOTo REF1524,27.46,transport,2026-04-11 13:24:00
14,Spotify,226.98,entertainment,2026-04-11 23:31:00
14,Spotify,226.98,entertainment,2026-04-11 23:31:00
14,SPOTIFY*ORD6389,79.0,entertainment,2026-04-13 17:09:00
14,FLIPKART REF3855,201.68,shopping,2026-04-14 14:40:00
14,meSS FEE,404.56,rent,2026-04-14 20:13:00
14,COLLEGE FEE PORTAL TXN57,342.03,education,2026-04-16 07:24:00
14,SwigGy inStAMarT,162.39,food,2026-04-16 10:32:00
14,SwigGy iSntAMarT,162.39,food,2026-04-16 10:32:00
14,REDBUS*ORD141505,20.0,transport,2026-04-16 16:09:00
14,Bookmyshow*ORD376796,79.0,entertainment,2026-04-16 21:06:00
14,Bookmyshow*ORD767996,79.0,entertainment,2026-04-16 21:06:00
14,Redbus REF6352,206.82,transport,2026-04-17 19:14:00
14,HotsTar*ORD559221,379.3,entertainment,2026-04-18 09:21:00
14,SPOTIFY,123.78,entertainment,2026-04-18 10:33:00
14,Rapido*ORD568835,251.61,transport,2026-04-18 12:16:00
14,Rapido*ODR568835,251.61,transport,2026-04-18 12:16:00
14,swigGy REF1908,40.0,food,2026-04-18 12:21:00
14,MYNTRA/UPI/201352457,866.13,shopping,2026-04-19 14:24:00
14,MYNTRA/UPI/20135257,866.13,shopping,2026-04-19 14:24:00
14,BUER MOTO*ORD496518,329.39,transport,2026-04-19 15:44:00
14,COurSErA,50.0,education,2026-04-20 10:44:00
14,CuOrErA,50.0,education,2026-04-20 10:44:00
14,AJIO REF3831,293.91,shopping,2026-04-21 08:49:00
14,BOokMYshoW,196.41,entertainment,2026-04-23 10:59:00
14,oLa REF8826,138.11,transport,2026-04-25 17:37:00
14,oLa RFE8826,138.11,transport,2026-04-25 17:37:00
14,CaMpUs caNTEEn,230.18,food,2026-04-26 06:54:00
14,RAPIDO,145.49,transport,2026-04-26 07:05:00
14,SPOTIFY*ORD862615,79.0,entertainment,2026-04-28 19:12:00
14,NETFLIX REF1031,124.62,entertainment,2026-04-28 21:32:00
14,Cafe Coffee Day,101.44,food,2026-05-01 08:01:00
14,UPI-PRIYA S-7793@okaxis,1012.72,misc,2026-05-01 10:46:00
14,COLLEGe fee pOrTal,50.0,education,2026-05-01 13:17:00
14,COLLEGe fee pOrTal,50.0,education,2026-05-01 13:17:00
14,UPI-ROOMMATE SPLIT-2904@okaxis,555.46,misc,2026-05-01 22:18:00
14,mETROc Ard RECHaRGe,212.66,transport,2026-05-02 06:59:00
14,mETROcArd RECHaRGe,212.66,transport,2026-05-02 06:59:00
14,WIFI BILL*ORD774420,365.79,recharge,2026-05-02 08:18:00
14,WIFIBLIL*ORD7744220,365.79,recharge,2026-05-02 08:18:00
14,Hostel Fee TXN83285,4179.98,rent,2026-05-02 14:58:00
14,Hosteel Fee TXN83285,4179.98,rent,2026-05-02 14:58:00
14,HOstEL fEe/UPI/798856657,8068.48,rent,2026-05-02 18:40:00
14,ZOMATO REF152,411.88,food,2026-05-02 19:42:00
14,OZMATTO REF152,411.88,food,2026-05-02 19:42:00
14,Jio Rechar,374.53,recharge,2026-05-02 22:44:00
14,Landlord Transfer,6073.54,rent,2026-05-02 23:31:00
14,Hostel Fee REF7690,4175.27,rent,2026-05-03 07:06:00
14,Landlord Transfer,6441.52,rent,2026-05-03 13:10:00
14,ajio,100.0,food,2026-05-03 15:34:00
14,aajio,100.0,food,2026-05-03 15:34:00
14,pG rENt Pamyen,4697.44,rent,2026-05-03 19:09:00
14,UPI-FRIEND REPAYMENT-9921@okaxis,419.26,misc,2026-05-03 21:20:00
14,LANDLORD TRANSFER TXN23507,8069.07,rent,2026-05-03 21:54:00
14,Pg REnt pAyMeNT,8588.09,rent,2026-05-04 10:58:00
14,Ircct TXN44282,99.85,transport,2026-05-04 11:54:00
14,PETRol PuMp TXN97420,20.0,transport,2026-05-04 12:56:00
14,PETRolP uMp TXN97420,20.0,transport,2026-05-04 12:56:00
14,SWIGGY INsTamart,149.8,food,2026-05-04 21:08:00
14,CAMPUS CANTEEN,326.05,food,2026-05-05 09:25:00
14,hOsTeL feE,10422.48,rent,2026-05-05 11:16:00
14,hOsTeL feE,10422.48,rent,2026-05-05 11:16:00
14,PG RENT PAYMENT,4497.1,rent,2026-05-05 13:19:00
14,PG RENT PAMYET,4497.1,rent,2026-05-05 13:19:00
14,PETROL PUMP,145.32,transport,2026-05-05 21:22:00
14,PETRO PUMP,145.32,transport,2026-05-05 21:22:00
14,UPI-RAHUL K-7132@okaxis,50.0,misc,2026-05-06 09:24:00
14,FLIPKART/UPI/921101980,1096.48,shopping,2026-05-06 15:50:00
14,WIfI BIll REF7271,283.34,recharge,2026-05-06 18:21:00
14,Swiggy Instamart/UPI/842817,81.7,food,2026-05-06 22:26:00
14,Swiggy nIstamart/UPI//842817,81.7,food,2026-05-06 22:26:00
14,ola Auto/UPI/906539462,299.95,transport,2026-05-07 09:10:00
14,Myntra/UPI/337328345,100.0,shopping,2026-05-07 10:59:00
14,MesS FeE,356.98,food,2026-05-07 14:56:00
14,MesSF eeE,356.98,food,2026-05-07 14:56:00
14,Myntra,100.0,shopping,2026-05-07 18:48:00
14,Myntra,100.0,shopping,2026-05-07 18:48:00
14,MeEShO*ORD145241,1096.85,shopping,2026-05-07 21:12:00
14,UPI-FRIEND REPAYMENT-1140@okaxis,50.0,misc,2026-05-07 22:47:00
14,OLa,309.67,transport,2026-05-07 23:30:00
14,JIO RECHARGE*ORD932518,134.1,recharge,2026-05-08 12:49:00
14,MESS FEE,356.54,food,2026-05-08 12:53:00
14,MEESHO,744.74,shopping,2026-05-08 17:29:00
14,MEESHO,744.74,shopping,2026-05-08 17:29:00
14,BOoKMyShow TXN52172,454.44,entertainment,2026-05-08 18:21:00
14,BOoKMyShow TXN52172,454.44,entertainment,2026-05-08 18:21:00
14,NetflIX*ORD958131,610.26,entertainment,2026-05-08 22:42:00
14,DomiNos/UPI/259585054,259.73,food,2026-05-09 07:34:00
14,DmiNos/UPI/259585054,259.73,food,2026-05-09 07:34:00
14,AMAZON,1605.71,shopping,2026-05-09 12:44:00
14,AMAZON,1605.71,shopping,2026-05-09 12:44:00
14,Dominos TXN10,40.0,food,2026-05-09 22:35:00
14,Swiggy Instamart,317.33,food,2026-05-10 21:03:00
14,Siwggy Instamart,317.33,food,2026-05-10 21:03:00
14,Vi Perpaid REF2642,277.78,transport,2026-05-10 23:55:00
14,UPI-ROOMMATE SPLIT-6202@okaxis,447.05,misc,2026-05-11 17:20:00
14,BOOKMYSHOW REF7298,320.69,entertainment,2026-05-11 20:19:00
14,AIrtel PrEPaiD*ORD658679,224.08,recharge,2026-05-11 21:17:00
14,UPI-ROOMMATE SPLIT-2178@okaxis,909.3,misc,2026-05-12 08:04:00
14,COurseRA,537.4,education,2026-05-12 12:01:00
14,RAPIDO,243.52,transport,2026-05-12 14:41:00
14,RAIPOO,243.52,transport,2026-05-12 14:41:00
14,Wifi Bill,441.83,recharge,2026-05-12 23:53:00
14,CItY BUS paSs/UPI/812076989,56.38,transport,2026-05-13 06:53:00
14,CItY BUS paSs/UPI/812076989,56.38,transport,2026-05-13 06:53:00
14,Ola*ORD855240,110.31,rent,2026-05-13 17:37:00
14,Ola*ORD855240,110.31,rent,2026-05-13 17:37:00
14,Jio Recharge,315.6,recharge,2026-05-14 08:42:00
14,JJio Recharge,315.6,recharge,2026-05-14 08:42:00
14,WFII BILL,313.82,recharge,2026-05-14 14:15:00
14,WFII BILL,313.82,recharge,2026-05-14 14:15:00
14,BooKmYSHOw TXN68722,181.87,entertainment,2026-05-14 15:13:00
14,BoKomYSHOw TXN68722,181.87,entertainment,2026-05-14 15:13:00
14,cOlLege fee POrtal REF4443,940.24,education,2026-05-15 15:30:00
14,cOlLege fee POOrtal REF4443,940.24,education,2026-05-15 15:30:00
14,Zomato TXN47052,114.66,food,2026-05-16 11:30:00
14,Bookmyshow/UPI/580467527,207.71,entertainment,2026-05-16 21:38:00
14,BOOKMYSHOW/UPI/128467659,118.55,entertainment,2026-05-17 07:03:00
14,UPI-RAHUL K-6834@okaxis,50.0,misc,2026-05-17 14:41:00
14,VI PREPAID TXN49687,107.15,recharge,2026-05-17 16:57:00
14,VI PREPAID TXN4687,107.15,recharge,2026-05-17 16:57:00
14,MEESHO/UPI/546141758,114.57,shopping,2026-05-18 12:46:00
14,cAfE cOffee DAY TXN64907,292.19,food,2026-05-20 15:11:00
14,cAfE cOffee DAY TXN64907,292.19,food,2026-05-20 15:11:00
14,UPI-FRIEND REPAYMENT-1172@okaxis,50.0,misc,2026-05-20 23:26:00
14,wIfI bilL REF4455,148.45,shopping,2026-05-21 09:10:00
14,UPI-RAHUL K-7615@okaxis,588.59,misc,2026-05-21 10:49:00
14,pRiNtout ShOp,50.0,education,2026-05-21 21:36:00
14,ExaM FEe PaymenT/UPI/173000756,670.74,education,2026-05-22 14:06:00
14,ExaM FEe Paymen/TUPI/173000756,670.74,education,2026-05-22 14:06:00
14,UPI-RAHUL K-8656@okaxis,541.3,misc,2026-05-22 14:28:00
14,Exam Fee Payment,664.78,education,2026-05-22 20:32:00
14,redBUS,20.0,entertainment,2026-05-22 21:56:00
14,rBdUSS,20.0,entertainment,2026-05-22 21:56:00
14,UPI-MESS SECRETARY-7779@okaxis,723.25,misc,2026-05-23 12:02:00
14,UPI-PRIYA S-8474@okaxis,594.25,misc,2026-05-24 22:53:00
14,Meesho/UPI/618057364,1153.72,shopping,2026-05-25 18:31:00
14,UPI-UNKNOWN UPI-5273@okaxis,90.22,misc,2026-05-25 20:10:00
14,UPI-RAHUL K-2415@okaxis,966.89,misc,2026-05-25 20:56:00
14,College Fee Portal*ORD950001,1110.1,education,2026-05-27 08:56:00
14,bookmyShOW/UPI/855153035,191.94,entertainment,2026-06-01 17:31:00
14,Hostel Fee,8314.68,rent,2026-06-02 11:31:00
14,oLa aUtO*O,382.95,transport,2026-06-02 13:34:00
14,oa aUtO*O,382.95,transport,2026-06-02 13:34:00
14,CITY BUS PASS*ORD259371,44.6,transport,2026-06-02 16:54:00
14,HOSTEL FEE,4657.76,rent,2026-06-03 11:47:00
14,Airtel Prep,218.25,recharge,2026-06-03 15:39:00
14,IRCTC/UPI/555048503,229.85,transport,2026-06-03 17:24:00
14,LANDLORD TRANSFER,5707.45,rent,2026-06-03 17:39:00
14,Redbus*ORD876335,155.52,transport,2026-06-03 20:41:00
14,pG ReNT pAYmeNt/UPI/339723869,9255.13,rent,2026-06-04 15:57:00
14,HSOTEL FEE,4000.0,rent,2026-06-05 09:43:00
14,LANDLORD TRANS,7045.05,rent,2026-06-05 10:22:00
14,Coursera*ORD202858,50.0,education,2026-06-05 19:23:00
14,Landlord Transfer REF3733,6504.82,rent,2026-06-05 22:45:00
14,Landolrd Transfer REF3733,6504.82,rent,2026-06-05 22:45:00
14,SPOTIFY/UPI/332991278,79.0,entertainment,2026-06-06 11:14:00
14,Uber Moto,104.64,transport,2026-06-06 12:02:00
14,Amazon TXN58498,973.24,shopping,2026-06-06 12:54:00
14,UPI-UNKNOWN UPI-6239@okaxis,435.21,misc,2026-06-06 20:22:00
14,hOtSTAr/UPI/737989202,383.32,entertainment,2026-06-06 20:43:00
14,NEtfLIX,355.53,entertainment,2026-06-06 21:50:00
14,Ajio/PUI/828777233,765.72,shopping,2026-06-07 10:10:00
14,Ajio/UII/828777323,765.72,shopping,2026-06-07 10:10:00
14,UDEmy ERF7741,1251.12,education,2026-06-07 10:37:00
14,UPI-RAHUL K-1814@okaxis,810.79,misc,2026-06-07 12:15:00
14,NETFLIX,79.0,entertainment,2026-06-07 16:55:00
14,BOOKMYSHOW*ORD393228,147.65,entertainment,2026-06-08 07:06:00
14,BOOKMYSHOW*ROD393228,147.65,entertainment,2026-06-08 07:06:00
14,UPI-RAHUL K-7554@okaxis,970.56,misc,2026-06-08 18:09:00
14,SPotIfY,200.14,entertainment,2026-06-09 13:14:00
14,SPotIfY,200.14,entertainment,2026-06-09 13:14:00
14,redbuS TXN87694,290.73,transport,2026-06-10 16:32:00
14,SWIGGY REF1315,386.14,food,2026-06-11 14:14:00
14,Rapido/UPI/386384,41.45,transport,2026-06-11 22:16:00
14,CAFE COFFEE DAY,186.66,food,2026-06-12 09:04:00
14,BOOKMYSHOW REF4902,288.17,entertainment,2026-06-12 17:36:00
14,CAFe coFFEE dAy REF2282,120.29,food,2026-06-12 17:37:00
14,eXAm FEE paYment/UPI/349497032,50.0,education,2026-06-16 14:49:00
14,UPI-MESS SECRETARY-5771@okaxis,50.0,misc,2026-06-16 17:30:00
14,CaMPUS caNteEN TXN49615,240.73,food,2026-06-17 10:45:00
14,Udemy*ODR778021,227.18,education,2026-06-17 11:35:00
14,UPI-ROOMMATE SPLIT-9036@okaxis,50.0,misc,2026-06-20 14:25:00
14,SwIggy iNstamaRT,421.09,food,2026-06-20 19:04:00
14,SwIggy iNstamaRT,421.09,food,2026-06-20 19:04:00
14,Cafe Coffee Day,96.65,food,2026-06-23 10:21:00
14,Prime Video/UPI/7,263.11,entertainment,2026-06-25 21:51:00
14,PRIME VIDEO,312.21,entertainment,2026-06-28 06:55:00
14,CaMPUS canTEen REF2695,267.4,food,2026-07-01 06:29:00
14,Flipkart REF6274,1810.02,shopping,2026-07-01 07:14:00
14,HOSTEL FEE,5552.94,rent,2026-07-02 06:17:00
14,Pg Retn Payment TXN80184,6635.98,shopping,2026-07-02 08:29:00
14,Pg Retn Payment TXN80184,6635.98,shopping,2026-07-02 08:29:00
14,Hostel Fee TXN14825,8059.12,rent,2026-07-02 15:11:00
14,iRcct*ORD5,193.4,transport,2026-07-02 15:31:00
14,hoSTEl FeE,9442.7,rent,2026-07-02 15:37:00
14,LANDLORD TRANSFER TXN90551,6573.42,rent,2026-07-02 15:42:00
14,Hostel Fee,9385.87,rent,2026-07-02 16:14:00
14,Hosstl Fee,9385.87,rent,2026-07-02 16:14:00
14,HOSTEL FEE/UPI/581352351,9694.54,rent,2026-07-02 19:09:00
14,PRInOTUt Shop REF2513,50.0,education,2026-07-03 10:27:00
14,PRInOTUt Shop REF22513,50.0,education,2026-07-03 10:27:00
14,Jio Recharge TXN44763,99.0,recharge,2026-07-03 12:07:00
14,Jio Recharge TXN44736,99.0,recharge,2026-07-03 12:07:00
14,udemy TXN1501,478.64,entertainment,2026-07-03 20:50:00
14,LANDLORD TRANSFER/UPI/335210591,8845.0,rent,2026-07-03 22:10:00
14,BOOKMYSHOW TXN19872,79.0,entertainment,2026-07-04 10:11:00
14,hosTEl FeE,5460.45,rent,2026-07-04 14:07:00
14,hoTsEl FeE,5460.45,rent,2026-07-04 14:07:00
14,HOTstAR/UPI/534004758,79.0,entertainment,2026-07-04 15:16:00
14,COLLEGE FEE PORTA,353.53,education,2026-07-04 15:19:00
14,COLLEGE FEE ORATT,353.53,education,2026-07-04 15:19:00
14,aMAzoN/UPI/335639868,623.05,shopping,2026-07-04 16:33:00
14,Metro Card Recharge REF8336,277.36,transport,2026-07-04 17:29:00
14,Landlord Transfer,6794.51,rent,2026-07-05 07:28:00
14,Landlord Tansfer,6794.51,rent,2026-07-05 07:28:00
14,SWigGy InsTaMART,88.69,food,2026-07-05 08:03:00
14,SWigGy InsTaMART,88.69,food,2026-07-05 08:03:00
14,Ola,20.0,transport,2026-07-05 17:20:00
14,Ola,20.0,transport,2026-07-05 17:20:00
14,JIO RECHARGE*ORD622,172.09,recharge,2026-07-05 22:46:00
14,Pg Rent Payment,8018.4,rent,2026-07-05 23:04:00
14,UPI-PRIYA S-9669@okaxis,502.39,misc,2026-07-05 23:52:00
14,PETROL PUMP,203.94,transport,2026-07-06 06:06:00
14,UPI-FRIEND REPAYMENT-2419@okaxis,880.37,misc,2026-07-06 08:48:00
14,UDeMy,50.0,education,2026-07-06 11:51:00
14,BOOKMYSHOW*ORD413711,305.21,entertainment,2026-07-06 18:32:00
14,BOOKMYSHOW*ORD431711,305.21,entertainment,2026-07-06 18:32:00
14,Ola ERF9964,400.33,transport,2026-07-06 18:52:00
14,Oal ERF9664,400.33,transport,2026-07-06 18:52:00
14,Rapido TXN28569,213.84,transport,2026-07-07 06:39:00
14,JIO RECHARGE,318.73,recharge,2026-07-07 08:08:00
14,WIFI BILL TXN65592,314.25,recharge,2026-07-07 19:55:00
14,WFI BILLL TXN56592,314.25,recharge,2026-07-07 19:55:00
14,FLIPKARt TXN20365,100.0,shopping,2026-07-07 22:06:00
14,JIO RECHARGE*ORD527515,99.0,recharge,2026-07-08 15:43:00
14,IJO RECHARGE*ORD527515,99.0,recharge,2026-07-08 15:43:00
14,Uber Moto*ORD292067,282.1,transport,2026-07-08 18:23:00
14,Uberr Moto*ORD29207,282.1,transport,2026-07-08 18:23:00
14,FLIPKART/UPI/714642426,158.85,shopping,2026-07-09 07:17:00
14,HotStAR*ORD632053,266.11,entertainment,2026-07-09 11:57:00
14,HotStAR*ORD63203,266.11,entertainment,2026-07-09 11:57:00
14,fLIPkArt/UPI/969742248,1210.93,shopping,2026-07-09 12:45:00
14,exaM FEe pAymENt/UPI/193986912,1571.96,education,2026-07-09 14:02:00
14,exaM FEe pAymENt/PUI/193986912,1571.96,education,2026-07-09 14:02:00
14,BOOKMYSHOW TXN98774,157.65,entertainment,2026-07-09 19:03:00
14,BOKMYSHO WTXN98774,157.65,entertainment,2026-07-09 19:03:00
14,campUS CANtEEn*ORD845247,87.63,food,2026-07-10 09:53:00
14,udEMy,50.0,education,2026-07-10 11:35:00
14,UPI-PRIYA S-9314@okaxis,1166.02,misc,2026-07-10 12:54:00
14,UPI-RAHUL K-4895@okaxis,1022.88,misc,2026-07-10 15:40:00
14,MYNTRA,355.36,shopping,2026-07-11 12:34:00
14,Flipkart*ORD,778.99,shopping,2026-07-11 14:06:00
14,MEESHO,197.97,shopping,2026-07-11 19:07:00
14,MeTRO Card recHargE*ORD3,175.99,transport,2026-07-11 21:36:00
14,Printout Shop,640.29,education,2026-07-12 08:03:00
14,PrintotS hop,640.29,education,2026-07-12 08:03:00
14,Printout Sh,50.0,education,2026-07-12 12:07:00
14,Printout Sh,50.0,education,2026-07-12 12:07:00
14,AIRTEL PREPAID/UPI/43748664,198.86,recharge,2026-07-12 12:50:00
14,AIRTEL PREPAI/UP/I43748664,198.86,recharge,2026-07-12 12:50:00
14,AMazOn REF9240,648.8,shopping,2026-07-12 19:08:00
14,AMazOn REF9240,648.8,shopping,2026-07-12 19:08:00
14,Ola,199.97,transport,2026-07-13 11:50:00
14,Ola,199.97,transport,2026-07-13 11:50:00
14,MEESHO,748.07,shopping,2026-07-13 13:32:00
14,MEESHO,748.07,shopping,2026-07-13 13:32:00
14,Myntra,1201.94,shopping,2026-07-13 18:20:00
14,aIRtel PRePaid,103.04,recharge,2026-07-14 08:17:00
14,aIRtel PRePaid,103.04,recharge,2026-07-14 08:17:00
14,UPI-PRIYA S-1669@okaxis,50.0,misc,2026-07-15 22:04:00
14,Exam Fee Payment,506.65,education,2026-07-16 10:11:00
14,BOOKMYSHOW,317.07,transport,2026-07-17 22:40:00
14,City Bus Pass/UPI/208912081,361.34,transport,2026-07-18 08:15:00
14,fLIpKArT*OR,103.92,shopping,2026-07-18 10:15:00
14,UPI-RAHUL K-6398@okaxis,50.0,misc,2026-07-18 16:53:00
14,priME viDeO,255.42,entertainment,2026-07-18 21:39:00
14,Ola,106.62,transport,2026-07-18 22:00:00
14,AIRTEL PREPAID TXN3,225.16,recharge,2026-07-18 23:44:00
14,AIRTEL PREPAID TNX3,225.16,recharge,2026-07-18 23:44:00
14,CAMPus canTeEn,58.53,food,2026-07-19 07:33:00
14,CAMPuus acnTeEn,58.53,food,2026-07-19 07:33:00
14,aJIO*ORD771602,887.58,shopping,2026-07-20 06:15:00
14,UDEMY/UPI/8,84.47,education,2026-07-21 09:17:00
14,WIFi BiLL*ORD711663,261.57,recharge,2026-07-21 16:05:00
14,PRiMe vIDeo RE,389.94,entertainment,2026-07-21 18:10:00
14,OLA atUo*ORD547104,26.91,transport,2026-07-22 06:31:00
14,OLA atUo*ORD457104,26.91,transport,2026-07-22 06:31:00
14,REDBUS TXN84604,149.96,transport,2026-07-22 10:52:00
14,REDBUST XN8404,149.96,transport,2026-07-22 10:52:00
14,WIFI BILL*ORD226453,261.79,recharge,2026-07-22 14:44:00
14,Spotify*OR,418.48,entertainment,2026-07-22 18:19:00
14,Spotify*OR,418.48,entertainment,2026-07-22 18:19:00
14,UPI-RAHUL K-8893@okaxis,188.08,misc,2026-07-23 13:14:00
14,pRiME vidEO REF6553,79.0,entertainment,2026-07-24 13:44:00
14,vi prEpaID*ORD2,99.0,recharge,2026-07-25 18:37:00
14,UPI-UNKNOWN UPI-2122@okaxis,50.0,misc,2026-07-26 15:05:00
14,ubEr MoTO/UPI/8978936,28.23,transport,2026-07-26 23:45:00
14,ubEr MTO/UPI/8978936,28.23,transport,2026-07-26 23:45:00
14,UPI-PRIYA S-8580@okaxis,50.0,misc,2026-07-27 15:05:00
14,WiFi Bill TXN33933,160.93,recharge,2026-07-27 16:06:00
14,Cafe Coffee Day TXN7031,379.22,food,2026-07-27 20:37:00
14,Swiggy/UPI/813397494,374.83,food,2026-08-01 09:52:00
14,HOTSTAR,157.95,entertainment,2026-08-01 15:59:00
14,flIpkaRt REF,991.03,shopping,2026-08-01 19:08:00
14,flpkaRt REF,991.03,shopping,2026-08-01 19:08:00
14,Namma Metro TXN34479,140.92,food,2026-08-01 23:37:00
14,cAfE coffeE DaY*OR,230.94,food,2026-08-02 07:55:00
14,JIO RECHARGE,376.11,recharge,2026-08-02 08:18:00
14,Coursera TXN49847,679.93,education,2026-08-03 10:04:00
14,PRINtoU TsHop,650.92,education,2026-08-03 13:18:00
14,Mess Fee,340.63,food,2026-08-03 13:58:00
14,Campus Canteen*ORD,249.76,food,2026-08-03 14:02:00
14,Campus CanteenO*RDD,249.76,food,2026-08-03 14:02:00
14,FlipKArt,895.71,shopping,2026-08-03 18:23:00
14,FlipKArt,895.71,shopping,2026-08-03 18:23:00
14,UDEMY,50.0,education,2026-08-04 22:30:00
14,AMAZON REF2519,902.79,shopping,2026-08-05 21:42:00
14,AAZON REF2519,902.79,shopping,2026-08-05 21:42:00
14,Bookmyshow/UPI/144222628,79.0,entertainment,2026-08-06 07:01:00
14,Bookmyshow/UPI144222628,79.0,entertainment,2026-08-06 07:01:00
14,Airtel Prepaid/UPI/,313.88,recharge,2026-08-06 07:47:00
14,booKmyShOW*ORD729715,97.48,entertainment,2026-08-06 13:03:00
14,Flipkart*ORD330279,447.8,shopping,2026-08-07 12:25:00
14,JIO RECHARGE*ORD98073,99.0,recharge,2026-08-07 13:55:00
14,Amazon,1394.56,shopping,2026-08-07 14:39:00
14,Uber Moto TXN66700,141.12,transport,2026-08-07 17:10:00
14,IRCTC,166.69,transport,2026-08-07 18:35:00
14,FLIPKART TXN69025,1785.72,shopping,2026-08-08 12:08:00
14,FLIPKART TXN6925,1785.72,shopping,2026-08-08 12:08:00
14,MYNTRA*ORD6704,867.99,shopping,2026-08-08 13:06:00
14,MYNTAARORD6704,867.99,shopping,2026-08-08 13:06:00
14,Ajio/UPI/324265860,538.76,shopping,2026-08-08 14:16:00
14,MYntra/UPI/650392236,100.0,shopping,2026-08-08 16:50:00
14,MYntra/UPI/65092236,100.0,shopping,2026-08-08 16:50:00
14,VI PREPAID,281.17,recharge,2026-08-09 21:15:00
14,VI PREPAID,281.17,recharge,2026-08-09 21:15:00
14,Coursera/UPI/324989582,1038.36,education,2026-08-10 13:42:00
14,prINtout shop,1230.72,education,2026-08-10 13:46:00
14,MEESHO REF492,713.09,shopping,2026-08-11 14:32:00
14,udeMy REF2290,666.52,education,2026-08-11 20:52:00
14,udeMyR EEF2290,666.52,education,2026-08-11 20:52:00
14,EXAM FEE PAYMENT,551.54,education,2026-08-12 07:04:00
14,EXAM FEE PAYMENT,551.54,education,2026-08-12 07:04:00
14,Ajio,100.0,shopping,2026-08-12 13:44:00
14,AAjio,100.0,shopping,2026-08-12 13:44:00
14,SWIggy*ORD347652,141.05,food,2026-08-12 21:44:00
14,SWIggy*ROD347652,141.05,food,2026-08-12 21:44:00
14,UPI-ROOMMATE SPLIT-5621@okaxis,838.49,misc,2026-08-13 18:05:00
14,SWIGGY,386.68,food,2026-08-15 06:37:00
14,bOoKMYshOW REF1110,119.54,entertainment,2026-08-15 10:31:00
14,AIRteL PRepaid*ORD5646,158.9,recharge,2026-08-15 15:03:00
14,AIRteL RPepaid*ORD5646,158.9,recharge,2026-08-15 15:03:00
14,Campus Canteen/UPI/32,363.78,food,2026-08-15 19:50:00
14,Myntra,747.74,shopping,2026-08-16 10:15:00
14,Bookmyshow,79.0,entertainment,2026-08-16 11:07:00
14,AMAZON,600.58,shopping,2026-08-16 22:24:00
14,AMAZON,600.58,shopping,2026-08-16 22:24:00
14,Swiggy/UPI/711117296,105.73,food,2026-08-16 22:59:00
14,Meesho,934.88,shopping,2026-08-17 11:22:00
14,Udemy/UPI/589151402,1060.79,education,2026-08-17 17:00:00
14,MYNTRA*ORD210494,1673.43,shopping,2026-08-19 20:36:00
14,MYNTRA*ODR210494,1673.43,shopping,2026-08-19 20:36:00
14,Ola/UPI/229,53.66,transport,2026-08-19 20:48:00
14,IRCTC/UPI/897593021,20.0,transport,2026-08-19 22:07:00
14,IRCT/UPI/897593021,20.0,transport,2026-08-19 22:07:00
14,PARking fEE*ORD799424,386.71,transport,2026-08-20 08:12:00
14,UPI-MESS SECRETARY-5392@okaxis,260.83,misc,2026-08-22 08:50:00
14,priMe vidEO*O,478.73,entertainment,2026-08-22 12:55:00
14,UPI-PRIYA S-1311@okaxis,529.5,misc,2026-08-22 16:49:00
14,aIrteL PrEpAid TXN63988,170.17,recharge,2026-08-23 21:31:00
14,UPI-UNKNOWN UPI-1222@okaxis,655.61,misc,2026-08-24 15:33:00
14,jIO recHArge,238.42,recharge,2026-08-26 11:35:00
14,jIIO recHArge,238.42,recharge,2026-08-26 11:35:00
14,UPI-RAHUL K-9965@okaxis,508.9,misc,2026-08-26 17:56:00
14,UPI-FRIEND REPAYMENT-6327@okaxis,1208.97,misc,2026-08-28 08:01:00
15,Hotstar RE4F607,79.0,entertainment,2026-04-01 16:14:00
15,EXAM FEE PAYMENT,351.47,education,2026-04-02 10:55:00
15,EXAM EFE PAYMENT,351.47,education,2026-04-02 10:55:00
15,AMAZON REF7550,1676.49,shopping,2026-04-02 14:11:00
15,MAAZON EF75500,1676.49,shopping,2026-04-02 14:11:00
15,BOOKMYSHOW/UPI/104537435,343.32,entertainment,2026-04-02 17:17:00
15,BOOKMYSHOW/UPI/104537435,343.32,entertainment,2026-04-02 17:17:00
15,hOsTel Fee,4994.91,food,2026-04-03 07:18:00
15,Pg Rent Payment*ORD300958,7262.93,rent,2026-04-03 13:00:00
15,Pg Rent Payment,8535.3,rent,2026-04-03 20:10:00
15,HOSTel fEe REF5187,7235.04,rent,2026-04-03 22:31:00
15,ExAM feE PaYmENT*ORD2,268.81,education,2026-04-04 07:18:00
15,Hostel Fee,6382.26,rent,2026-04-04 22:13:00
15,Hosle Fee,6382.26,rent,2026-04-04 22:13:00
15,COURSERA,345.16,education,2026-04-05 08:07:00
15,CaFe COfFeE dAY*ORD951518,240.37,recharge,2026-04-05 21:01:00
15,FLIPKART,100.0,shopping,2026-04-05 21:32:00
15,LFIPPKART,100.0,shopping,2026-04-05 21:32:00
15,AMAzoN TXN63378,100.0,shopping,2026-04-07 11:29:00
15,AMzoN TXN366378,100.0,shopping,2026-04-07 11:29:00
15,UPI-PRIYA S-7625@okaxis,691.13,misc,2026-04-07 11:58:00
15,REDBUS REF9155,53.4,transport,2026-04-08 10:37:00
15,REDBUS REF9155,53.4,transport,2026-04-08 10:37:00
15,UPI-FRIEND REPAYMENT-8518@okaxis,761.44,misc,2026-04-08 14:34:00
15,Meesho TXN95915,369.7,shopping,2026-04-08 16:38:00
15,Meesho TXN959115,369.7,shopping,2026-04-08 16:38:00
15,domINOs TXN95732,442.41,food,2026-04-08 19:44:00
15,domINOs TXN95732,442.41,food,2026-04-08 19:44:00
15,UPI-ROOMMATE SPLIT-8241@okaxis,50.0,misc,2026-04-08 20:27:00
15,Exam Fee Payment,50.0,education,2026-04-09 12:09:00
15,SWIGGY INSTA,317.36,food,2026-04-09 14:18:00
15,SWIGGY INSTA,317.36,food,2026-04-09 14:18:00
15,COURSERA,50.0,education,2026-04-10 11:30:00
15,COURSERA,50.0,education,2026-04-10 11:30:00
15,rapIdO*ORD256200,103.48,transport,2026-04-10 13:52:00
15,SWIGGY REF9031,239.74,food,2026-04-11 16:41:00
15,SWIGGY REF9031,239.74,food,2026-04-11 16:41:00
15,UPI-RAHUL K-2932@okaxis,854.54,misc,2026-04-11 17:31:00
15,PRIME VIDEO/UPI/952200017,434.36,entertainment,2026-04-12 08:44:00
15,PRIEM VIDEO/UPI/952200117,434.36,entertainment,2026-04-12 08:44:00
15,JIO RECHARGE,269.79,recharge,2026-04-12 09:50:00
15,cOurseRa/UPI/5602,431.36,education,2026-04-12 22:23:00
15,PRIME VIDE,464.59,entertainment,2026-04-16 11:58:00
15,OLa,136.62,transport,2026-04-16 13:07:00
15,OLa,136.62,transport,2026-04-16 13:07:00
15,priMe viDEO,182.82,entertainment,2026-04-16 17:04:00
15,oLa,20.0,transport,2026-04-16 20:17:00
15,oLa,20.0,transport,2026-04-16 20:17:00
15,PRIME VIEDO,123.55,entertainment,2026-04-16 20:50:00
15,PRIMME VEDO,123.55,entertainment,2026-04-16 20:50:00
15,AJIO,586.17,shopping,2026-04-17 06:55:00
15,CAMPUS CANTEEN,41.32,food,2026-04-17 08:39:00
15,Campus Cante,134.02,food,2026-04-19 16:29:00
15,myntRA TXN38154,411.18,shopping,2026-04-20 09:47:00
15,myntRA TXN3184,411.18,shopping,2026-04-20 09:47:00
15,UPI-RAHUL K-5707@okaxis,179.13,misc,2026-04-22 10:11:00
15,College Fee Portal*ORD940578,127.27,education,2026-04-23 18:07:00
15,Clolege Fee  Portal*ORD940578,127.27,education,2026-04-23 18:07:00
15,UPI-FRIEND REPAYMENT-7496@okaxis,50.0,misc,2026-04-24 13:44:00
15,OLA REF3394,100.37,transport,2026-04-26 17:49:00
15,VI PREPAID,155.9,recharge,2026-05-01 15:11:00
15,VI PEPAID,155.9,recharge,2026-05-01 15:11:00
15,Swiggy Instamart*ORD,169.42,food,2026-05-01 16:29:00
15,Swiggy Insstamart*ORD,169.42,food,2026-05-01 16:29:00
15,UPI-MESS SECRETARY-6537@okaxis,886.62,misc,2026-05-01 22:03:00
15,JIO reCHArGe,196.5,recharge,2026-05-02 07:14:00
15,JIO reCHHArGe,196.5,recharge,2026-05-02 07:14:00
15,WIFI BILL/UPI/267829681,256.78,recharge,2026-05-02 08:18:00
15,WIFI BILL/UPI//267289681,256.78,recharge,2026-05-02 08:18:00
15,hOSTEL feE,9786.55,rent,2026-05-02 12:37:00
15,hOTEEL fEe,9786.55,rent,2026-05-02 12:37:00
15,Irctc,355.44,shopping,2026-05-02 17:02:00
15,Pg Rent Payment*ORD316672,5141.42,rent,2026-05-02 18:44:00
15,Pg Reent Payment*ORD316672,5141.42,rent,2026-05-02 18:44:00
15,Pg Rent Paym,5423.04,rent,2026-05-03 07:21:00
15,Pg Rent Pamy,5423.04,rent,2026-05-03 07:21:00
15,MESS FEE*ORD923693,290.03,food,2026-05-03 08:52:00
15,METRO CARD RECHARGE,54.53,transport,2026-05-03 10:25:00
15,HOSTEL FEE*ORD870205,6844.85,rent,2026-05-03 11:49:00
15,Landlodr Trans,10101.86,rent,2026-05-03 16:05:00
15,Landlord Trans,10101.86,rent,2026-05-03 16:05:00
15,pG rENT PayMENt*ORD676814,9246.15,rent,2026-05-03 18:02:00
15,Ola*ORD843567,110.76,recharge,2026-05-03 19:30:00
15,Ola*RD843567,110.76,recharge,2026-05-03 19:30:00
15,COLLEGE FEE PORTAL TXN57102,370.58,education,2026-05-04 10:22:00
15,COLLEGE FEEP ORTAL  TXN57102,370.58,education,2026-05-04 10:22:00
15,PG RENT PAYMENT REF6383,6725.27,transport,2026-05-04 11:26:00
15,Netflxi,79.0,entertainment,2026-05-05 08:58:00
15,Netflxi,79.0,entertainment,2026-05-05 08:58:00
15,aLndlorD TRANSfEr TXN84154,6927.87,rent,2026-05-05 11:11:00
15,aLndlorD TRANSfEr TXN488154,6927.87,rent,2026-05-05 11:11:00
15,hoTsTaR TXN94128,150.31,entertainment,2026-05-05 12:05:00
15,Namma Metro,20.0,food,2026-05-05 15:07:00
15,UBer,39.05,transport,2026-05-05 19:28:00
15,Pg Rent Payment TXN19400,4252.48,rent,2026-05-05 23:24:00
15,Ola Auto,20.0,transport,2026-05-07 17:43:00
15,Ola Atuo,20.0,transport,2026-05-07 17:43:00
15,EXAM FEE PAYMENT/UPI/124576966,598.51,education,2026-05-08 11:21:00
15,EXAM FEE PAYMENT/UPI/124576966,598.51,education,2026-05-08 11:21:00
15,PARKING FEE*ORD626881,333.62,transport,2026-05-08 14:10:00
15,Spotify RE,256.72,entertainment,2026-05-08 18:43:00
15,spoTiFy,302.33,entertainment,2026-05-08 20:03:00
15,UPI-FRIEND REPAYMENT-1574@okaxis,850.6,misc,2026-05-08 21:22:00
15,Udemy,303.78,education,2026-05-09 06:07:00
15,DOMINOS/UPI/397595174,211.46,food,2026-05-09 08:18:00
15,AmAZon/UPI/643515230,1289.76,shopping,2026-05-09 16:55:00
15,Ajio REF62,382.34,shopping,2026-05-10 13:37:00
15,COLLeGE FeE POrTAL TXN41676,50.0,education,2026-05-11 07:29:00
15,collEGE FEe PORTaL REF8939,807.37,education,2026-05-12 13:35:00
15,mess Fee TXN76111,78.52,food,2026-05-12 19:32:00
15,vI PREPAID/UPI/453132245,174.73,recharge,2026-05-13 17:27:00
15,MYNTRA,543.27,shopping,2026-05-13 23:42:00
15,UPI-RAHUL K-9310@okaxis,651.77,misc,2026-05-14 08:40:00
15,Uber,85.97,food,2026-05-14 13:22:00
15,Uber,85.97,food,2026-05-14 13:22:00
15,AIRTEL PREPAID*ORD730279,564.38,recharge,2026-05-14 14:36:00
15,Irctc TXN1588,44.79,transport,2026-05-15 19:36:00
15,UPI-ROOMMATE SPLIT-8169@okaxis,425.25,misc,2026-05-15 22:17:00
15,NEtflix REF8285,424.37,entertainment,2026-05-16 07:31:00
15,Exam Fee Payment,1270.6,education,2026-05-16 08:18:00
15,MyNtrA,898.1,shopping,2026-05-16 11:23:00
15,UPI-FRIEND REPAYMENT-9842@okaxis,429.19,misc,2026-05-17 10:50:00
15,AIRTel PREPAiD,489.17,rent,2026-05-19 06:48:00
15,WIFI BILL,99.0,recharge,2026-05-19 14:56:00
15,Swiggy Instamart/UPI/632005325,147.87,food,2026-05-19 18:18:00
15,UPI-UNKNOWN UPI-1774@okaxis,50.0,misc,2026-05-19 23:14:00
15,AMAZON TXN89036,862.2,shopping,2026-05-20 06:29:00
15,NEtflix REF4937,79.0,entertainment,2026-05-20 08:28:00
15,NEtflx REF4937,79.0,entertainment,2026-05-20 08:28:00
15,zoMATO/UPI/648928155,40.0,food,2026-05-20 21:47:00
15,Wifi Bill TXN11,427.1,recharge,2026-05-20 23:24:00
15,Prime Video TXN25650,470.27,entertainment,2026-05-20 23:56:00
15,vi PREPAiD/UPI/449012372,257.68,recharge,2026-05-21 15:14:00
15,OLA AUTO TXN67408,207.05,transport,2026-05-22 17:43:00
15,DoMInOS,211.01,food,2026-05-24 12:02:00
15,DMInOS,211.01,food,2026-05-24 12:02:00
15,HotSTar/UPI/717747492,92.73,entertainment,2026-05-24 18:56:00
15,iRCTC*ORD650277,202.17,transport,2026-05-24 21:08:00
15,iRCTC*ORD650277,202.17,transport,2026-05-24 21:08:00
15,FLIPKAR*TORD792219,100.0,shopping,2026-05-25 22:25:00
15,UPI-PRIYA S-5873@okaxis,574.83,misc,2026-05-26 16:13:00
15,Uber/UPI/271908356,296.5,transport,2026-05-27 13:47:00
15,Uber,229.79,transport,2026-05-27 16:24:00
15,FLIPKART,100.0,shopping,2026-05-28 07:52:00
15,Myntra TXN,901.37,shopping,2026-05-28 19:49:00
15,OlA*ORD581412,226.87,transport,2026-06-01 08:51:00
15,ola AUTo*ORD720344,20.0,transport,2026-06-01 10:27:00
15,ola AUTo*ORD720344,20.0,transport,2026-06-01 10:27:00
15,Prime Vide,79.0,entertainment,2026-06-01 11:39:00
15,Piem Videe,79.0,entertainment,2026-06-01 11:39:00
15,LandLOrD TRAnsfEr/UP/I341937258,7291.08,rent,2026-06-02 11:53:00
15,HOSTEL FEE/UPI/796449950,8967.98,rent,2026-06-02 12:36:00
15,PG RENT PAYMENT/UPI/146479114,5094.91,rent,2026-06-03 06:45:00
15,PRIME VIDE,213.65,entertainment,2026-06-03 11:22:00
15,PRIME IVDEE,213.65,entertainment,2026-06-03 11:22:00
15,lAndlOrD TrAnsfEr*ORD64,7481.18,rent,2026-06-03 16:55:00
15,lAndlOrD TrAnsfEr*ORD64,7481.18,rent,2026-06-03 16:55:00
15,HOTSTAR/UPI/208463986,359.19,entertainment,2026-06-03 21:17:00
15,HOTSSTAR/PUI/28463986,359.19,entertainment,2026-06-03 21:17:00
15,PARKInG feE/UPI/868219133,136.42,transport,2026-06-04 18:46:00
15,PARKING FEE/UPI/591402697,146.13,transport,2026-06-05 08:23:00
15,Vi prePaiD ERF5928,293.04,recharge,2026-06-05 20:27:00
15,Vi pprePiD ERF5928,293.04,recharge,2026-06-05 20:27:00
15,Pg Rent Payment,6553.78,rent,2026-06-05 21:57:00
15,LANDLORD TRANSFER TXN55976,8356.03,rent,2026-06-05 23:46:00
15,sPoTifY/UPI/780139825,79.0,entertainment,2026-06-06 19:21:00
15,sPoifY//UPI/780139825,79.0,entertainment,2026-06-06 19:21:00
15,COLLEGE FEE PORTAL TXN99056,1674.86,education,2026-06-06 22:46:00
15,DOMINOS,214.98,food,2026-06-07 06:09:00
15,DDOINOS,214.98,food,2026-06-07 06:09:00
15,COURSERA TXN54122,50.0,education,2026-06-08 07:39:00
15,COURSERA TXN54122,50.0,education,2026-06-08 07:39:00
15,pARkInG fEe,164.77,transport,2026-06-08 09:37:00
15,Printout Shop/UPI/585126363,50.0,education,2026-06-08 11:19:00
15,Printout Shop/UPI/585126363,50.0,education,2026-06-08 11:19:00
15,College Fee Portal/UPI/511073579,1198.8,education,2026-06-08 11:29:00
15,College Fee Portal/UPI/511073579,1198.8,education,2026-06-08 11:29:00
15,SPOTIFY/UP,323.76,entertainment,2026-06-08 21:32:00
15,OLA AUTO/UPI/298698399,451.39,transport,2026-06-09 14:21:00
15,OLA AUTO/UPI/298698399,451.39,transport,2026-06-09 14:21:00
15,JIo reChARgE/UPI/151929070,127.69,recharge,2026-06-11 07:06:00
15,NETflIx/UP,341.15,entertainment,2026-06-11 13:01:00
15,Udemy,50.0,education,2026-06-12 13:18:00
15,Udeym,50.0,education,2026-06-12 13:18:00
15,VI PREPAID/UPI/251021231,125.21,recharge,2026-06-12 22:18:00
15,VI PREPAID/UPI/251012231,125.21,recharge,2026-06-12 22:18:00
15,Campus Canteen*ORD133542,145.6,food,2026-06-13 15:44:00
15,Campus Canteen*ORD133542,145.6,food,2026-06-13 15:44:00
15,Vi Prepaid*ORD806715,154.26,recharge,2026-06-13 17:01:00
15,Vi Prepaid*RD806715,154.26,recharge,2026-06-13 17:01:00
15,UPI-ROOMMATE SPLIT-7752@okaxis,795.83,misc,2026-06-14 19:45:00
15,UPI-PRIYA S-4199@okaxis,50.0,misc,2026-06-16 23:48:00
15,OLA AUtO RE,20.0,transport,2026-06-17 11:24:00
15,OLAA UtO RE,20.0,transport,2026-06-17 11:24:00
15,irctC,191.61,transport,2026-06-17 18:17:00
15,Swiggy*ODR949892,40.0,food,2026-06-17 20:34:00
15,Swigg*yODR949892,40.0,food,2026-06-17 20:34:00
15,ZOMATO TXN21695,64.38,food,2026-06-18 23:52:00
15,ZOMATO TXXN21695,64.38,food,2026-06-18 23:52:00
15,SPOTify*ORD244180,187.75,entertainment,2026-06-19 17:43:00
15,SPOTiify*ORD244180,187.75,entertainment,2026-06-19 17:43:00
15,AJIO,766.39,shopping,2026-06-20 19:42:00
15,AJJIO,766.39,shopping,2026-06-20 19:42:00
15,Jio Recharge,99.0,recharge,2026-06-21 13:18:00
15,EXAM FEE PAYMENT*ORD451048,442.75,education,2026-06-25 19:02:00
15,EXAM FEE PAYMENT*ORD451408,442.75,education,2026-06-25 19:02:00
15,BOOKmyShow,214.36,entertainment,2026-06-26 17:32:00
15,COURSERA/UPI/744,1552.22,education,2026-06-27 16:26:00
15,PrintOUt shoP TXN95287,50.0,education,2026-07-02 15:58:00
15,PrintOt shoP TXN95287,50.0,education,2026-07-02 15:58:00
15,Hostel Fee TXN93057,5830.22,rent,2026-07-02 22:48:00
15,Hostel FeeTXN93057,5830.22,rent,2026-07-02 22:48:00
15,HOSTEL FEE,8622.98,rent,2026-07-03 08:48:00
15,BOOKMYHSOW,145.88,entertainment,2026-07-03 13:51:00
15,UPI-UNKNOWN UPI-4482@okaxis,440.59,misc,2026-07-03 17:21:00
15,Prime Video*ORD628213,487.47,entertainment,2026-07-04 06:56:00
15,Primee Viedo*ORD628213,487.47,entertainment,2026-07-04 06:56:00
15,Wifi Bill/UPI/774973444,99.0,recharge,2026-07-04 15:38:00
15,PRIntOut ShoP REF4005,840.78,education,2026-07-04 19:09:00
15,Prime Video,297.32,entertainment,2026-07-04 19:16:00
15,hOTsTAr/UPI/8575,331.07,entertainment,2026-07-04 21:25:00
15,SPOTIFY*ORD568534,230.42,entertainment,2026-07-08 10:52:00
15,SPOTIFY*OD5658334,230.42,entertainment,2026-07-08 10:52:00
15,UPI-FRIEND REPAYMENT-9470@okaxis,50.0,misc,2026-07-08 21:26:00
15,PRIME VIDEO REF8616,79.0,entertainment,2026-07-09 23:36:00
15,CamPUs CantEEN TXN8,304.58,food,2026-07-10 17:13:00
15,Netflix*ORD681412,180.1,entertainment,2026-07-10 19:47:00
15,Neftlix*ORD681412,180.1,entertainment,2026-07-10 19:47:00
15,NETFLIX*ORD718537,368.88,entertainment,2026-07-10 23:50:00
15,NETFLIX*OORD18537,368.88,entertainment,2026-07-10 23:50:00
15,SWIGGY TXN87110,542.51,food,2026-07-11 14:36:00
15,wiFi bilL,353.93,recharge,2026-07-11 21:21:00
15,Wifi Bill,266.71,recharge,2026-07-12 18:22:00
15,Wfi Bill,266.71,recharge,2026-07-12 18:22:00
15,Spotify/UPI/953640632,79.0,entertainment,2026-07-13 06:31:00
15,WIFI BILL TXN60758,187.72,recharge,2026-07-14 19:13:00
15,EXAM FEE PAYMENT,229.51,education,2026-07-15 19:45:00
15,HOTSTAR*ORD870281,351.97,entertainment,2026-07-15 22:57:00
15,HOTSTAR*ROD870281,351.97,entertainment,2026-07-15 22:57:00
15,Wifi Bill,223.14,entertainment,2026-07-16 07:31:00
15,Swiggy/UPI/553855705,369.57,recharge,2026-07-16 19:38:00
15,Spotify*ORD476139,79.0,entertainment,2026-07-19 18:27:00
15,WIFI BILL,309.37,recharge,2026-07-21 09:17:00
15,UPI-ROOMMATE SPLIT-6174@okaxis,657.86,misc,2026-07-22 18:27:00
15,PrIntOUT ShOp,1116.86,education,2026-07-23 15:46:00
15,Uber TXN1046,20.0,transport,2026-07-24 11:17:00
15,Mess feE,164.53,food,2026-07-25 14:22:00
15,PRIME VIDEO*ORD119805,79.0,entertainment,2026-07-25 18:53:00
15,Vi Prepaid REF3810,255.1,recharge,2026-07-27 17:51:00
15,Vi PrepaidR EF38110,255.1,recharge,2026-07-27 17:51:00
15,SPOTIFY TXN65056,79.0,entertainment,2026-08-01 09:10:00
15,ajIo/UP/I753477129,878.9,shopping,2026-08-01 22:17:00
15,UPI-ROOMMATE SPLIT-6912@okaxis,1185.01,misc,2026-08-01 22:53:00
15,Ajio TXN88840,588.13,shopping,2026-08-02 08:22:00
15,Ajio TXN88840,588.13,shopping,2026-08-02 08:22:00
15,PG RENT PAYMENT,7319.11,rent,2026-08-02 12:40:00
15,Vi Prepaid*ORD149391,332.62,recharge,2026-08-02 13:40:00
15,LANDLORD TRANSFER REF9371,7387.99,rent,2026-08-02 15:42:00
15,hOtStaR REF9981,174.75,entertainment,2026-08-02 20:44:00
15,UDEMY,666.86,education,2026-08-03 15:23:00
15,UDEMY,666.86,education,2026-08-03 15:23:00
15,parKInG fEE,239.3,transport,2026-08-03 17:07:00
15,parKIIn fEE,239.3,transport,2026-08-03 17:07:00
15,UDEMY,50.0,education,2026-08-04 21:03:00
15,UDEMMY,50.0,education,2026-08-04 21:03:00
15,ZomAtO*ORD128693,485.69,food,2026-08-05 16:48:00
15,Pg Rent Pa,8174.31,rent,2026-08-05 23:41:00
15,Amazon/UPI/942074091,401.53,shopping,2026-08-06 15:18:00
15,Amazon/UPI/942074091,401.53,shopping,2026-08-06 15:18:00
15,JIO RECHAR,185.33,recharge,2026-08-08 17:34:00
15,AMAZON,835.03,shopping,2026-08-09 11:30:00
15,AMAZON,835.03,shopping,2026-08-09 11:30:00
15,BOOKMYSHOW/U,152.61,entertainment,2026-08-09 13:01:00
15,Parking Fe,74.07,transport,2026-08-10 17:04:00
15,UPI-FRIEND REPAYMENT-7080@okaxis,50.0,misc,2026-08-11 10:06:00
15,Namma Metro,121.68,transport,2026-08-11 16:12:00
15,Coursera/UPI/899985240,618.48,education,2026-08-11 22:04:00
15,UPI-RAHUL K-8715@okaxis,364.2,misc,2026-08-12 22:30:00
15,SWIGGY REF3301,226.57,food,2026-08-13 12:36:00
15,SWIGGY REF3301,226.57,food,2026-08-13 12:36:00
15,PRINTOUT SHOP,404.31,education,2026-08-14 11:51:00
15,oZmato,103.19,food,2026-08-14 20:03:00
15,PETROL PUMP,200.59,transport,2026-08-15 12:11:00
15,hoTsTaR,79.0,entertainment,2026-08-16 07:43:00
15,hosTaR,79.0,entertainment,2026-08-16 07:43:00
15,UPI-ROOMMATE SPLIT-3159@okaxis,155.98,misc,2026-08-16 21:57:00
15,Bookmyshow*ORD481169,79.0,entertainment,2026-08-17 17:33:00
15,mETro CaRd rechA,221.57,transport,2026-08-17 18:57:00
15,PARKING FEE*ORD210256,182.02,transport,2026-08-18 17:37:00
15,cOuRsERA/UPI/425334609,489.62,education,2026-08-19 07:31:00
15,cOuRsERA/UPI/24533409,489.62,education,2026-08-19 07:31:00
15,Zomato TXN14988,87.3,food,2026-08-21 09:18:00
15,metRO CaRD,73.89,transport,2026-08-22 23:09:00
15,Myntra REF3288,480.44,shopping,2026-08-23 21:20:00
15,Myntra REF3288,480.44,shopping,2026-08-23 21:20:00
15,Airtel Prepaid,311.21,recharge,2026-08-25 08:05:00
15,Dominos/UPI/880023069,326.96,food,2026-08-26 20:23:00
15,Domnios/UPI/880023069,326.96,food,2026-08-26 20:23:00
15,doMINOs/UPI/917443198,40.0,food,2026-08-26 22:41:00
15,ZOMATO,40.0,food,2026-08-28 22:31:00
16,Campus Canteen,386.98,recharge,2026-04-01 21:54:00
16,Cmpus aCnteen,386.98,recharge,2026-04-01 21:54:00
16,SPOTIFY,364.38,entertainment,2026-04-02 21:56:00
16,Flipkart*ORD101048,1245.85,shopping,2026-04-03 14:46:00
16,Flipkatr*ORD101048,1245.85,shopping,2026-04-03 14:46:00
16,AIRTEL PREPAID*ORD790509,202.74,recharge,2026-04-03 19:59:00
16,AIREL PREPAID*ORD790059,202.74,recharge,2026-04-03 19:59:00
16,AmAzOn TXN91,100.0,shopping,2026-04-03 22:26:00
16,pG rEnT paYMEnt*ORD562413,8913.09,rent,2026-04-04 09:35:00
16,pG rEnT paYMEnt*ORD526413,8913.09,rent,2026-04-04 09:35:00
16,SPOTIFY,552.78,entertainment,2026-04-04 11:31:00
16,Landolrd Transfer REF,7800.04,rent,2026-04-04 15:01:00
16,Lnadolrd Tranfer  REF,7800.04,rent,2026-04-04 15:01:00
16,NETFLIX,79.0,entertainment,2026-04-04 20:05:00
16,alnDLoRd TRansfER/UPI/104312246,6772.43,rent,2026-04-04 22:36:00
16,CAMPUS CANTEEN/UPI/9282872,43.9,food,2026-04-05 11:47:00
16,Pg Rent Payment TXN22159,7397.16,rent,2026-04-05 14:25:00
16,Ajio,574.88,shopping,2026-04-06 09:33:00
16,Ajio,574.88,shopping,2026-04-06 09:33:00
16,JIO RECHARGE REF1402,375.92,recharge,2026-04-07 11:44:00
16,JIO RECHARGERE1F4402,375.92,recharge,2026-04-07 11:44:00
16,AMAZON,608.14,shopping,2026-04-07 14:06:00
16,Printout Shop TXN,1039.1,education,2026-04-08 12:47:00
16,Printout Shop TXN,1039.1,education,2026-04-08 12:47:00
16,OLA,20.0,transport,2026-04-09 07:09:00
16,OLA,20.0,transport,2026-04-09 07:09:00
16,NETFLIX,206.8,entertainment,2026-04-09 13:31:00
16,LoA auTO TXN75324,190.64,transport,2026-04-09 16:01:00
16,LoA auuTO TXN75324,190.64,transport,2026-04-09 16:01:00
16,Uber Moto,273.53,transport,2026-04-10 14:16:00
16,NETFLIX,270.46,entertainment,2026-04-10 17:44:00
16,rPintout Shop,599.56,education,2026-04-10 19:14:00
16,Airtel Prepaid,164.24,recharge,2026-04-10 19:45:00
16,Vi Prepaid,380.83,recharge,2026-04-13 12:08:00
16,Vi Pepiad,380.83,recharge,2026-04-13 12:08:00
16,Udemy,959.88,education,2026-04-13 13:23:00
16,Udemyy,959.88,education,2026-04-13 13:23:00
16,UPI-PRIYA S-1012@okaxis,243.85,misc,2026-04-13 21:26:00
16,JIO RECHARGE,432.73,recharge,2026-04-14 16:38:00
16,CAFE COFFEE DAY REF4387,118.07,food,2026-04-16 06:11:00
16,CAFE COFFEE DAY REF4387,118.07,food,2026-04-16 06:11:00
16,UBER MOTO TXN70998,158.74,transport,2026-04-16 13:32:00
16,Printout Shop/UPI,1271.57,education,2026-04-18 08:21:00
16,Prrintout Shop/UPI,1271.57,education,2026-04-18 08:21:00
16,nEtFLix*ORD134081,120.97,entertainment,2026-04-18 09:29:00
16,Ola Auto*ORD435072,220.85,transport,2026-04-20 07:49:00
16,Ola Auto*ORD45072,220.85,transport,2026-04-20 07:49:00
16,CITY BUS PASS*ORD596419,254.68,transport,2026-04-20 12:24:00
16,Rapido,132.94,transport,2026-04-20 16:59:00
16,cOlLEgE FEE porTAl,266.37,education,2026-04-23 10:09:00
16,cMaPUS caNteE,322.39,food,2026-04-24 22:55:00
16,cMaPUS caNteE,322.39,food,2026-04-24 22:55:00
16,UPI-ROOMMATE SPLIT-9830@okaxis,50.0,misc,2026-04-25 09:51:00
16,Redbus,248.42,transport,2026-04-25 14:59:00
16,UPI-FRIEND REPAYMENT-7769@okaxis,423.05,misc,2026-04-25 23:01:00
16,mynTRa,686.6,shopping,2026-04-26 07:28:00
16,Jio Recharge/UPI/,408.61,recharge,2026-04-26 17:02:00
16,UPI-FRIEND REPAYMENT-7677@okaxis,90.17,misc,2026-04-26 17:34:00
16,UPI-PRIYA S-8046@okaxis,50.0,misc,2026-04-27 13:54:00
16,meTRO CArD RecHArge,142.24,transport,2026-04-28 06:01:00
16,meTRO CArD RecHArge,142.24,transport,2026-04-28 06:01:00
16,UdEmY,50.0,education,2026-05-01 09:53:00
16,UPI-RAHUL K-3534@okaxis,384.84,misc,2026-05-01 10:22:00
16,JIO RECHARGE REF2016,231.69,recharge,2026-05-01 19:34:00
16,JIO RECHARGE REF2016,231.69,recharge,2026-05-01 19:34:00
16,UPI-UNKNOWN UPI-2401@okaxis,1116.83,misc,2026-05-01 22:29:00
16,Pg Rent Payment*ORD776504,7217.6,rent,2026-05-02 06:26:00
16,UPI-PRIYA S-9438@okaxis,303.15,misc,2026-05-02 08:45:00
16,UDEYM,291.1,education,2026-05-02 09:32:00
16,UDEYM,291.1,education,2026-05-02 09:32:00
16,UPI-RAHUL K-5157@okaxis,410.94,misc,2026-05-02 10:10:00
16,Netflix,254.53,entertainment,2026-05-02 12:21:00
16,Netlix,254.53,entertainment,2026-05-02 12:21:00
16,mynTRA*ORD816,162.32,shopping,2026-05-02 15:08:00
16,HOSTEL FEE TXN54631,5200.45,rent,2026-05-02 15:17:00
16,BoOKmYShow REF6230,340.47,entertainment,2026-05-02 21:24:00
16,BoOKmYShow ERF630,340.47,entertainment,2026-05-02 21:24:00
16,mYNTrA,100.0,shopping,2026-05-02 22:31:00
16,vi PREpaId TXN,181.32,recharge,2026-05-02 23:31:00
16,vi PRapId TXN,181.32,recharge,2026-05-02 23:31:00
16,UPI-FRIEND REPAYMENT-2773@okaxis,120.71,misc,2026-05-03 09:01:00
16,UPI-MESS SECRETARY-3234@okaxis,50.0,misc,2026-05-03 09:19:00
16,pG RenT paYment*ORD678369,8189.76,rent,2026-05-03 09:20:00
16,pG RnT paYment*OR6D78369,8189.76,rent,2026-05-03 09:20:00
16,UPI-RAHUL K-3156@okaxis,234.27,misc,2026-05-03 10:45:00
16,LANDLORD TRANSFER,4000.0,rent,2026-05-03 11:19:00
16,LANDLORD TRNFSER,4000.0,rent,2026-05-03 11:19:00
16,HOSTEL FEE,6509.96,rent,2026-05-03 11:42:00
16,Airtel Prepaid*ORD930536,226.1,recharge,2026-05-03 16:04:00
16,LANDLORD TRANSFER TXN75730,6774.52,rent,2026-05-03 23:43:00
16,LLANDLORD TRANFER TXN75730,6774.52,rent,2026-05-03 23:43:00
16,UPI-MESS SECRETARY-9517@okaxis,341.38,misc,2026-05-04 08:12:00
16,UPI-RAHUL K-6895@okaxis,801.14,misc,2026-05-04 13:49:00
16,COLLEGE FEE PORTAL,152.55,education,2026-05-04 14:27:00
16,Vi Prepadi*ORD7145,194.41,recharge,2026-05-04 15:42:00
16,Airtel Prepaid,142.8,recharge,2026-05-04 17:59:00
16,FLiPKArT REF6516,559.28,shopping,2026-05-04 21:06:00
16,PetRol pump TXN33942,52.44,transport,2026-05-05 09:04:00
16,Hostel Fee,8287.02,rent,2026-05-05 10:15:00
16,oLa AuTO/UPI/724452651,539.17,transport,2026-05-05 10:55:00
16,UBER,20.0,transport,2026-05-05 13:48:00
16,COUrSrEa REF2373,554.32,education,2026-05-05 14:26:00
16,Landlord Transfer,4000.0,rent,2026-05-05 17:11:00
16,Landlord Tarnsfer,4000.0,rent,2026-05-05 17:11:00
16,Hostel Fee,5757.71,rent,2026-05-05 18:00:00
16,Hostlle Fee,5757.71,rent,2026-05-05 18:00:00
16,ajiO,259.0,shopping,2026-05-05 18:09:00
16,ajiO,259.0,shopping,2026-05-05 18:09:00
16,HOSTEL FEE,5241.65,rent,2026-05-05 19:47:00
16,UPI-MESS SECRETARY-2790@okaxis,505.45,misc,2026-05-05 20:01:00
16,HOSTEL FEE*O,5436.13,rent,2026-05-05 20:26:00
16,HHOSTEL FEE*O,5436.13,rent,2026-05-05 20:26:00
16,Coursera TXN15937,255.6,education,2026-05-05 23:07:00
16,pg reNt paYMeNt*ORD6456,7696.55,rent,2026-05-05 23:14:00
16,JIO rEcHarGe/UPI/185166245,328.19,recharge,2026-05-06 06:32:00
16,AJIO,401.21,shopping,2026-05-06 09:58:00
16,Udemy,500.84,education,2026-05-06 13:36:00
16,UPI-MESS SECRETARY-9565@okaxis,50.0,misc,2026-05-06 13:46:00
16,EXAM FEE PAYMENT/UPI/118210798,508.64,education,2026-05-06 15:44:00
16,EXAM FEE PAYMENT/UUPI/118120798,508.64,education,2026-05-06 15:44:00
16,ColLEge fEE POrTAl/UPI/223796738,1257.31,education,2026-05-06 22:17:00
16,ColLEge fEE POTAl/UIP/223796738,1257.31,education,2026-05-06 22:17:00
16,Airtel Prepaid,297.45,recharge,2026-05-06 22:33:00
16,Spotify*ORD57414,79.0,entertainment,2026-05-07 12:24:00
16,SwIgGy Ins,279.37,food,2026-05-07 20:38:00
16,SwgGy Ins,279.37,food,2026-05-07 20:38:00
16,Prime Video REF3453,79.0,entertainment,2026-05-08 10:50:00
16,Myntra,373.54,shopping,2026-05-08 15:15:00
16,UPI-PRIYA S-8966@okaxis,50.0,misc,2026-05-09 11:55:00
16,PrIntout S,50.0,education,2026-05-09 14:53:00
16,UBER MOTO REF1050,20.0,transport,2026-05-09 16:03:00
16,VI PREPAID TXN30755,167.42,recharge,2026-05-09 23:53:00
16,Ajio REF9790,1147.79,shopping,2026-05-10 09:01:00
16,Ajio RE9790,1147.79,shopping,2026-05-10 09:01:00
16,Swiggy Instamart REF7837,218.45,food,2026-05-10 11:46:00
16,Swiggy Instaamrt REF787,218.45,food,2026-05-10 11:46:00
16,booKMyshoW,167.09,entertainment,2026-05-10 12:34:00
16,UDemy/UPI/800091184,507.09,education,2026-05-11 21:43:00
16,SPOTIYF,79.0,entertainment,2026-05-12 14:59:00
16,SPOTYIF,79.0,entertainment,2026-05-12 14:59:00
16,UPI-PRIYA S-8597@okaxis,50.0,misc,2026-05-12 16:46:00
16,Ola,183.72,transport,2026-05-13 08:45:00
16,UPI-FRIEND REPAYMENT-4588@okaxis,431.64,misc,2026-05-13 14:22:00
16,UPI-UNKNOWN UPI-2365@okaxis,50.0,misc,2026-05-14 11:13:00
16,Vi PrEPaid*ORD240448,99.0,recharge,2026-05-14 12:58:00
16,BOOKMYSHOW,86.69,entertainment,2026-05-15 15:43:00
16,BOOKMYSHW,86.69,entertainment,2026-05-15 15:43:00
16,Redbus,131.02,transport,2026-05-15 18:29:00
16,Rebbus,131.02,transport,2026-05-15 18:29:00
16,ola AuTO TXN32508,248.79,transport,2026-05-15 19:52:00
16,Flipkart TXN83615,1150.91,shopping,2026-05-16 07:55:00
16,Ajio,100.0,shopping,2026-05-16 08:28:00
16,MeEshO*ORD5,100.0,shopping,2026-05-16 08:31:00
16,REDBUS*ORD479472,271.52,transport,2026-05-16 08:47:00
16,ERDBUS*ORD49472,271.52,transport,2026-05-16 08:47:00
16,MEESHO,1301.75,shopping,2026-05-16 20:29:00
16,UPI-FRIEND REPAYMENT-1414@okaxis,363.79,misc,2026-05-17 08:51:00
16,Ajio*ORD611847,270.15,shopping,2026-05-17 15:39:00
16,UPI-MESS SECRETARY-7170@okaxis,428.83,misc,2026-05-17 23:38:00
16,EXAm fEe paymeNt,1181.97,education,2026-05-18 11:54:00
16,EXAm fEe payNet,1181.97,education,2026-05-18 11:54:00
16,UPI-MESS SECRETARY-2124@okaxis,169.76,misc,2026-05-18 18:50:00
16,AIRTEL PREPAID,298.25,recharge,2026-05-19 17:40:00
16,AIRTEL PREPAID,298.25,recharge,2026-05-19 17:40:00
16,hoTsTar*ORD929259,267.41,entertainment,2026-05-19 20:29:00
16,hoTsTa*rOD929259,267.41,entertainment,2026-05-19 20:29:00
16,Meesho,1501.59,shopping,2026-05-19 22:35:00
16,Jio Recharge,117.21,recharge,2026-05-20 08:48:00
16,AMAZON TXN134,885.77,shopping,2026-05-20 09:32:00
16,PrINtoUT SHOp,751.7,education,2026-05-20 19:34:00
16,PARKING FEE*ORD380379,20.0,transport,2026-05-20 22:12:00
16,Uber REF9396,426.95,transport,2026-05-21 13:51:00
16,Uber REF9396,426.95,transport,2026-05-21 13:51:00
16,UPI-ROOMMATE SPLIT-3435@okaxis,50.0,misc,2026-05-21 15:41:00
16,Rapido*ORD99520,177.09,transport,2026-05-21 20:55:00
16,AMAZON/UPI/306483737,596.83,shopping,2026-05-23 14:04:00
16,mEEShO,982.35,shopping,2026-05-23 14:07:00
16,UPI-FRIEND REPAYMENT-6248@okaxis,50.0,misc,2026-05-23 16:59:00
16,UPI-UNKNOWN UPI-4761@okaxis,291.09,misc,2026-05-23 18:53:00
16,UPI-RAHUL K-5472@okaxis,50.0,misc,2026-05-23 22:42:00
16,Swiggy Instamart/UPI/771073524,409.31,food,2026-05-24 15:28:00
16,Swiggy Instamart/UPI/771073524,409.31,food,2026-05-24 15:28:00
16,UPI-MESS SECRETARY-7299@okaxis,313.89,misc,2026-05-24 19:53:00
16,UPI-RAHUL K-6493@okaxis,50.0,misc,2026-05-26 20:56:00
16,UPI-MESS SECRETARY-1465@okaxis,65.63,misc,2026-05-26 23:10:00
16,REDBUS*ORD2217,152.11,transport,2026-05-27 08:56:00
16,Mess Fee,225.52,food,2026-05-28 21:49:00
16,UPI-MESS SECRETARY-8074@okaxis,50.0,misc,2026-05-28 23:26:00
16,Namma Metro*ORD302221,247.3,transport,2026-06-01 13:33:00
16,Namma Meetro*ORD302212,247.3,transport,2026-06-01 13:33:00
16,HOSTEL FEE TXN37633,6403.66,rent,2026-06-02 09:15:00
16,PG RENT PAYMEN,5547.93,rent,2026-06-03 06:00:00
16,HOSTEL FEE,4865.54,rent,2026-06-03 07:27:00
16,HOSTEL FEE,4865.54,rent,2026-06-03 07:27:00
16,UPI-ROOMMATE SPLIT-5874@okaxis,818.43,misc,2026-06-03 14:03:00
16,hOStEL Fee,6534.54,rent,2026-06-03 14:43:00
16,Myntar/UPI/184645885,1235.86,shopping,2026-06-03 18:05:00
16,Mynta/UPI/186445885,1235.86,shopping,2026-06-03 18:05:00
16,LANDLORD TRANSFE,8856.48,rent,2026-06-04 12:59:00
16,LANDLORD TARNSFEE,8856.48,rent,2026-06-04 12:59:00
16,GP RENT PAYMENT,6207.55,rent,2026-06-04 16:49:00
16,Printout Shop TXN3,1365.27,education,2026-06-04 21:08:00
16,Pritnout Shop TXN3,1365.27,education,2026-06-04 21:08:00
16,HoSTEL fEE/UPI/834806786,6078.52,rent,2026-06-05 06:12:00
16,HoSTEL fEE/UPI/8348006786,6078.52,rent,2026-06-05 06:12:00
16,Landlord Transfer*ORD9,5544.81,rent,2026-06-05 06:16:00
16,pRiMe viDEo/UPI/50839,252.14,entertainment,2026-06-05 10:30:00
16,pRMe viDEo/UPI/50839,252.14,entertainment,2026-06-05 10:30:00
16,PG RENT PAYMEN,7569.65,rent,2026-06-05 16:23:00
16,UPI-ROOMMATE SPLIT-1967@okaxis,90.14,misc,2026-06-05 17:41:00
16,Flipkart,784.65,shopping,2026-06-05 21:09:00
16,Flikpat,784.65,shopping,2026-06-05 21:09:00
16,Landlord Tran,8554.13,rent,2026-06-05 22:48:00
16,Myntra,451.16,shopping,2026-06-05 22:50:00
16,FLIPKART,627.55,shopping,2026-06-06 07:21:00
16,Hotstar REF8977,79.0,entertainment,2026-06-06 08:43:00
16,UPI-PRIYA S-8410@okaxis,50.0,misc,2026-06-06 09:02:00
16,OLA TXN63777,20.0,transport,2026-06-07 15:51:00
16,Irctc*ORD396959,135.15,transport,2026-06-07 17:02:00
16,fLipKArt/UPI/589723156,450.05,shopping,2026-06-07 23:18:00
16,City Bus Pass/UPI/717633697,47.22,transport,2026-06-09 12:57:00
16,Jio Recharge TXN43052,143.53,recharge,2026-06-09 15:19:00
16,MYNTRA TXN89620,314.94,shopping,2026-06-09 20:19:00
16,MNTRA TXN89620,314.94,shopping,2026-06-09 20:19:00
16,oLA TXN90487,104.06,transport,2026-06-09 22:05:00
16,Myntra TXN41532,741.25,shopping,2026-06-10 22:39:00
16,Mynta TXN415332,741.25,shopping,2026-06-10 22:39:00
16,UPI-FRIEND REPAYMENT-1566@okaxis,50.0,misc,2026-06-11 19:09:00
16,Redbus*ROD500677,30.74,transport,2026-06-11 19:47:00
16,College Fee Portal/UPI/610900142,987.33,education,2026-06-12 06:38:00
16,College Fee Portal/UPI/610900142,987.33,education,2026-06-12 06:38:00
16,Parking Fee,200.42,education,2026-06-12 20:00:00
16,Uber Moto,161.72,transport,2026-06-13 20:29:00
16,Flpikart,100.0,shopping,2026-06-16 17:43:00
16,exAm FEe payMeNT,122.24,education,2026-06-17 13:38:00
16,ZOMATO TX4N0012,311.7,food,2026-06-19 08:10:00
16,ZOMATO TX4N0012,311.7,food,2026-06-19 08:10:00
16,NEtfLix TXN44634,253.13,entertainment,2026-06-20 22:55:00
16,NEtfLix TX4N4634,253.13,entertainment,2026-06-20 22:55:00
16,UPI-MESS SECRETARY-3769@okaxis,153.8,misc,2026-06-21 08:12:00
16,UPI-ROOMMATE SPLIT-1558@okaxis,239.48,misc,2026-06-21 08:23:00
16,COURSERA REF9983,1054.52,education,2026-06-22 15:28:00
16,COURSERA REF9983,1054.52,education,2026-06-22 15:28:00
16,HOTSTAR,149.62,entertainment,2026-06-22 15:36:00
16,HOTSTAR,149.62,entertainment,2026-06-22 15:36:00
16,Printout Shop,896.94,education,2026-06-23 22:02:00
16,Ola TXN26798,20.0,transport,2026-06-24 11:39:00
16,Olla TXN26798,20.0,transport,2026-06-24 11:39:00
16,UPI-UNKNOWN UPI-6861@okaxis,497.46,misc,2026-06-24 16:07:00
16,UDEMY TXN72,50.0,education,2026-06-25 22:01:00
16,UDYM TXN72,50.0,education,2026-06-25 22:01:00
16,Prime Video REF4631,357.28,entertainment,2026-06-27 08:45:00
16,UPI-PRIYA S-1035@okaxis,536.54,misc,2026-06-27 12:26:00
16,UPI-ROOMMATE SPLIT-9171@okaxis,240.02,misc,2026-06-27 15:07:00
16,UPI-UNKNOWN UPI-3153@okaxis,50.0,misc,2026-06-28 14:37:00
16,Netflix,267.39,entertainment,2026-07-01 13:29:00
16,wifI bILl,283.64,recharge,2026-07-01 14:22:00
16,wifI bLLl,283.64,recharge,2026-07-01 14:22:00
16,Vi Prepaid,528.33,recharge,2026-07-01 15:26:00
16,Vi Preapid,528.33,recharge,2026-07-01 15:26:00
16,HOTSTAR,79.0,entertainment,2026-07-01 18:57:00
16,Spotify*ORD6,330.24,entertainment,2026-07-02 14:52:00
16,wifI bIlL*ORD729992,236.22,recharge,2026-07-02 18:58:00
16,wifI bIl*LORD72992,236.22,recharge,2026-07-02 18:58:00
16,Rapido/UPI/6501,61.28,transport,2026-07-03 09:38:00
16,Rpaido/UPI/6501,61.28,transport,2026-07-03 09:38:00
16,MEESHO,737.77,shopping,2026-07-03 23:17:00
16,EMMESHO,737.77,shopping,2026-07-03 23:17:00
16,NETfLix,267.89,entertainment,2026-07-04 07:50:00
16,NEffTLix,267.89,entertainment,2026-07-04 07:50:00
16,BOOKMYSHOW/UPI,79.0,entertainment,2026-07-04 08:01:00
16,hOTSATR,422.22,entertainment,2026-07-04 11:01:00
16,hOOSART,422.22,entertainment,2026-07-04 11:01:00
16,Domions TXN12822,189.81,food,2026-07-04 11:10:00
16,HOTSTAR*OR,79.0,entertainment,2026-07-04 15:38:00
16,Flipkart,1074.81,shopping,2026-07-04 15:42:00
16,Pg reNt PayMEnT REF8764,7327.8,education,2026-07-04 16:36:00
16,PPg erNt PayMEnT RF8764,7327.8,education,2026-07-04 16:36:00
16,Bookmyshow/UPI/856512492,160.49,entertainment,2026-07-04 18:13:00
16,Wifi Bill REF1821,236.88,recharge,2026-07-05 06:21:00
16,Wifi Bill REF1821,236.88,recharge,2026-07-05 06:21:00
16,LANDLORD TRANSFER,5732.59,rent,2026-07-05 09:46:00
16,LANDLORRD TRANSER,5732.59,rent,2026-07-05 09:46:00
16,LANDLORD T,4877.1,rent,2026-07-05 10:53:00
16,HOSTEL FEE,5894.84,rent,2026-07-05 15:40:00
16,HOTSEL FEE,5894.84,rent,2026-07-05 15:40:00
16,PG RENT PAYMENT TXN93866,8514.21,rent,2026-07-05 17:21:00
16,PG RENT PAMYENT TXN93866,8514.21,rent,2026-07-05 17:21:00
16,UBER*ORD207085,269.53,transport,2026-07-05 19:30:00
16,UBEER*ORD207085,269.53,transport,2026-07-05 19:30:00
16,UPI-RAHUL K-2212@okaxis,484.99,misc,2026-07-06 08:53:00
16,PARKING FEE TXN20928,20.0,transport,2026-07-06 12:19:00
16,PrIme video*ORD487,430.36,entertainment,2026-07-06 14:36:00
16,Prime Video*ORD775954,378.81,entertainment,2026-07-07 15:17:00
16,Metro Card Recharge REF1040,188.34,transport,2026-07-07 23:19:00
16,sPOtIFY*ORD455144,79.0,entertainment,2026-07-08 09:01:00
16,sPOtIFY*ORD45514,79.0,entertainment,2026-07-08 09:01:00
16,Parking Fee R,168.93,transport,2026-07-08 13:45:00
16,Ola,20.0,transport,2026-07-08 18:40:00
16,FLIPKART,100.0,shopping,2026-07-08 18:51:00
16,UPI-MESS SECRETARY-3865@okaxis,368.9,misc,2026-07-08 21:34:00
16,nETfLiX*ORD620015,389.02,entertainment,2026-07-10 18:47:00
16,AMAZON,204.84,shopping,2026-07-10 21:53:00
16,Netflix/UPI/995753341,96.58,entertainment,2026-07-10 22:29:00
16,Netflix/UIP/995753341,96.58,entertainment,2026-07-10 22:29:00
16,AJIO REF6628,100.0,shopping,2026-07-11 17:15:00
16,UPI-UNKNOWN UPI-8826@okaxis,655.0,misc,2026-07-11 17:37:00
16,PRIME VIDEO REF8414,236.95,entertainment,2026-07-11 19:11:00
16,ajIO TXN23413,551.86,shopping,2026-07-11 21:03:00
16,MEESHO REF4516,617.96,shopping,2026-07-12 09:42:00
16,Swiggy Instamart*ORD253038,219.01,food,2026-07-12 10:59:00
16,PRIME VIDEO,121.04,entertainment,2026-07-12 15:36:00
16,RPIME VIDEO,121.04,entertainment,2026-07-12 15:36:00
16,Namma Merto,348.43,transport,2026-07-13 19:15:00
16,Namma Merto,348.43,transport,2026-07-13 19:15:00
16,ZOMATO,192.65,food,2026-07-14 19:12:00
16,PRimE Video*ORD963594,286.58,entertainment,2026-07-14 20:46:00
16,Wifi Bill*ORD891883,241.09,recharge,2026-07-14 21:35:00
16,Udemy,198.17,recharge,2026-07-14 22:12:00
16,Petrol Pump*ORD344022,20.0,transport,2026-07-15 08:45:00
16,Petrol Pump*ORD344022,20.0,transport,2026-07-15 08:45:00
16,UPI-RAHUL K-6476@okaxis,911.21,misc,2026-07-15 21:07:00
16,Swiggy,156.73,food,2026-07-15 22:05:00
16,ajIO,568.94,shopping,2026-07-17 07:23:00
16,Dominos*ORD7359,118.64,food,2026-07-17 07:41:00
16,UPI-MESS SECRETARY-2161@okaxis,684.12,misc,2026-07-17 18:05:00
16,Namma Metro*ORD995306,166.79,transport,2026-07-18 08:51:00
16,PRINTOUT SHOP,242.4,education,2026-07-18 14:58:00
16,PRINTOUT SHOP,242.4,education,2026-07-18 14:58:00
16,WIFI BILL/UPI/518680735,332.25,recharge,2026-07-18 18:06:00
16,WIFI BILLU/PI/518680735,332.25,recharge,2026-07-18 18:06:00
16,MYNTRA,771.5,shopping,2026-07-19 07:21:00
16,Swiggy,109.49,food,2026-07-19 14:26:00
16,ZOMATO,167.94,food,2026-07-20 08:18:00
16,SPOtifY REF4688,244.4,entertainment,2026-07-20 13:04:00
16,meTRO CArd rECHARGe,264.0,transport,2026-07-21 07:06:00
16,vi pREpaiD/UPI/702899993,99.0,recharge,2026-07-21 14:20:00
16,Myntra,100.0,shopping,2026-07-22 14:22:00
16,UPI-UNKNOWN UPI-6080@okaxis,568.61,misc,2026-07-22 15:29:00
16,AMAZON,800.85,shopping,2026-07-22 18:39:00
16,AMAOZN,800.85,shopping,2026-07-22 18:39:00
16,booKMyShoW/UPI/761465395,131.7,entertainment,2026-07-24 15:41:00
16,booKMyShoW/UIP//761465395,131.7,entertainment,2026-07-24 15:41:00
16,EXAM FEE PAYMEN,50.0,education,2026-07-24 17:27:00
16,UPI-ROOMMATE SPLIT-8970@okaxis,50.0,misc,2026-07-25 08:24:00
16,Airtel Prep,392.44,recharge,2026-07-25 10:24:00
16,HOTSTAR/UPI/112,283.93,entertainment,2026-07-25 12:47:00
16,HOTSTAR/UPI/112,283.93,entertainment,2026-07-25 12:47:00
16,UPI-MESS SECRETARY-1159@okaxis,604.34,misc,2026-07-25 14:32:00
16,aMAZON,721.52,shopping,2026-07-26 10:17:00
16,OLA,62.58,transport,2026-07-26 23:11:00
16,OLA,62.58,transport,2026-07-26 23:11:00
16,Rapido,293.03,transport,2026-07-27 09:40:00
16,AMAZON,918.15,shopping,2026-07-28 08:37:00
16,EXAM FEE PAYMENT REF1499,192.14,education,2026-07-28 19:30:00
16,Bookmyshow/UPI/854301525,265.58,entertainment,2026-08-01 10:15:00
16,Bookmyhsow/UPI/854301525,265.58,entertainment,2026-08-01 10:15:00
16,UPI-PRIYA S-9501@okaxis,878.92,misc,2026-08-01 16:13:00
16,SPOTIFY TXN36141,144.07,entertainment,2026-08-01 17:56:00
16,SPOTIFY TXN6141,144.07,entertainment,2026-08-01 17:56:00
16,UPI-RAHUL K-6431@okaxis,397.15,misc,2026-08-01 20:20:00
16,SPOTIFY TXN,79.0,entertainment,2026-08-01 23:49:00
16,SPOTIY TXN,79.0,entertainment,2026-08-01 23:49:00
16,City Bus Pass*ORD883327,20.0,transport,2026-08-02 17:29:00
16,City Bus Pass*ORD883327,20.0,transport,2026-08-02 17:29:00
16,PG RENT PAYMENT TXN92170,7279.62,rent,2026-08-02 17:59:00
16,GP RENT PAYMENT TXN2170,7279.62,rent,2026-08-02 17:59:00
16,UPI-UNKNOWN UPI-5317@okaxis,80.72,misc,2026-08-02 19:39:00
16,UPI-UNKNOWN UPI-4543@okaxis,50.0,misc,2026-08-02 23:41:00
16,PG rENT PAymENT,7073.96,entertainment,2026-08-03 06:41:00
16,P GrENT PAymENT,7073.96,entertainment,2026-08-03 06:41:00
16,AIRTEL PRE,304.47,recharge,2026-08-03 07:42:00
16,UPI-ROOMMATE SPLIT-4570@okaxis,527.24,misc,2026-08-03 12:29:00
16,UPI-FRIEND REPAYMENT-3485@okaxis,502.5,misc,2026-08-03 21:55:00
16,laNdlOrd TRANsfer/UPI/379068596,5902.55,rent,2026-08-04 17:50:00
16,laNdlOrd TRANsfer/UPI/379068596,5902.55,rent,2026-08-04 17:50:00
16,pg rENT PAYMeNT REF4711,9835.66,rent,2026-08-04 20:24:00
16,pg rENTTPAYMeNT REF4711,9835.66,rent,2026-08-04 20:24:00
16,Udemy,608.54,education,2026-08-04 21:01:00
16,UPI-ROOMMATE SPLIT-5850@okaxis,50.0,misc,2026-08-04 22:48:00
16,Pg Rent Payme,8675.25,rent,2026-08-05 06:29:00
16,UPI-MESS SECRETARY-8228@okaxis,521.26,misc,2026-08-07 11:27:00
16,BOOKMYSHOW,507.61,entertainment,2026-08-07 20:56:00
16,BOOMYSHOW,507.61,entertainment,2026-08-07 20:56:00
16,Coursera/UPI/340077923,1609.17,education,2026-08-07 23:14:00
16,PRIME VIDEO,166.06,entertainment,2026-08-08 15:03:00
16,Vi Prepadi*ORD485888,158.77,recharge,2026-08-08 16:48:00
16,Vi Prepdi*ORD485888,158.77,recharge,2026-08-08 16:48:00
16,spOTIfY,92.9,entertainment,2026-08-08 17:07:00
16,spOTfIY,92.9,entertainment,2026-08-08 17:07:00
16,Exam Fee Payment REF3227,1174.39,education,2026-08-08 19:49:00
16,Exam Fee Paymen tREF3227,1174.39,education,2026-08-08 19:49:00
16,cOLlEgE fEe PORtaL/UPI/28,514.95,education,2026-08-08 20:47:00
16,NETFLIX TXN39164,257.29,entertainment,2026-08-08 22:39:00
16,Uber*ROD539157,108.07,transport,2026-08-09 07:56:00
16,Dominos/UPI/276881914,394.93,food,2026-08-09 11:36:00
16,DomionsUPI/276881914,394.93,food,2026-08-09 11:36:00
16,ZOMATO TXN64051,228.41,food,2026-08-10 07:54:00
16,aMAZOn REF1827,443.89,shopping,2026-08-10 12:07:00
16,Rapido TXN77180,78.36,transport,2026-08-11 15:37:00
16,Flipkart,1106.74,shopping,2026-08-11 16:22:00
16,MeeSHo,918.81,shopping,2026-08-11 23:01:00
16,Meesho,864.09,shopping,2026-08-13 14:03:00
16,AIRTEL PREPAID,365.33,recharge,2026-08-13 19:08:00
16,City Bus Pass RE,297.63,transport,2026-08-14 15:36:00
16,UPI-RAHUL K-5469@okaxis,50.0,misc,2026-08-15 19:32:00
16,OLA,57.29,transport,2026-08-15 19:35:00
16,CAMPUSC ANTEEN/UPI/149075182,274.36,food,2026-08-17 13:15:00
16,UPI-UNKNOWN UPI-7057@okaxis,50.0,misc,2026-08-18 08:52:00
16,UPI-PRIYA S-5430@okaxis,1069.38,misc,2026-08-18 22:21:00
16,eXam FeE PaYMenT ,452.02,education,2026-08-19 22:17:00
16,eXam FeEPaYMennT ,452.02,education,2026-08-19 22:17:00
16,Coursera TXN73753,50.0,education,2026-08-19 22:29:00
16,Uber Moto,195.5,transport,2026-08-19 23:08:00
16,Ubeer oMto,195.5,transport,2026-08-19 23:08:00
16,Exam Fee Payment REF7918,161.68,education,2026-08-20 07:47:00
16,UPI-ROOMMATE SPLIT-9923@okaxis,956.25,misc,2026-08-20 16:12:00
16,AmAZon/UPI/838894855,100.0,shopping,2026-08-20 16:51:00
16,PrimE video TXN,88.29,entertainment,2026-08-21 16:02:00
16,cOlLEGe fEE portaL,613.4,education,2026-08-21 17:05:00
16,cOlLEGe fEE portaL,613.4,education,2026-08-21 17:05:00
16,UPI-ROOMMATE SPLIT-9783@okaxis,845.03,misc,2026-08-22 13:43:00
16,UPI-MESS SECRETARY-3270@okaxis,1560.82,misc,2026-08-22 23:10:00
16,WIFI BILL/UPI/,296.67,recharge,2026-08-23 07:03:00
16,WFI BILL/UPI/,296.67,recharge,2026-08-23 07:03:00
16,MEESHO TXN28265,100.0,shopping,2026-08-23 19:34:00
16,MEESHO TXN28265,100.0,shopping,2026-08-23 19:34:00
16,COUrseRA TXN47,50.0,education,2026-08-27 11:06:00
16,COUrsRA TXN47,50.0,education,2026-08-27 11:06:00
16,FLIPKART,510.0,shopping,2026-08-28 08:05:00
16,FLIPKART,510.0,shopping,2026-08-28 08:05:00
17,COLLEGE FEE PORTAL TXN26826,209.06,education,2026-04-01 17:51:00
17,UBEr,347.21,transport,2026-04-02 17:03:00
17,MeESHO,100.0,shopping,2026-04-02 18:50:00
17,Mess Fee,40.0,food,2026-04-02 20:49:00
17,Hostel Fee,8044.25,rent,2026-04-02 21:48:00
17,Hostl Fee,8044.25,rent,2026-04-02 21:48:00
17,LANDLORD TRANSFER TXN98770,6131.31,rent,2026-04-02 23:09:00
17,LADNLORD TRANSFER TXN98770,6131.31,rent,2026-04-02 23:09:00
17,MEtRo cARD RECHArge/UPI/393861267,146.26,transport,2026-04-03 06:28:00
17,Hostel Fee/,4891.66,rent,2026-04-03 11:12:00
17,Hostel Fee/,4891.66,rent,2026-04-03 11:12:00
17,hoSTeL fee,5522.51,rent,2026-04-03 12:19:00
17,PG RENT PAYMENT,7033.95,rent,2026-04-03 12:55:00
17,PG RENT PYMENT,7033.95,rent,2026-04-03 12:55:00
17,UPI-RAHUL K-5870@okaxis,50.0,misc,2026-04-03 17:15:00
17,Hotstar,85.52,entertainment,2026-04-03 20:10:00
17,Htosttar,85.52,entertainment,2026-04-03 20:10:00
17,AIRTEL PRE,99.0,recharge,2026-04-04 11:42:00
17,HOSTEL FEE TXN243,7298.02,rent,2026-04-04 14:35:00
17,HOSETL FEE TXN243,7298.02,rent,2026-04-04 14:35:00
17,Hostel Fee/UPI/243374237,6881.4,rent,2026-04-04 18:34:00
17,JIO RECHARGE REF2368,367.54,food,2026-04-05 07:04:00
17,JIO ECHARG EREF2368,367.54,food,2026-04-05 07:04:00
17,PG RENT PAYMENT*ORD487940,6278.75,rent,2026-04-05 07:58:00
17,EXAM FEE PAYMENT,881.28,education,2026-04-06 21:00:00
17,EXAM FEE APYMENT,881.28,education,2026-04-06 21:00:00
17,AJIO,946.28,shopping,2026-04-07 08:31:00
17,MEESHO/UPI/666772752,659.01,shopping,2026-04-07 19:48:00
17,pETrol PUmp TX,46.38,transport,2026-04-08 07:20:00
17,pErTOl PumP,111.56,education,2026-04-08 08:37:00
17,pETrOl  PuP,111.56,education,2026-04-08 08:37:00
17,UBER MOTO/UPI/693406430,193.28,transport,2026-04-08 14:12:00
17,UUBER MOTO/UPI/693406430,193.28,transport,2026-04-08 14:12:00
17,Spotify,106.76,entertainment,2026-04-08 18:23:00
17,City Bus Pass*ORD236971,20.0,transport,2026-04-08 19:05:00
17,coURsera TXN56818,1359.12,education,2026-04-08 19:38:00
17,coURsera TX56818,1359.12,education,2026-04-08 19:38:00
17,WiFI BiLl*ORD502028,172.35,recharge,2026-04-10 23:15:00
17,WiFI BiLl*OD5020028,172.35,recharge,2026-04-10 23:15:00
17,CaMPUs CAnTEEn RE,40.0,food,2026-04-11 13:34:00
17,eXam fee PAYMenT*ORD475696,50.0,education,2026-04-14 08:38:00
17,Printout Shop,917.33,education,2026-04-14 14:15:00
17,Pritout Shop,917.33,education,2026-04-14 14:15:00
17,Exam Fee Payment,50.0,education,2026-04-14 19:53:00
17,WiFI bILL TXN59919,99.0,recharge,2026-04-15 17:19:00
17,WiFI bIL TXN59919,99.0,recharge,2026-04-15 17:19:00
17,Netflix/UPI/762467564,275.0,entertainment,2026-04-16 11:38:00
17,amAZon,886.32,shopping,2026-04-16 16:24:00
17,amAZo,886.32,shopping,2026-04-16 16:24:00
17,UPI-ROOMMATE SPLIT-6080@okaxis,50.0,misc,2026-04-16 19:49:00
17,COURSERA,244.12,education,2026-04-17 07:15:00
17,Campus Canteen REF2545,325.15,food,2026-04-20 17:43:00
17,flIpKart,100.0,shopping,2026-04-20 21:43:00
17,flIparrt,100.0,shopping,2026-04-20 21:43:00
17,CAMpSu CAnteEn TXN17920,223.98,food,2026-04-22 13:33:00
17,WIFI BILL/UPI/110622363,236.79,recharge,2026-04-22 17:21:00
17,VI PREPAID REF6671,575.49,recharge,2026-04-23 11:11:00
17,DOIMNOS,235.84,food,2026-05-01 21:14:00
17,DDOIMNOS,235.84,food,2026-05-01 21:14:00
17,AMAZON/UPI/981427350,537.84,shopping,2026-05-01 21:20:00
17,CAFE COFFEE ,121.34,food,2026-05-02 09:17:00
17,LANDLORD TRANSFER*ORD141903,5470.46,rent,2026-05-02 16:38:00
17,LADLORD TRANSFER*ORD141903,5470.46,rent,2026-05-02 16:38:00
17,Campus Canteen TXN3,40.0,food,2026-05-02 16:44:00
17,Campus Canteen TX3,40.0,food,2026-05-02 16:44:00
17,PARKING FEE,113.33,transport,2026-05-02 20:41:00
17,pg rEnT pAYMENT,8442.98,rent,2026-05-02 20:54:00
17,pEtROl pUmp*ORD161,241.91,transport,2026-05-02 22:06:00
17,Udemy,50.0,education,2026-05-03 11:13:00
17,UPI-RAHUL K-2662@okaxis,182.3,misc,2026-05-03 11:57:00
17,pg rEnT pAY,9193.29,rent,2026-05-03 17:46:00
17,OlA aUto/UPI/160191013,147.32,transport,2026-05-03 18:18:00
17,LaNdLORd tRAnsFEr TXN93051,5452.07,rent,2026-05-03 20:04:00
17,wifI biLL,291.89,recharge,2026-05-04 06:02:00
17,Pg ReNt payMeNt,7309.54,rent,2026-05-04 06:13:00
17,P gReNt payMet,7309.54,rent,2026-05-04 06:13:00
17,HOSTEL FEE,7672.95,rent,2026-05-04 20:07:00
17,Spotify,213.23,entertainment,2026-05-05 07:36:00
17,lAndlOrd transfEr REF5497,8852.13,rent,2026-05-05 07:53:00
17,lAndlOrd trnasfEr REF597,8852.13,rent,2026-05-05 07:53:00
17,AIRTEL PREPAID*ORD78643,260.84,recharge,2026-05-05 16:25:00
17,PG RENT PAYMENT TXN28530,7292.26,rent,2026-05-05 19:12:00
17,PG RENT PAYMENT XTNN28530,7292.26,rent,2026-05-05 19:12:00
17,mEEsho,1116.22,shopping,2026-05-05 19:49:00
17,Metro Card Recharge TXN96461,20.0,transport,2026-05-06 07:26:00
17,Myntra,1000.35,shopping,2026-05-06 12:09:00
17,Myntar,1000.35,shopping,2026-05-06 12:09:00
17,IRCTC,174.57,transport,2026-05-06 19:49:00
17,Ajio REF832,1305.58,recharge,2026-05-07 08:16:00
17,Ajio RE832,1305.58,recharge,2026-05-07 08:16:00
17,bOOkmYsHOw REF8992,249.04,entertainment,2026-05-07 16:25:00
17,PRIME VIDEO/UPI/704550033,79.0,entertainment,2026-05-08 07:48:00
17,AmazoN*ORD949087,1219.78,transport,2026-05-08 07:55:00
17,AmazoN*ORD949078,1219.78,transport,2026-05-08 07:55:00
17,OLA AUTO*ORD861824,226.04,transport,2026-05-08 11:17:00
17,OLA AUT*OORD861824,226.04,transport,2026-05-08 11:17:00
17,Ajio TXN20559,799.82,shopping,2026-05-08 15:41:00
17,Ajio TX220559,799.82,shopping,2026-05-08 15:41:00
17,bOoKmYsHOW,121.9,entertainment,2026-05-08 20:10:00
17,UPI-FRIEND REPAYMENT-1807@okaxis,392.74,misc,2026-05-08 23:19:00
17,UPI-MESS SECRETARY-9131@okaxis,375.73,misc,2026-05-09 17:56:00
17,Wifi Bill*ORD328253,107.36,recharge,2026-05-09 18:47:00
17,Wfi Bill*ORDD328253,107.36,recharge,2026-05-09 18:47:00
17,nAmmA MeTrO,20.0,transport,2026-05-10 06:45:00
17,aIRTEL prEPaiD,362.49,recharge,2026-05-10 18:21:00
17,aIRTEL prrEPaiD,362.49,recharge,2026-05-10 18:21:00
17,Netflix/UPI,79.0,entertainment,2026-05-10 23:57:00
17,DOMINOS,169.16,food,2026-05-11 07:45:00
17,Coursera*ORD912190,1210.64,education,2026-05-11 15:19:00
17,VI PREPAID/UPI/482066174,230.17,recharge,2026-05-12 06:27:00
17,VI PREPAID/UPI/428066174,230.17,recharge,2026-05-12 06:27:00
17,NETFLIX,207.19,entertainment,2026-05-12 07:10:00
17,NETFLIX,207.19,entertainment,2026-05-12 07:10:00
17,UPI-UNKNOWN UPI-8584@okaxis,758.41,misc,2026-05-12 12:07:00
17,WIFI BILL REF9516,214.45,recharge,2026-05-13 08:39:00
17,WIFI BLIL REF9516,214.45,recharge,2026-05-13 08:39:00
17,UPI-PRIYA S-9386@okaxis,397.25,misc,2026-05-13 11:02:00
17,Amazon TXN90,442.45,shopping,2026-05-13 19:09:00
17,aMazoN TXN27186,1489.34,shopping,2026-05-14 10:38:00
17,aMazo NTXN77186,1489.34,shopping,2026-05-14 10:38:00
17,SPOTIFY REF8528,239.0,entertainment,2026-05-14 21:19:00
17,SPOTIY REF8528,239.0,entertainment,2026-05-14 21:19:00
17,Cafe Coffee Day*ORD259354,106.69,food,2026-05-15 09:34:00
17,NAMMA METRO*ORD66691,212.03,transport,2026-05-15 10:08:00
17,REDBUS*ORD260,67.33,transport,2026-05-15 17:04:00
17,Vi prEPAiD*ORD938029,297.78,recharge,2026-05-15 18:19:00
17,UPI-RAHUL K-5746@okaxis,842.63,misc,2026-05-16 09:19:00
17,sPOTify,164.35,entertainment,2026-05-16 11:18:00
17,sPOiTfyy,164.35,entertainment,2026-05-16 11:18:00
17,Cafe Coffee Day*ORD060197,353.94,food,2026-05-16 13:36:00
17,Cafe Coffee Day*ORD060197,353.94,food,2026-05-16 13:36:00
17,Netflix*ORD635413,162.98,entertainment,2026-05-16 15:12:00
17,mEsS fee,300.08,food,2026-05-16 20:55:00
17,mEsSfeee,300.08,food,2026-05-16 20:55:00
17,NETFLIX/UPI/486355893,602.2,entertainment,2026-05-17 06:04:00
17,Myntra TXN27915,1079.79,shopping,2026-05-17 06:18:00
17,Myntra TXN27915,1079.79,shopping,2026-05-17 06:18:00
17,AJIO,100.0,shopping,2026-05-18 06:26:00
17,SPOTIFY REF2878,393.08,entertainment,2026-05-18 08:20:00
17,cOurSerA,931.71,education,2026-05-18 14:18:00
17,Amazon/UPI/566830535,689.9,shopping,2026-05-18 18:46:00
17,Aamzon/UPI/566830535,689.9,shopping,2026-05-18 18:46:00
17,mynTra TXN46908,300.9,shopping,2026-05-18 23:43:00
17,mynTra TXN46908,300.9,shopping,2026-05-18 23:43:00
17,JIO RECHARGE,161.52,recharge,2026-05-18 23:50:00
17,JIO RECAARGE,161.52,recharge,2026-05-18 23:50:00
17,Cafe Coffee Day/UPI/165538782,157.57,food,2026-05-20 17:34:00
17,CafeCoffee Day/UPI/165538782,157.57,food,2026-05-20 17:34:00
17,Rapido TXN97229,123.42,transport,2026-05-20 18:27:00
17,Rapido TXN97229,123.42,transport,2026-05-20 18:27:00
17,Jio Recharge*ORD916619,99.0,recharge,2026-05-20 18:27:00
17,OLA AuTo,103.4,transport,2026-05-20 20:28:00
17,OLA AuTo,103.4,transport,2026-05-20 20:28:00
17,SwIggy inSTAmarT REF4001,199.71,food,2026-05-20 20:52:00
17,SwIggy inSTAmarTREF4001,199.71,food,2026-05-20 20:52:00
17,UPI-FRIEND REPAYMENT-2959@okaxis,274.94,misc,2026-05-21 09:14:00
17,UPI-PRIYA S-7601@okaxis,721.59,misc,2026-05-21 10:10:00
17,UPI-FRIEND REPAYMENT-6814@okaxis,50.0,misc,2026-05-21 13:20:00
17,UPI-PRIYA S-6111@okaxis,418.9,misc,2026-05-23 17:52:00
17,Dominos/UPI/68364548,40.0,food,2026-05-23 21:38:00
17,Dominos//UPI/68364548,40.0,food,2026-05-23 21:38:00
17,UPI-UNKNOWN UPI-8691@okaxis,219.86,misc,2026-05-23 23:34:00
17,UPI-UNKNOWN UPI-4054@okaxis,50.0,misc,2026-05-24 17:15:00
17,CoUrSeRa,50.0,education,2026-05-26 12:42:00
17,CoUrrSeRa,50.0,education,2026-05-26 12:42:00
17,Wifi Bill REF8885,339.32,recharge,2026-05-28 07:53:00
17,AMazOn,651.14,shopping,2026-06-01 10:32:00
17,AMaOzn,651.14,shopping,2026-06-01 10:32:00
17,Irctc REF6522,133.52,transport,2026-06-01 15:30:00
17,Irctc REF6522,133.52,transport,2026-06-01 15:30:00
17,Vi PrEPaID,172.78,recharge,2026-06-01 15:50:00
17,VV PErPaID,172.78,recharge,2026-06-01 15:50:00
17,Cafe Coffe,111.17,food,2026-06-01 22:36:00
17,CCafe oCffe,111.17,food,2026-06-01 22:36:00
17,LandLOrd TRansFeR/UPI/965151888,7006.34,rent,2026-06-02 15:59:00
17,Bookmyshow R,340.55,entertainment,2026-06-02 16:27:00
17,Bookmyhow R,340.55,entertainment,2026-06-02 16:27:00
17,CaMpus CANtEen,167.83,food,2026-06-02 18:24:00
17,CaMMpus CANtEen,167.83,food,2026-06-02 18:24:00
17,LANDLORD TRANSFER*ORD7,9457.54,rent,2026-06-02 21:32:00
17,HOSTEL FEE ,7928.33,rent,2026-06-02 21:47:00
17,hOsTEl FeE*ORD778908,7571.96,rent,2026-06-02 22:49:00
17,AIRtEl Pre,240.94,recharge,2026-06-03 13:43:00
17,Pg Rent Payment,7467.48,rent,2026-06-03 16:25:00
17,CAMPUS CANTEEN REF7065,448.15,food,2026-06-04 07:24:00
17,CAMPUS CANTEEN REF7065,448.15,food,2026-06-04 07:24:00
17,CAfE COffEE DaY/UPI/776443205,40.0,food,2026-06-04 14:07:00
17,HoStEL FEe,8336.96,rent,2026-06-04 15:26:00
17,HoStEL Ee,8336.96,rent,2026-06-04 15:26:00
17,WIFI bill/UPI/113313222,99.0,education,2026-06-05 11:10:00
17,WIFI bill/UPI/113313222,99.0,education,2026-06-05 11:10:00
17,meEsHo,1478.1,shopping,2026-06-05 13:39:00
17,emsHo,1478.1,shopping,2026-06-05 13:39:00
17,UPI-PRIYA S-6093@okaxis,696.07,misc,2026-06-05 16:09:00
17,mEesHO*ORD964545,282.4,shopping,2026-06-06 07:46:00
17,mEesHO*ORD964545,282.4,shopping,2026-06-06 07:46:00
17,Flipkart*ORD939201,528.47,shopping,2026-06-06 08:09:00
17,SpOTIfy/UPI/423132659,171.61,entertainment,2026-06-07 07:18:00
17,PaRkiNg feE*ORD579236,77.08,transport,2026-06-07 21:17:00
17,VI PREPAID REF3689,308.26,recharge,2026-06-07 22:11:00
17,VIPREAPID REF3689,308.26,recharge,2026-06-07 22:11:00
17,Hotstar,121.76,entertainment,2026-06-08 23:38:00
17,vi prepAid,419.17,recharge,2026-06-09 07:29:00
17,Cafe Coffee Day REF3791,186.02,food,2026-06-09 08:40:00
17,UPI-UNKNOWN UPI-8926@okaxis,109.04,misc,2026-06-09 18:25:00
17,REDBUS/UPI/444050685,25.22,transport,2026-06-09 19:54:00
17,REDBUS/UPI4/44050685,25.22,transport,2026-06-09 19:54:00
17,BOOKMYSHOW,370.78,entertainment,2026-06-10 06:39:00
17,BOOKMYSHOW,370.78,entertainment,2026-06-10 06:39:00
17,VI PREPAID TXN93381,99.0,recharge,2026-06-10 14:45:00
17,VI REPAID TXN93381,99.0,recharge,2026-06-10 14:45:00
17,swIGGY iNSTamaRt/U,40.0,food,2026-06-11 18:19:00
17,CAMPUS CANTEEN/UPI/233024522,156.33,food,2026-06-14 07:18:00
17,meeSHo TXN43210,1549.36,shopping,2026-06-16 22:30:00
17,emeSHo TXN43210,1549.36,shopping,2026-06-16 22:30:00
17,wIFi BiLL RE,262.92,recharge,2026-06-17 15:36:00
17,Namma Metro,174.91,transport,2026-06-18 10:06:00
17,UPI-FRIEND REPAYMENT-1616@okaxis,213.15,misc,2026-06-18 14:41:00
17,MYnTra,209.62,shopping,2026-06-18 15:11:00
17,YMnTa,209.62,shopping,2026-06-18 15:11:00
17,Mess Fee TXN99928,438.23,food,2026-06-19 08:25:00
17,Spotify*ORD946541,163.38,entertainment,2026-06-20 06:26:00
17,Spoiitfy*ORD946541,163.38,entertainment,2026-06-20 06:26:00
17,Wifi Bill TXN43741,286.53,recharge,2026-06-22 15:57:00
17,Ajio,102.24,shopping,2026-06-23 10:11:00
17,Ajio,102.24,shopping,2026-06-23 10:11:00
17,MEesho TXN39794,803.84,shopping,2026-06-23 15:56:00
17,Wifi Bill,235.78,recharge,2026-06-24 17:01:00
17,Wiif Bill,235.78,recharge,2026-06-24 17:01:00
17,UPI-UNKNOWN UPI-9468@okaxis,510.61,misc,2026-06-24 21:05:00
17,UPI-RAHUL K-2310@okaxis,50.0,misc,2026-06-25 14:10:00
17,RApIDo,264.93,transport,2026-06-27 15:33:00
17,Bookmsyhow,230.69,entertainment,2026-06-27 15:35:00
17,Vi Prepaid,105.06,recharge,2026-07-01 09:40:00
17,RAPIDO/UPI/313478599,117.76,transport,2026-07-01 09:42:00
17,RAPIOD/UPI313478599,117.76,transport,2026-07-01 09:42:00
17,spoTIfY TXN30744,327.96,entertainment,2026-07-01 13:57:00
17,spoTIfY  XN30744,327.96,entertainment,2026-07-01 13:57:00
17,CAFE COFFEE ,221.8,food,2026-07-01 22:40:00
17,EXAM FEE PAY,50.0,education,2026-07-02 20:12:00
17,EXAM FEE PAY,50.0,education,2026-07-02 20:12:00
17,FLIPKART,1046.91,shopping,2026-07-02 23:40:00
17,FLIPKART,1046.91,shopping,2026-07-02 23:40:00
17,LanDlorD TRaNsfeR REF4222,6273.74,rent,2026-07-03 09:00:00
17,cafE CoFFEE da,231.78,food,2026-07-04 17:40:00
17,JIO RECHARGE/UPI/120528531,323.73,recharge,2026-07-05 18:16:00
17,HOSTEL FEE REF2244,6759.05,rent,2026-07-05 18:43:00
17,PRINTOUT SHOP/UPI/841187125,567.01,education,2026-07-06 11:23:00
17,PNITOUT SHOP/UPI/841187125,567.01,education,2026-07-06 11:23:00
17,vi PRepaid,522.01,recharge,2026-07-06 12:21:00
17,v PRepaid,522.01,recharge,2026-07-06 12:21:00
17,UDEMY,50.0,education,2026-07-06 14:56:00
17,Exam Fee Payment*ORD85,194.27,education,2026-07-06 15:26:00
17,Exam Fee Payment*ORD85,194.27,education,2026-07-06 15:26:00
17,JIO RECHARGE REF7898,296.05,recharge,2026-07-06 19:03:00
17,JIO RECHARGE REF7898,296.05,recharge,2026-07-06 19:03:00
17,mESS fee*ORD71770,129.02,food,2026-07-09 10:08:00
17,College Fee Portal TXN27385,94.47,education,2026-07-09 16:30:00
17,UPI-MESS SECRETARY-8505@okaxis,50.0,misc,2026-07-09 18:56:00
17,COURSERA REF3889,50.0,education,2026-07-10 07:57:00
17,COOURSERA ERF3889,50.0,education,2026-07-10 07:57:00
17,UPI-MESS SECRETARY-9779@okaxis,738.92,misc,2026-07-10 22:25:00
17,Jio Recharge TXN57834,248.61,recharge,2026-07-10 22:30:00
17,Jio Recharge TXN5834,248.61,recharge,2026-07-10 22:30:00
17,CoUrsEra*ORD113002,1809.45,education,2026-07-11 15:29:00
17,Printout Shop/UPI/576715922,615.69,education,2026-07-12 17:42:00
17,Printotu Shop//UPI/576715922,615.69,education,2026-07-12 17:42:00
17,Vi Prepaid REF1378,223.69,recharge,2026-07-13 06:42:00
17,Vi Prepaid REF1378,223.69,recharge,2026-07-13 06:42:00
17,College Fee Portal,150.02,education,2026-07-13 07:44:00
17,College FeePortal,150.02,education,2026-07-13 07:44:00
17,PRIME VIDEO,143.04,entertainment,2026-07-13 16:37:00
17,PRIM IVDEO,143.04,entertainment,2026-07-13 16:37:00
17,Exam Fee Payment,362.13,education,2026-07-14 06:00:00
17,UPI-ROOMMATE SPLIT-4789@okaxis,50.0,misc,2026-07-14 13:00:00
17,COURSERA,50.0,education,2026-07-14 21:46:00
17,UDemy REF2269,102.47,education,2026-07-16 08:38:00
17,Cafe CofFEE DAy,287.18,food,2026-07-16 14:00:00
17,Cae CofFEE DAy,287.18,food,2026-07-16 14:00:00
17,AJIO TXN7910,501.31,shopping,2026-07-16 23:45:00
17,collEGE fEE POrTaL,558.13,education,2026-07-17 06:41:00
17,collEGGE fEE POrTaL,558.13,education,2026-07-17 06:41:00
17,COLLEGE FEE PORTAL,637.48,recharge,2026-07-17 13:53:00
17,Printout S,50.0,education,2026-07-18 06:12:00
17,Prntout S,50.0,education,2026-07-18 06:12:00
17,Ola,98.07,transport,2026-07-18 16:05:00
17,Rapido TXN39737,20.0,transport,2026-07-20 13:32:00
17,Rapido TXN379377,20.0,transport,2026-07-20 13:32:00
17,neTFli/XUPI/989774645,79.0,entertainment,2026-07-20 14:44:00
17,PRIME VIDEO REF8820,79.0,entertainment,2026-07-22 18:39:00
17,Exam FeeP ayment,1170.46,education,2026-07-27 21:28:00
17,UDEMY REF6359,112.74,education,2026-07-28 08:22:00
17,petRoL puMP/PUI/895743425,245.74,transport,2026-08-01 23:30:00
17,petRoL puMP/PU/II89543425,245.74,transport,2026-08-01 23:30:00
17,Printout Shop TXN9728,50.0,education,2026-08-02 19:39:00
17,UBER MOTO/UPI/43512,217.0,transport,2026-08-02 21:19:00
17,UBRE MOTO/UPI/43512,217.0,transport,2026-08-02 21:19:00
17,EXAM FEE PAYMENT/UPI/995922812,50.0,education,2026-08-03 06:31:00
17,HOSTEL FEE/UPI/977881344,9803.23,rent,2026-08-03 09:05:00
17,HOSTEL FEE/UPI/42351,7629.56,rent,2026-08-03 20:45:00
17,HOSEL FEE/UPI/42315,7629.56,rent,2026-08-03 20:45:00
17,Cafe Coffee Day T,235.47,food,2026-08-04 08:38:00
17,Cae Coffee Day T,235.47,food,2026-08-04 08:38:00
17,MEESHO,100.0,shopping,2026-08-04 12:56:00
17,MESEHO,100.0,shopping,2026-08-04 12:56:00
17,Hostel Fee,7414.87,rent,2026-08-04 19:59:00
17,HOSTEL FEE/UPI/188498940,7012.83,rent,2026-08-05 10:07:00
17,HOSTEL FEE//UPI188489940,7012.83,rent,2026-08-05 10:07:00
17,PRINTOUT SHOP TXN78928,702.69,education,2026-08-06 12:40:00
17,Hotstar TXN4,179.17,entertainment,2026-08-06 14:56:00
17,FLIPKART,812.23,shopping,2026-08-06 22:07:00
17,NAMMA METRO,20.0,transport,2026-08-07 07:18:00
17,SWIGGY*ROD487853,289.17,food,2026-08-08 13:59:00
17,SWIGGY*ROD478853,289.17,food,2026-08-08 13:59:00
17,UBER TXN33892,155.46,transport,2026-08-08 18:46:00
17,UBER TXN38392,155.46,transport,2026-08-08 18:46:00
17,UdEMy,1261.05,education,2026-08-08 20:05:00
17,SWIggy INSTAMArt/UPI/337528559,82.02,food,2026-08-10 12:43:00
17,SWIggyINSTAMArt/UPI/3377582559,82.02,food,2026-08-10 12:43:00
17,OLa AUTo,372.8,transport,2026-08-10 19:49:00
17,OLLaA UTo,372.8,transport,2026-08-10 19:49:00
17,Coursera TXN77157,50.0,education,2026-08-10 22:35:00
17,Cousera TXN77157,50.0,education,2026-08-10 22:35:00
17,BOOKMYSHOW/UPI/5,356.78,entertainment,2026-08-11 16:06:00
17,Swiggy,67.37,food,2026-08-11 21:38:00
17,Swigggy,67.37,food,2026-08-11 21:38:00
17,UPI-PRIYA S-9585@okaxis,268.71,misc,2026-08-12 13:48:00
17,Wifi Bill,99.0,recharge,2026-08-13 10:20:00
17,UPI-FRIEND REPAYMENT-3054@okaxis,50.0,misc,2026-08-14 10:38:00
17,dOmiNoS XTN23948,132.32,food,2026-08-14 12:50:00
17,DOMINOS TXN88220,299.97,food,2026-08-14 15:24:00
17,DOINOS TXN88220,299.97,food,2026-08-14 15:24:00
17,NeTfLIx*ORD626122,79.0,entertainment,2026-08-15 20:24:00
17,eNTfLIx*ORD626122,79.0,entertainment,2026-08-15 20:24:00
17,SPOTIFY*ORD105926,257.99,entertainment,2026-08-15 21:06:00
17,SPOTIFY*OD105926,257.99,entertainment,2026-08-15 21:06:00
17,ubeR,119.24,education,2026-08-16 18:03:00
17,UPI-RAHUL K-9556@okaxis,881.31,misc,2026-08-18 16:47:00
17,PETRLO PUMP,85.43,transport,2026-08-18 20:44:00
17,Mess Fee,40.0,food,2026-08-19 08:14:00
17,Myntra,100.0,shopping,2026-08-19 08:44:00
17,SWiGGY iNstAMaR,254.11,food,2026-08-19 13:18:00
17,AJIO TXN923,1072.39,shopping,2026-08-19 22:53:00
17,AJIO TXN923,1072.39,shopping,2026-08-19 22:53:00
17,UBER,92.19,transport,2026-08-20 14:13:00
17,MESS FeE,100.04,food,2026-08-21 16:23:00
17,Cafe Coffee Day,84.24,food,2026-08-22 17:35:00
17,Petrol Pump,20.0,transport,2026-08-25 15:15:00
17,UPI-ROOMMATE SPLIT-5370@okaxis,161.08,misc,2026-08-25 22:37:00
17,EXAM FEE PAYM,1213.34,education,2026-08-27 23:59:00
18,SWIGGY INSTAMART TXN65858,243.0,food,2026-04-01 17:31:00
18,mETRO carD rcEhargE REF1596,143.1,transport,2026-04-02 15:58:00
18,Wifi Bill*ORD644640,236.24,recharge,2026-04-03 08:10:00
18,AiRTEl prEPaiD/UPI/179390976,116.83,recharge,2026-04-03 11:37:00
18,Bookmyshow/UPI/263355288,211.43,entertainment,2026-04-03 21:30:00
18,PG RENT PAYMENT,8553.17,rent,2026-04-04 06:19:00
18,hoSTeL FEe/UP/I653879268,7350.77,entertainment,2026-04-04 14:00:00
18,hoSTeL FEe/UP/I653879268,7350.77,entertainment,2026-04-04 14:00:00
18,doMiNOs TXN59858,223.53,food,2026-04-04 16:56:00
18,doMiNOs TXN58958,223.53,food,2026-04-04 16:56:00
18,LAnDlORd TrANSfeR,5745.91,rent,2026-04-05 06:15:00
18,Hostel Fee/,9136.74,rent,2026-04-05 12:20:00
18,Mess Fee/UPI/746615106,289.02,food,2026-04-05 13:20:00
18,Mess Fee/PI/7466615106,289.02,food,2026-04-05 13:20:00
18,AMAZon REF3,1187.67,shopping,2026-04-05 13:21:00
18,UPI-UNKNOWN UPI-1043@okaxis,671.76,misc,2026-04-05 22:26:00
18,WIFI BILL,399.64,recharge,2026-04-06 12:18:00
18,WF  IBILL,399.64,recharge,2026-04-06 12:18:00
18,UPI-PRIYA S-9271@okaxis,416.36,misc,2026-04-06 14:09:00
18,PRINTOUT SHOP*ORD302866,224.94,education,2026-04-06 14:18:00
18,CampUS cANtEeN/UPI/874918117,40.0,food,2026-04-07 14:23:00
18,ExaM FEE pAyMeNt REF1084,364.1,education,2026-04-09 13:13:00
18,EExaM FEE pAyMeNt REF1084,364.1,education,2026-04-09 13:13:00
18,COLLEGE FEE PORTAL TXN77385,855.71,education,2026-04-13 23:10:00
18,COLLEGE FEE PORTAL TXN77385,855.71,education,2026-04-13 23:10:00
18,UPI-UNKNOWN UPI-7608@okaxis,90.51,misc,2026-04-14 08:28:00
18,Exa mFee Payme,696.14,education,2026-04-14 14:05:00
18,wsigGy INstAMArt*ORD167,527.47,food,2026-04-18 21:08:00
18,ZOmatO*ORD869443,344.89,food,2026-04-19 15:32:00
18,aiRTEL PRePaID,206.98,recharge,2026-04-20 23:29:00
18,aiRTEL PRePaIID,206.98,recharge,2026-04-20 23:29:00
18,MEESHO,755.33,shopping,2026-04-21 10:23:00
18,UPI-RAHUL K-3630@okaxis,50.0,misc,2026-04-22 17:21:00
18,UPI-UNKNOWN UPI-5589@okaxis,50.0,misc,2026-04-23 22:53:00
18,hOtStAR,79.0,entertainment,2026-04-27 18:27:00
18,hSttAR,79.0,entertainment,2026-04-27 18:27:00
18,UPI-FRIEND REPAYMENT-7864@okaxis,247.15,misc,2026-04-28 22:52:00
18,DOMINOS,217.22,food,2026-05-01 06:10:00
18,DDMINOS,217.22,food,2026-05-01 06:10:00
18,Ola aUTO R,401.18,transport,2026-05-01 08:36:00
18,SwiggY iNsTAmaRT,40.0,food,2026-05-01 10:41:00
18,SwiggY iNsTAmaRT,40.0,food,2026-05-01 10:41:00
18,Vi prepaID TXN89385,257.12,recharge,2026-05-01 16:55:00
18,PrINTOUTs HOP,426.62,education,2026-05-01 20:37:00
18,Landlord Transfer,7040.97,rent,2026-05-02 08:21:00
18,Landlord Transfer REF7699,6354.54,rent,2026-05-02 08:54:00
18,Landlord Transfer REF7699,6354.54,rent,2026-05-02 08:54:00
18,wIFI BIll,99.0,recharge,2026-05-02 10:20:00
18,PG RENT PAYMENT,4000.0,rent,2026-05-02 14:13:00
18,LANDLORD TRAN,6687.3,rent,2026-05-02 14:52:00
18,WIFI BILL,99.0,recharge,2026-05-02 18:24:00
18,HOsTEL FEe REF1337,4709.25,rent,2026-05-02 21:57:00
18,Mynrta,100.0,shopping,2026-05-02 22:49:00
18,Landlord Transfer R,9922.51,rent,2026-05-03 06:53:00
18,Pg Rent Payment REF3015,7762.91,rent,2026-05-03 09:31:00
18,NAMMA METRO ,231.76,transport,2026-05-03 11:46:00
18,NAMMA METRO ,231.76,transport,2026-05-03 11:46:00
18,COURSERA REF1668,121.25,education,2026-05-03 15:20:00
18,Landlord Transfer TXN82514,4773.92,rent,2026-05-03 18:01:00
18,Landlord TransferT XN82514,4773.92,rent,2026-05-03 18:01:00
18,Hostel Fee TX,6928.94,rent,2026-05-03 18:20:00
18,Ola Auto REF4537,174.39,transport,2026-05-03 20:00:00
18,NETFLIX,270.84,entertainment,2026-05-03 21:40:00
18,NETFLIX,270.84,entertainment,2026-05-03 21:40:00
18,FLIPKART,1027.37,shopping,2026-05-03 23:13:00
18,HOSTEL FEE/UPI/106867910,7287.85,rent,2026-05-04 09:04:00
18,HOSTel FeE,4626.73,rent,2026-05-04 09:14:00
18,PG RENT PAYMENT*ORD763709,7754.88,rent,2026-05-04 15:20:00
18,PG RENT PAYMENT*ORD763709,7754.88,rent,2026-05-04 15:20:00
18,UPI-MESS SECRETARY-5301@okaxis,586.35,misc,2026-05-04 16:11:00
18,PG RENT PAYME,6019.15,rent,2026-05-04 19:46:00
18,Printout Shop,281.85,education,2026-05-04 22:46:00
18,PPrintout Shop,281.85,education,2026-05-04 22:46:00
18,HosTEL Fee*ORD161714,8411.77,rent,2026-05-04 23:03:00
18,Pg Rent pAYMeNt TXN24161,8809.91,rent,2026-05-04 23:04:00
18,Hostel Fee,6523.97,rent,2026-05-05 07:26:00
18,Hostle Fee*ORD913014,8537.66,rent,2026-05-05 10:52:00
18,Uber*ORD392920,258.06,transport,2026-05-05 15:32:00
18,ZOMATO TXN69744,172.88,food,2026-05-06 21:57:00
18,Campus Canteen REF6508,68.84,food,2026-05-07 12:04:00
18,Campus Canten REF6508,68.84,food,2026-05-07 12:04:00
18,Redbus,56.51,transport,2026-05-07 15:12:00
18,Amazon REF1278,421.18,shopping,2026-05-08 12:41:00
18,UPI-FRIEND REPAYMENT-1810@okaxis,453.37,misc,2026-05-08 13:28:00
18,Printout Shop TXN11235,696.82,education,2026-05-08 16:58:00
18,SPOTIFY/UPI/558994584,83.16,entertainment,2026-05-08 17:28:00
18,AirTel PrEPAid REF8147,355.51,recharge,2026-05-08 23:52:00
18,UPI-PRIYA S-4822@okaxis,50.0,misc,2026-05-09 11:13:00
18,Namma Metro,274.36,transport,2026-05-09 13:01:00
18,Jio Recharge/UPI/747915596,165.89,recharge,2026-05-09 14:46:00
18,UBER MOTO,78.19,transport,2026-05-09 15:35:00
18,City Bus Pass,141.83,transport,2026-05-09 19:05:00
18,Wifi Bill,108.94,recharge,2026-05-10 17:26:00
18,WfiB ill,108.94,recharge,2026-05-10 17:26:00
18,Ola AUTo/UPI/825745378,296.43,transport,2026-05-10 21:06:00
18,MNyTra,749.71,shopping,2026-05-10 21:09:00
18,Wifi Bill/UPI/7,131.12,recharge,2026-05-12 08:26:00
18,NaMMA meTro,20.8,transport,2026-05-12 11:11:00
18,City Bus Pass/UPI/515429878,353.93,transport,2026-05-12 12:57:00
18,Vi pREPaid,102.3,recharge,2026-05-12 18:14:00
18,SWiGgy insTamarT,40.0,food,2026-05-12 19:53:00
18,SPOTIFY/UPI/171606648,250.96,entertainment,2026-05-13 10:46:00
18,SPOTIFY/UPI/171606648,250.96,entertainment,2026-05-13 10:46:00
18,UPI-MESS SECRETARY-6523@okaxis,136.28,misc,2026-05-13 18:49:00
18,UPI-RAHUL K-7829@okaxis,751.16,misc,2026-05-14 20:59:00
18,UPI-UNKNOWN UPI-6387@okaxis,702.37,misc,2026-05-15 15:16:00
18,Irctc*ORD345305,101.78,transport,2026-05-16 08:45:00
18,PRINTOUT SHOP,50.0,education,2026-05-16 17:18:00
18,City Bus Pass REF9765,289.13,entertainment,2026-05-17 08:36:00
18,Wifi Bill,99.0,recharge,2026-05-17 11:43:00
18,Vi Prepaid/UPI/854780284,103.88,recharge,2026-05-18 10:01:00
18,Vi Prepad/UPPI/854780284,103.88,recharge,2026-05-18 10:01:00
18,Jio Recharge*ORD634769,268.94,recharge,2026-05-18 16:16:00
18,JioeRcharge*ORD634769,268.94,recharge,2026-05-18 16:16:00
18,peTROL pUmp TXN63200,193.68,transport,2026-05-18 22:32:00
18,Udemy,50.0,education,2026-05-19 13:28:00
18,Udeym,50.0,education,2026-05-19 13:28:00
18,CAfe cOFfee day/UP/I5538598,205.82,food,2026-05-19 14:52:00
18,CAfe cOFfee day/UP/I5538598,205.82,food,2026-05-19 14:52:00
18,BOOKMYSHOW,406.37,recharge,2026-05-19 19:10:00
18,CAfE Coffee dAy*ORD615659,241.63,food,2026-05-20 06:42:00
18,CAfE Coffee dAy*ORD615659,241.63,food,2026-05-20 06:42:00
18,CAMPUS CANTEEN,204.98,food,2026-05-20 16:03:00
18,CAMPUS CANTEEN,204.98,food,2026-05-20 16:03:00
18,OLA AUTO*ORD952865,34.01,transport,2026-05-21 10:27:00
18,UDEMY,50.0,education,2026-05-21 23:44:00
18,UDEEYM,50.0,education,2026-05-21 23:44:00
18,pRINtOut SHoP,250.56,education,2026-05-22 09:25:00
18,Irctc,266.77,transport,2026-05-23 06:43:00
18,Irctc,266.77,transport,2026-05-23 06:43:00
18,UDEMY REF2,839.17,education,2026-05-23 11:54:00
18,UDEMY REF2,839.17,education,2026-05-23 11:54:00
18,Hotstar REF9881,207.85,entertainment,2026-05-23 16:23:00
18,rapiDo,58.5,transport,2026-05-24 07:31:00
18,UPI-RAHUL K-1498@okaxis,390.81,misc,2026-05-24 13:29:00
18,NETFLIX TXN12411,79.0,entertainment,2026-05-24 13:44:00
18,NETFLIX TXN12411,79.0,entertainment,2026-05-24 13:44:00
18,City Bus Pas,78.54,transport,2026-05-24 18:00:00
18,City Bus Pas,78.54,transport,2026-05-24 18:00:00
18,JIO RECHARGE,186.46,recharge,2026-05-27 08:54:00
18,JIO RECAHRGE,186.46,recharge,2026-05-27 08:54:00
18,UPI-MESS SECRETARY-3120@okaxis,461.69,misc,2026-05-27 17:31:00
18,Printout Shop REF6429,50.0,education,2026-05-28 15:52:00
18,COLLEgE FEe pOrTal TXN93903,50.0,education,2026-05-28 16:53:00
18,COLLEgE FEe pOral TXN93903,50.0,education,2026-05-28 16:53:00
18,pArking fee TXN45314,20.0,transport,2026-05-28 18:42:00
18,OLA AUTO,51.05,transport,2026-06-01 18:56:00
18,LANDLORD TARNSFER TXN17081,7203.01,rent,2026-06-02 06:11:00
18,Uber Moto/UPI/588235992,183.19,education,2026-06-02 09:57:00
18,HOSTEL FEE,8491.67,shopping,2026-06-02 11:10:00
18,JIo recHArGE REF1955,133.53,recharge,2026-06-02 13:25:00
18,LanDLorD TRANSFEr/UPI/385796079,10063.1,rent,2026-06-02 14:16:00
18,LanDLorD TRANSFEr/UPI/85796079,10063.1,rent,2026-06-02 14:16:00
18,hostEL fEE,6180.94,rent,2026-06-02 16:12:00
18,hostEL fEE,6180.94,rent,2026-06-02 16:12:00
18,pG rENt paymEnt REF9269,4000.0,rent,2026-06-02 16:38:00
18,LANDLORD TRANSFER REF16,7442.92,rent,2026-06-03 12:27:00
18,College Fee Portal/UPI/987500158,494.28,education,2026-06-05 06:13:00
18,College Fee Potal/UPI/985700158,494.28,education,2026-06-05 06:13:00
18,AMAZON,387.18,shopping,2026-06-05 09:01:00
18,AMZON,387.18,shopping,2026-06-05 09:01:00
18,Hostel Fee,5361.82,rent,2026-06-05 10:22:00
18,NETFLIX,79.0,entertainment,2026-06-05 14:26:00
18,PG rENT pAYM,7969.01,rent,2026-06-05 15:57:00
18,Uber,186.89,transport,2026-06-05 18:36:00
18,Campus Canteen*ORD688940,174.63,food,2026-06-06 17:10:00
18,UPI-PRIYA S-5080@okaxis,370.48,misc,2026-06-08 21:28:00
18,SWIGGY INSTAMART REF4924,315.23,recharge,2026-06-09 06:28:00
18,SWIGGY NSTAMART REF4924,315.23,recharge,2026-06-09 06:28:00
18,Ola Auto,293.46,transport,2026-06-10 06:49:00
18,Ola Auto,293.46,transport,2026-06-10 06:49:00
18,Hotstar,79.13,entertainment,2026-06-12 17:36:00
18,Campsu Canteen,302.8,food,2026-06-12 22:44:00
18,PRIME VIDEO,213.49,entertainment,2026-06-13 21:24:00
18,PRIME VIDEO,213.49,entertainment,2026-06-13 21:24:00
18,OLA ATUO REF2,78.4,transport,2026-06-15 14:34:00
18,OLA AOU REF2,78.4,transport,2026-06-15 14:34:00
18,meTRO cArd rechArGe/UP,401.75,transport,2026-06-15 15:08:00
18,PRIME VIDEO,184.86,entertainment,2026-06-23 07:40:00
18,PRIM EVDEO,184.86,entertainment,2026-06-23 07:40:00
18,UPI-MESS SECRETARY-6789@okaxis,379.17,misc,2026-06-23 08:39:00
18,UPI-UNKNOWN UPI-2968@okaxis,50.0,misc,2026-06-23 10:03:00
18,UPI-UNKNOWN UPI-2702@okaxis,57.01,misc,2026-06-27 22:22:00
18,BOoKmYSHOw/UPI/140588187,127.37,entertainment,2026-07-01 06:58:00
18,BOoKmYSHOw/UPI//14058187,127.37,entertainment,2026-07-01 06:58:00
18,Vi Prepaid TXN32179,167.04,recharge,2026-07-01 10:13:00
18,Vi Perpaaid TXN32179,167.04,recharge,2026-07-01 10:13:00
18,Ola*ORD139369,208.48,transport,2026-07-01 17:40:00
18,Metro Card Recharge,278.63,transport,2026-07-01 20:17:00
18,swiggy TXN53315,163.39,food,2026-07-01 21:14:00
18,FLPIKART/UPI/404221194,1073.44,shopping,2026-07-02 06:06:00
18,FLPIART/UPI/404221914,1073.44,shopping,2026-07-02 06:06:00
18,MESS FEE,292.08,food,2026-07-02 11:48:00
18,ParkinG fEE,86.07,transport,2026-07-02 20:21:00
18,PariknG fEE,86.07,transport,2026-07-02 20:21:00
18,Hostel Fee,7153.73,rent,2026-07-03 12:32:00
18,MYntrA TXN98110,750.23,shopping,2026-07-03 13:41:00
18,HOSTEL FEE/UPI/400294642,7340.03,rent,2026-07-03 15:10:00
18,REDBUS,191.83,transport,2026-07-03 17:01:00
18,pg REnT pAYMent*ORD810547,6275.76,rent,2026-07-04 07:16:00
18,pg REnT pAYMent*ORD810547,6275.76,rent,2026-07-04 07:16:00
18,Vi PREpAiD TXN31333,354.38,recharge,2026-07-04 09:01:00
18,HOSTEL FEE,5733.51,rent,2026-07-04 09:59:00
18,HOSTEL FEE,5733.51,rent,2026-07-04 09:59:00
18,EXAM FEE PAYMENT/UPI/606029459,195.64,education,2026-07-04 10:40:00
18,EAM FEEE PAYMENT/UPI/606029459,195.64,education,2026-07-04 10:40:00
18,UPI-FRIEND REPAYMENT-9224@okaxis,898.68,misc,2026-07-04 11:39:00
18,pg REnT PAYMENt*ORD128192,4000.0,rent,2026-07-04 21:29:00
18,gp REnT PAYMENt*ORD128192,4000.0,rent,2026-07-04 21:29:00
18,Exam Fee Payment/UPI/619291070,50.0,education,2026-07-05 06:48:00
18,Exam Fee Payment/UPI/619291070,50.0,education,2026-07-05 06:48:00
18,BoOkmySHOw*ORD36359,79.0,entertainment,2026-07-05 14:54:00
18,Landlord Transfer,4328.26,rent,2026-07-05 15:21:00
18,Lanldord Transfer,4328.26,rent,2026-07-05 15:21:00
18,FlIPKArt REF,781.03,shopping,2026-07-09 07:59:00
18,bOOkmYshoW/UPI/62520554,321.88,entertainment,2026-07-09 08:14:00
18,City Bus Pa,41.92,education,2026-07-09 11:47:00
18,CourSeRA*ORD370476,533.89,education,2026-07-09 13:10:00
18,CourSeR*AORD370476,533.89,education,2026-07-09 13:10:00
18,MEesHo,954.45,shopping,2026-07-10 10:46:00
18,MEeso,954.45,shopping,2026-07-10 10:46:00
18,Printout Shop/UPI/118618586,731.13,education,2026-07-10 15:23:00
18,SwIgGy REF92,240.42,food,2026-07-10 19:40:00
18,MESS FEE REF2350,40.0,entertainment,2026-07-10 23:10:00
18,UPI-PRIYA S-1511@okaxis,492.3,misc,2026-07-11 09:39:00
18,PRIME VIDEO,79.0,entertainment,2026-07-11 15:25:00
18,meTRo cARd REcHARge/UPI/543466414,263.13,transport,2026-07-11 16:27:00
18,meTRoo cARd REcHARge/UI/543466414,263.13,transport,2026-07-11 16:27:00
18,pETroL PUmP*ORD382283,44.49,transport,2026-07-12 11:04:00
18,CITY BUS PASS*ORD3273,188.92,transport,2026-07-12 18:10:00
18,CITY BUS PASS*OR32733,188.92,transport,2026-07-12 18:10:00
18,nETFlIx*ORD725409,79.0,entertainment,2026-07-14 20:34:00
18,nETFIlx*ORD725409,79.0,entertainment,2026-07-14 20:34:00
18,udEMy RE2F328,808.14,education,2026-07-15 15:40:00
18,uEMy REF2328,808.14,education,2026-07-15 15:40:00
18,CoLlEgE FeE PoRtaL,236.47,education,2026-07-15 21:25:00
18,CoLlEgE Fe PoRtaL,236.47,education,2026-07-15 21:25:00
18,UDEMY,50.0,education,2026-07-16 06:01:00
18,EXAM FeE PayMeNT TXN49607,700.09,education,2026-07-16 19:47:00
18,CAFE COFFEE DAY R,334.79,food,2026-07-17 09:06:00
18,SWIGGY TXN24494,301.94,food,2026-07-17 16:39:00
18,Udemy TXN96583,50.0,food,2026-07-17 23:47:00
18,dUey TXN96583,50.0,food,2026-07-17 23:47:00
18,Bookmyshow*ORD318376,232.56,entertainment,2026-07-18 21:01:00
18,MeESHo,1088.08,shopping,2026-07-18 23:50:00
18,BOokmyShOW,79.0,entertainment,2026-07-19 07:23:00
18,Redbus REF52,250.76,transport,2026-07-19 18:58:00
18,RedbusREF52,250.76,transport,2026-07-19 18:58:00
18,AJIO REF4838,587.41,shopping,2026-07-19 20:45:00
18,UPI-PRIYA S-3646@okaxis,339.95,misc,2026-07-20 20:00:00
18,PRINTOUT SHOP REF1255,50.0,education,2026-07-20 20:46:00
18,Zomato/UPI/304153822,123.92,food,2026-07-20 20:49:00
18,Zmato/UPI/304153822,123.92,food,2026-07-20 20:49:00
18,ajIO/UPI/637339,457.53,shopping,2026-07-21 12:08:00
18,MEESHO TXN96290,619.46,transport,2026-07-21 12:48:00
18,nEtflIX TXN35803,79.0,entertainment,2026-07-22 07:54:00
18,nEtflIX TXN35803,79.0,entertainment,2026-07-22 07:54:00
18,AJIO/UPI/40982,920.45,shopping,2026-07-23 20:24:00
18,Netflix*ORD145984,368.31,entertainment,2026-07-23 21:20:00
18,Netflix*OR1DD45984,368.31,entertainment,2026-07-23 21:20:00
18,UBER MOTO REF2299,34.3,food,2026-07-25 12:29:00
18,WIFI BILL*ORD253929,426.02,recharge,2026-07-25 20:43:00
18,WIFI BILL*ORD253929,426.02,recharge,2026-07-25 20:43:00
18,NETFLIX,385.46,entertainment,2026-07-26 22:28:00
18,NTEFIX,385.46,entertainment,2026-07-26 22:28:00
18,Meesho REF7187,592.39,shopping,2026-07-26 23:03:00
18,Meesho REF71887,592.39,shopping,2026-07-26 23:03:00
18,AjiO,315.83,shopping,2026-07-27 20:31:00
18,AAjiO,315.83,shopping,2026-07-27 20:31:00
18,Ola AuTO REF3750,20.0,transport,2026-07-28 07:33:00
18,Ola AuTO REF3750,20.0,transport,2026-07-28 07:33:00
18,RPAIDO,279.61,transport,2026-07-28 10:00:00
18,RAIDOO,279.61,transport,2026-07-28 10:00:00
18,Airtel Prepaid,165.77,education,2026-07-28 19:10:00
18,Ajio,120.78,shopping,2026-07-28 19:45:00
18,Myntra REF8388,100.0,shopping,2026-07-28 20:15:00
18,FLIPKART TXN70692,1231.42,shopping,2026-08-01 09:50:00
18,Hotstar REF64,238.11,entertainment,2026-08-01 17:05:00
18,Mess Fee,260.42,food,2026-08-01 18:00:00
18,MessFee,260.42,food,2026-08-01 18:00:00
18,MESS FEE,150.34,food,2026-08-01 20:23:00
18,Hostel Fee TXN92089,7484.78,rent,2026-08-02 19:06:00
18,Hostel Feee XN90289,7484.78,rent,2026-08-02 19:06:00
18,Jio Recharge*ORD963820,376.87,recharge,2026-08-02 21:28:00
18,Vi prEPaId,99.0,recharge,2026-08-04 17:54:00
18,Vi prEPIad,99.0,recharge,2026-08-04 17:54:00
18,aiRTel PREpAid/UPI/731753142,363.48,recharge,2026-08-04 20:05:00
18,aiRTel PREpAidU/PI/731753142,363.48,recharge,2026-08-04 20:05:00
18,ola/UPI/4950,251.17,transport,2026-08-04 22:17:00
18,UDEMY/UPI/7639769,732.03,education,2026-08-05 08:32:00
18,Airtel Prep,331.63,recharge,2026-08-05 23:07:00
18,VI PrEPaID/UPI/396914918,99.0,recharge,2026-08-06 07:51:00
18,sWIggY InsTAm,380.95,food,2026-08-06 13:53:00
18,sWIggY InsTAm,380.95,food,2026-08-06 13:53:00
18,PArkiNg Fee*ORD719988,229.45,transport,2026-08-07 08:02:00
18,PRINTOUT SHOP,652.42,education,2026-08-07 10:01:00
18,PRINTOUT HOP,652.42,education,2026-08-07 10:01:00
18,PRiNTOut SHOp REF7726,50.0,education,2026-08-07 10:38:00
18,prINtoUt shoP/UPI/712046396,379.64,education,2026-08-07 14:16:00
18,prINtoUt shoP/UPI/7112046396,379.64,education,2026-08-07 14:16:00
18,caFE COFEFe dAY,150.7,food,2026-08-07 15:33:00
18,caFE CFEFe dAY,150.7,food,2026-08-07 15:33:00
18,FLIPKART TXN40225,359.99,shopping,2026-08-07 18:05:00
18,Uber REF1897,20.0,transport,2026-08-08 06:47:00
18,IRCTC/UPI/795409463,292.63,transport,2026-08-09 07:27:00
18,CAFE COFFEE DAY/UPI/45656,397.47,food,2026-08-09 21:02:00
18,CCAFE COFEE DAY/UPI/45656,397.47,food,2026-08-09 21:02:00
18,SWigGY iNsTamart*ORD661511,261.52,food,2026-08-09 21:18:00
18,Vi Prepaid,444.25,recharge,2026-08-10 13:41:00
18,Ajio/UPI/4667,100.0,shopping,2026-08-11 08:13:00
18,AIRTEL PREPAID,292.87,recharge,2026-08-11 10:44:00
18,AIRTEL PREPAID,292.87,recharge,2026-08-11 10:44:00
18,COURSERA REF45,928.69,education,2026-08-13 11:54:00
18,namMa MEtR,20.0,transport,2026-08-13 15:13:00
18,SPOTIFY REF7477,242.65,entertainment,2026-08-13 20:14:00
18,SPOTIFY RFE7477,242.65,entertainment,2026-08-13 20:14:00
18,AmAZON*ORD206200,1075.04,recharge,2026-08-14 06:44:00
18,Hotstar,196.12,entertainment,2026-08-15 20:27:00
18,Hotstar,196.12,entertainment,2026-08-15 20:27:00
18,UDEMY*ORD129857,53.25,education,2026-08-16 09:45:00
18,UDEMYY*ORD129857,53.25,education,2026-08-16 09:45:00
18,AIrTEl PREpAId,123.23,recharge,2026-08-16 10:41:00
18,JiO ReCharGe TXN88463,180.82,recharge,2026-08-16 17:58:00
18,JiO ReCahrGe TXN88463,180.82,recharge,2026-08-16 17:58:00
18,Uber Moto,371.92,transport,2026-08-17 07:34:00
18,PRINTOUT SHOP,50.0,education,2026-08-18 09:12:00
18,PRINTOUT SHOP,50.0,education,2026-08-18 09:12:00
18,EXAM FEE PAYMENT*ORD582762,637.25,education,2026-08-19 11:21:00
18,UPI-UNKNOWN UPI-4624@okaxis,116.54,misc,2026-08-19 16:31:00
18,Wifi Bill REF3388,408.08,recharge,2026-08-19 18:26:00
18,Ola,20.0,shopping,2026-08-20 15:55:00
18,Ola,20.0,shopping,2026-08-20 15:55:00
18,EXaM fee PAYMeNt*ORD1692,50.0,education,2026-08-20 22:49:00
18,Printout Shop REF3962,400.8,education,2026-08-21 13:51:00
18,UPI-PRIYA S-6394@okaxis,642.68,misc,2026-08-23 11:49:00
18,JIO RECHARG,442.57,recharge,2026-08-24 12:16:00
18,JIO RECHARG,442.57,recharge,2026-08-24 12:16:00
18,WIFI BILL REF1597,327.11,recharge,2026-08-27 06:20:00
19,aIrTEL pRePaiD TXN58097,391.78,recharge,2026-04-01 19:04:00
19,Landlord Transfer,4918.2,rent,2026-04-02 11:17:00
19,UPI-RAHUL K-7450@okaxis,259.81,misc,2026-04-02 17:20:00
19,ajIo TXN57256,441.28,shopping,2026-04-02 17:54:00
19,ajIo XTN57256,441.28,shopping,2026-04-02 17:54:00
19,UDEmy*ORD806503,1567.12,education,2026-04-02 23:19:00
19,Landlord Transfer,8145.79,rent,2026-04-03 17:28:00
19,aLndlord TTransfer,8145.79,rent,2026-04-03 17:28:00
19,MEESHO,182.2,shopping,2026-04-03 19:33:00
19,MEEHSO,182.2,shopping,2026-04-03 19:33:00
19,HOSTEL FEE REF3645,7744.6,rent,2026-04-03 23:15:00
19,HOSTEL FEE REE3F645,7744.6,rent,2026-04-03 23:15:00
19,Pg Rent Payment*ORD899965,6173.53,rent,2026-04-03 23:47:00
19,Airtel Prepa,275.2,recharge,2026-04-04 15:02:00
19,AritellPrepa,275.2,recharge,2026-04-04 15:02:00
19,DomiNOS/UPI/239446360,85.77,food,2026-04-04 21:00:00
19,pG Rent pAyMeNt*ORD326933,8770.19,rent,2026-04-05 07:57:00
19,HOSTEL FEE ,8716.44,rent,2026-04-05 09:49:00
19,laNDlord trANsFeR/UPI/364492978,6920.34,rent,2026-04-05 11:33:00
19,laNDlord tArNsFeR/UPI/364492978,6920.34,rent,2026-04-05 11:33:00
19,lAnDLORd tRANsfeR,10112.6,rent,2026-04-05 14:36:00
19,Wifi Bill,154.36,recharge,2026-04-05 19:40:00
19,Irctc,124.31,transport,2026-04-06 13:21:00
19,Irrctc,124.31,transport,2026-04-06 13:21:00
19,VI PREPAID,361.37,entertainment,2026-04-06 18:09:00
19,VI PREAID,361.37,entertainment,2026-04-06 18:09:00
19,Redbus TXN75573,228.93,transport,2026-04-06 23:39:00
19,Redbus TXN755573,228.93,transport,2026-04-06 23:39:00
19,College Fee Portal,50.0,education,2026-04-07 14:28:00
19,caMPUS caNteen*ORD455973,40.0,food,2026-04-07 20:07:00
19,caMPUS caNteen*ORD45573,40.0,food,2026-04-07 20:07:00
19,Printout Shop*ORD428852,50.0,education,2026-04-08 13:52:00
19,Prrintout Shop*ORD428852,50.0,education,2026-04-08 13:52:00
19,City Bus Pass,20.0,transport,2026-04-08 21:02:00
19,neTflix/UPI/158652902,232.25,entertainment,2026-04-09 13:57:00
19,UBER TXN96370,199.56,transport,2026-04-09 18:30:00
19,UPI-UNKNOWN UPI-9874@okaxis,464.22,misc,2026-04-11 10:30:00
19,Meesho REF4,1178.91,shopping,2026-04-11 15:50:00
19,Meesh oREF44,1178.91,shopping,2026-04-11 15:50:00
19,IRctc*ORD636234,181.87,transport,2026-04-11 15:51:00
19,Zomato,40.0,food,2026-04-11 20:48:00
19,NETFLIX TXN2126,106.84,entertainment,2026-04-12 15:22:00
19,NETFLIX XTN2126,106.84,entertainment,2026-04-12 15:22:00
19,EXAM FEE PAYMENT/UPI,859.75,education,2026-04-12 21:16:00
19,WiFI BIlL,118.23,recharge,2026-04-13 10:02:00
19,SwigGY InstAMArT,454.83,food,2026-04-13 15:06:00
19,SwigGY IntAMArT,454.83,food,2026-04-13 15:06:00
19,UPI-PRIYA S-1891@okaxis,533.73,misc,2026-04-14 14:28:00
19,AIRTEL PREPAID,282.5,recharge,2026-04-14 16:12:00
19,AIRTEL PREEPAD,282.5,recharge,2026-04-14 16:12:00
19,AJio*ORD611585,615.23,shopping,2026-04-15 18:26:00
19,AJoi*ORD611585,615.23,shopping,2026-04-15 18:26:00
19,Hotstar,79.0,entertainment,2026-04-15 21:57:00
19,Hotsatr,79.0,entertainment,2026-04-15 21:57:00
19,cOUrSeR*aORD194068,268.68,food,2026-04-17 10:27:00
19,cOUrSeR*aORD194068,268.68,food,2026-04-17 10:27:00
19,UPI-PRIYA S-4359@okaxis,60.93,misc,2026-04-17 20:28:00
19,mYnTra,193.59,shopping,2026-04-18 20:37:00
19,aMazon*ORD472178,355.44,shopping,2026-04-19 08:45:00
19,Maazon*ORD472178,355.44,shopping,2026-04-19 08:45:00
19,swiGGY INstaMArt TXN38538,52.81,rent,2026-04-19 14:16:00
19,swiGGY INstaMArt TXN388538,52.81,rent,2026-04-19 14:16:00
19,Netflix/UPI/653946830,231.61,entertainment,2026-04-20 06:49:00
19,Meesho,100.0,shopping,2026-04-20 08:18:00
19,SpoTiFy,341.15,entertainment,2026-04-20 11:10:00
19,College Fee Portal,217.99,education,2026-04-21 22:13:00
19,UPI-ROOMMATE SPLIT-6178@okaxis,448.08,misc,2026-04-23 22:09:00
19,Airtel Prepaid,325.12,recharge,2026-04-24 07:22:00
19,petroL PumP*ORD733404,232.86,transport,2026-04-24 18:30:00
19,UPI-PRIYA S-4584@okaxis,207.57,misc,2026-04-25 12:28:00
19,UPI-FRIEND REPAYMENT-2048@okaxis,277.04,misc,2026-04-25 19:22:00
19,NAMMA METRO,195.53,transport,2026-04-26 08:24:00
19,MYNTRA,561.04,shopping,2026-04-26 10:47:00
19,wIfI BILl,181.05,recharge,2026-05-01 09:56:00
19,Hostel Fee/UPI/245418038,8176.0,rent,2026-05-02 06:05:00
19,Hoste Fee/UPI2/45418038,8176.0,rent,2026-05-02 06:05:00
19,Campus Canteen*ORD519905,171.68,food,2026-05-02 06:40:00
19,SPOTIFY REF,438.93,recharge,2026-05-02 09:38:00
19,Vi Prepaid,99.0,recharge,2026-05-02 13:53:00
19,Pg renT pAYMenT,8789.67,rent,2026-05-02 14:38:00
19,Hostel Fee,5523.2,rent,2026-05-02 14:47:00
19,HOSTEL FEE,8644.1,rent,2026-05-02 17:57:00
19,hoSTeL fEe REF8588,5900.55,rent,2026-05-02 20:59:00
19,hoSTeL fEe REF8588,5900.55,rent,2026-05-02 20:59:00
19,UPI-PRIYA S-2954@okaxis,50.0,misc,2026-05-02 22:28:00
19,Landlord Transfer,8247.43,rent,2026-05-03 12:01:00
19,Lndlrod Transfer,8247.43,rent,2026-05-03 12:01:00
19,Netflix*ORD1,164.13,entertainment,2026-05-03 13:46:00
19,jIo rEChArgE,99.0,recharge,2026-05-03 14:22:00
19,Hostel Fee,8256.65,rent,2026-05-03 14:39:00
19,Hostel Fee,8256.65,rent,2026-05-03 14:39:00
19,LANDLORD TRANSFER REF1991,4000.0,rent,2026-05-03 17:11:00
19,PG RENT PAYMENT*ORD902421,5981.15,rent,2026-05-03 19:56:00
19,PG RENT PAYMNT*ORD902421,5981.15,rent,2026-05-03 19:56:00
19,Pg Rent Payment*ORD715054,6717.61,rent,2026-05-03 20:14:00
19,MESS FEE,448.91,food,2026-05-03 21:43:00
19,EMSS FEE,448.91,food,2026-05-03 21:43:00
19,FLIPKART/UPI/344599199,100.0,shopping,2026-05-03 22:25:00
19,pG reNT pAy,6991.07,rent,2026-05-03 23:43:00
19,Uber Moto*ORD7831,323.03,transport,2026-05-04 07:38:00
19,AMAZON,657.07,shopping,2026-05-04 08:15:00
19,pg RenT pAYMeNT/UPI/5,6191.04,rent,2026-05-04 11:23:00
19,pgRenT pAYMeNT/UPI/5,6191.04,rent,2026-05-04 11:23:00
19,hOStel fEe,7784.83,rent,2026-05-04 14:29:00
19,PRINTOUT SHOP,727.47,education,2026-05-04 14:49:00
19,campUs canTEen,337.51,food,2026-05-04 20:09:00
19,campUs canTen,337.51,food,2026-05-04 20:09:00
19,FLIPKART REF6483,351.79,shopping,2026-05-04 21:19:00
19,wIfI bIlL TXN98117,99.0,recharge,2026-05-04 21:53:00
19,wIfI bIlL TXN9817,99.0,recharge,2026-05-04 21:53:00
19,Landlord Transfer,7314.21,rent,2026-05-04 23:14:00
19,Landlord Transfer,7314.21,rent,2026-05-04 23:14:00
19,Amazo*nORD998479,1223.01,shopping,2026-05-05 09:16:00
19,Amazo*nROD98479,1223.01,shopping,2026-05-05 09:16:00
19,IRcTc,245.02,transport,2026-05-05 10:37:00
19,IcRTc,245.02,transport,2026-05-05 10:37:00
19,LAndLoRd TRaNsfEr TXN76126,4682.59,rent,2026-05-05 11:16:00
19,LANDLORD TRANSFER TXN87699,7637.98,rent,2026-05-05 13:18:00
19,LanDlord TrANSFer,7579.57,rent,2026-05-05 14:21:00
19,coUrserA TXN991,264.61,education,2026-05-05 15:48:00
19,Parking Fee TXN31639,158.14,transport,2026-05-05 22:19:00
19,Parking Fee TXN31639,158.14,transport,2026-05-05 22:19:00
19,COLLEGE FEE PORTAL REF5691,50.0,education,2026-05-06 20:05:00
19,OCLLEGE FEE PORTAL REF56911,50.0,education,2026-05-06 20:05:00
19,sWIGGY,144.73,food,2026-05-06 23:17:00
19,Swiggy Insta,70.17,food,2026-05-07 07:38:00
19,AIRTEL PREPAID TXN28137,387.84,recharge,2026-05-07 09:06:00
19,DOMINOS REF95,415.05,food,2026-05-07 12:06:00
19,pRIMe VIDe,79.0,entertainment,2026-05-08 16:35:00
19,Uber Moto REF8718,176.32,transport,2026-05-08 17:21:00
19,Uber Mooto REF8718,176.32,transport,2026-05-08 17:21:00
19,Ajio/UPI/952733004,500.41,transport,2026-05-08 17:44:00
19,Ajio/UPI/92733004,500.41,transport,2026-05-08 17:44:00
19,UPI-PRIYA S-9470@okaxis,188.98,misc,2026-05-09 08:06:00
19,Ajio*ORD909342,357.77,shopping,2026-05-09 12:59:00
19,Prime Video,79.0,entertainment,2026-05-09 13:56:00
19,Campus Cantee*nORD233892,184.49,food,2026-05-09 13:57:00
19,Caampus Cantee*nORD23892,184.49,food,2026-05-09 13:57:00
19,Amazon/UPI/,364.68,shopping,2026-05-09 14:11:00
19,ajIo*ORD18349,641.69,shopping,2026-05-09 14:26:00
19,MEESHO REF721,1054.46,shopping,2026-05-09 18:09:00
19,MEESSHO REF721,1054.46,shopping,2026-05-09 18:09:00
19,MEESHO,495.18,shopping,2026-05-09 20:24:00
19,CAFE COFFEE DAY TXN,79.22,food,2026-05-09 23:00:00
19,ACFECOFFEE DAY TXN,79.22,food,2026-05-09 23:00:00
19,Coursera*ORD155882,1369.78,education,2026-05-10 10:33:00
19,cafE COffeE DAy*ORD400554,84.74,food,2026-05-10 10:53:00
19,Redbus REF3294,20.0,transport,2026-05-10 21:21:00
19,Swiggy Instamart TXN55534,177.93,food,2026-05-10 21:46:00
19,NETFLIX,146.77,entertainment,2026-05-10 23:23:00
19,PriNTOUT shOP REF8647,50.0,education,2026-05-11 10:58:00
19,rPiNTOUT shOP REF8647,50.0,education,2026-05-11 10:58:00
19,CAMPUS CANTEEN/UPI/453364871,342.2,food,2026-05-11 13:50:00
19,MESS FEE REF3706,189.77,food,2026-05-11 15:18:00
19,MESS FEE  REF376,189.77,food,2026-05-11 15:18:00
19,SWIGGY INSTAMART REF374,208.89,food,2026-05-11 18:03:00
19,Coursera,1233.41,education,2026-05-11 22:17:00
19,oCurssera,1233.41,education,2026-05-11 22:17:00
19,AMAZON,1076.23,shopping,2026-05-12 07:47:00
19,Prime Video TX3N9609,79.0,entertainment,2026-05-13 15:07:00
19,UDEMY,517.74,education,2026-05-13 19:25:00
19,AmAzOn REF2031,677.93,shopping,2026-05-13 21:26:00
19,JIO RECHARG,99.0,recharge,2026-05-14 06:22:00
19,JIO RECHARG,99.0,recharge,2026-05-14 06:22:00
19,Printout Shop/UPI/21323,50.0,education,2026-05-14 13:38:00
19,Ola Auto REF,42.44,transport,2026-05-14 14:14:00
19,EXAM FEE PAYMENT,477.17,education,2026-05-14 14:27:00
19,Campus Canteen,67.1,food,2026-05-14 19:36:00
19,VI PRepAID*ORD589931,403.23,recharge,2026-05-14 23:33:00
19,Wifi Bill REF758,372.1,recharge,2026-05-15 13:19:00
19,SWIGGY,351.25,food,2026-05-16 11:52:00
19,NETFLIX,453.08,entertainment,2026-05-16 12:18:00
19,NTEFLIX,453.08,entertainment,2026-05-16 12:18:00
19,Netflix,369.23,entertainment,2026-05-16 16:39:00
19,Prime Video TXN87011,295.77,shopping,2026-05-16 23:41:00
19,UPI-FRIEND REPAYMENT-6877@okaxis,824.08,misc,2026-05-17 08:44:00
19,Mess Fee/UPI/899856610,403.64,entertainment,2026-05-17 18:43:00
19,AMAZON*ORD,393.81,shopping,2026-05-17 19:15:00
19,AMAZONORD,393.81,shopping,2026-05-17 19:15:00
19,UPI-ROOMMATE SPLIT-4213@okaxis,208.25,misc,2026-05-17 22:06:00
19,swIgGy REF1733,311.76,food,2026-05-18 10:33:00
19,swIgGy REF1733,311.76,food,2026-05-18 10:33:00
19,COURSERA*ORD727807,782.39,education,2026-05-18 15:04:00
19,SWIGGY INSTAMART TXN26799,270.42,food,2026-05-18 16:01:00
19,SWIGGY INSTAMART TXN26799,270.42,food,2026-05-18 16:01:00
19,AJiO,1376.06,shopping,2026-05-18 16:53:00
19,AJiO,1376.06,shopping,2026-05-18 16:53:00
19,Myntra,100.0,shopping,2026-05-19 13:03:00
19,Mytnra,100.0,shopping,2026-05-19 13:03:00
19,caFe coFfEe dAy,316.09,food,2026-05-19 19:15:00
19,SWIGGY REF3022,288.5,food,2026-05-19 23:52:00
19,NETFLIX,111.95,entertainment,2026-05-20 07:24:00
19,OLA TXN68735,49.33,transport,2026-05-20 09:18:00
19,OLT XN68735,49.33,transport,2026-05-20 09:18:00
19,PRIME VIDEO/UPI/336522257,79.92,entertainment,2026-05-22 13:53:00
19,PRIME VIDDEO/UPI/33652257,79.92,entertainment,2026-05-22 13:53:00
19,UPI-FRIEND REPAYMENT-3494@okaxis,363.24,misc,2026-05-24 18:26:00
19,COLLEGE FEE PORTAL,379.27,education,2026-05-25 20:47:00
19,COLLEGE FEEP ORTAL,379.27,education,2026-05-25 20:47:00
19,PRIME VIDEO,95.04,entertainment,2026-05-26 22:19:00
19,PRIME VDIEO,95.04,entertainment,2026-05-26 22:19:00
19,netFliX,233.44,entertainment,2026-05-27 18:20:00
19,PRINTOUT SHO,395.13,education,2026-05-28 15:19:00
19,PRINOTUT SHO,395.13,education,2026-05-28 15:19:00
19,CAFE COFFE,460.67,food,2026-05-28 16:09:00
19,UPI-FRIEND REPAYMENT-5689@okaxis,468.71,misc,2026-05-28 16:26:00
19,UPI-FRIEND REPAYMENT-8096@okaxis,816.51,misc,2026-05-28 18:38:00
19,jIo ReChaRgE*ORD791003,353.92,recharge,2026-06-01 15:51:00
19,jIo RReChaRgE*ORD790103,353.92,recharge,2026-06-01 15:51:00
19,AiRtEl PrEpAId/UPI/318853338,105.6,recharge,2026-06-01 18:56:00
19,AiRtEl PrrEpAId/UPI/318853338,105.6,recharge,2026-06-01 18:56:00
19,HOSTEL FEE TXN13382,5417.34,rent,2026-06-02 15:24:00
19,LANDLORD TRANSFER*ORD836978,7720.39,rent,2026-06-03 11:37:00
19,PG RENT PAYME,8234.17,rent,2026-06-03 15:17:00
19,RApIDO REF5164,37.08,transport,2026-06-05 08:50:00
19,RApIDO RF51664,37.08,transport,2026-06-05 08:50:00
19,PG RENT PAYMENT TXN87341,4553.0,rent,2026-06-05 23:17:00
19,PG RENTP AYMENT XN87341,4553.0,rent,2026-06-05 23:17:00
19,caFE cofFeE DAY*ORD636642,185.19,food,2026-06-06 18:31:00
19,SPOTFIY*ORD747034,185.33,entertainment,2026-06-06 19:13:00
19,SPOTFIY*ORD47034,185.33,entertainment,2026-06-06 19:13:00
19,Dominos*ORD690620,318.48,food,2026-06-07 19:06:00
19,Jio Rechar,415.87,recharge,2026-06-10 06:50:00
19,NETFLIX REF3801,79.0,entertainment,2026-06-10 12:46:00
19,NETFLLIX REF3801,79.0,entertainment,2026-06-10 12:46:00
19,UPI-RAHUL K-2764@okaxis,207.48,misc,2026-06-10 18:04:00
19,fLIpKARt REF5588,367.21,shopping,2026-06-11 17:45:00
19,UPI-MESS SECRETARY-6477@okaxis,888.41,misc,2026-06-11 19:22:00
19,zOMAtO,307.28,food,2026-06-11 23:14:00
19,Hottsar REF5388,429.8,entertainment,2026-06-13 20:47:00
19,Hottsar REF5388,429.8,entertainment,2026-06-13 20:47:00
19,flIPkarT,414.34,shopping,2026-06-14 14:10:00
19,lfPkarT,414.34,shopping,2026-06-14 14:10:00
19,primE vIDEO TXN6,277.85,entertainment,2026-06-14 14:15:00
19,primE vIIDEO TXN6,277.85,entertainment,2026-06-14 14:15:00
19,rapidO,112.16,transport,2026-06-14 21:58:00
19,Spotify TXN74455,287.76,entertainment,2026-06-14 22:17:00
19,Spottify XTN74455,287.76,entertainment,2026-06-14 22:17:00
19,Mess Fee TXN6,226.38,rent,2026-06-15 13:11:00
19,HOTSTAR,156.34,entertainment,2026-06-16 08:34:00
19,HOTTSAR,156.34,entertainment,2026-06-16 08:34:00
19,Meesho/UPI/673648498,248.86,shopping,2026-06-16 21:13:00
19,Meesh/oUPI/673648498,248.86,shopping,2026-06-16 21:13:00
19,PARKING FEE TXN,408.59,transport,2026-06-16 22:09:00
19,PARKING FEE XTN,408.59,transport,2026-06-16 22:09:00
19,COURSERA/UPI/608670530,916.86,education,2026-06-17 20:22:00
19,ajIO/UPI/246355411,508.39,shopping,2026-06-17 20:49:00
19,CITY BUS PASS,179.53,transport,2026-06-18 14:53:00
19,MESS FEE TXN68866,307.73,food,2026-06-20 10:15:00
19,UPI-FRIEND REPAYMENT-5119@okaxis,69.43,misc,2026-06-21 19:36:00
19,Printotu Shop/UPI/559107066,550.79,education,2026-06-24 15:49:00
19,NETFLIX/UPI/639766933,83.75,entertainment,2026-06-24 20:05:00
19,Flipkart*ORD1,1390.98,shopping,2026-06-26 17:41:00
19,Flipkrt*ORD1,1390.98,shopping,2026-06-26 17:41:00
19,CAMPuS CANTEEN/UPI/764913939,353.18,food,2026-07-01 16:52:00
19,Vi Prepaid,327.7,recharge,2026-07-01 18:08:00
19,College Fee Portal REF3035,217.86,education,2026-07-01 21:25:00
19,Landlord Transfer TXN57684,7167.7,rent,2026-07-02 07:48:00
19,lanDLoRD transFEr REF7528,8776.38,rent,2026-07-02 14:31:00
19,HOTSTAR,88.75,entertainment,2026-07-02 18:02:00
19,HOSTAR,88.75,entertainment,2026-07-02 18:02:00
19,Landlord Transfer*,7121.92,rent,2026-07-02 18:55:00
19,Landlor Trnasfer*,7121.92,rent,2026-07-02 18:55:00
19,Swiggy,122.07,food,2026-07-03 07:36:00
19,Meesho,100.0,shopping,2026-07-03 16:25:00
19,AJIO,1353.47,shopping,2026-07-03 19:22:00
19,UPI-PRIYA S-5581@okaxis,416.38,misc,2026-07-03 19:37:00
19,Landlord Transfer*ORD36707,8084.24,rent,2026-07-04 20:59:00
19,Landlord Transfer*ROD36707,8084.24,rent,2026-07-04 20:59:00
19,LANDLORD TRANSFER*ORD315335,10582.56,recharge,2026-07-05 11:12:00
19,lanDLORD TrAnSFER REF6456,6943.16,rent,2026-07-05 16:31:00
19,MEESHO*ORD957868,407.94,shopping,2026-07-05 18:43:00
19,CAFE COFFEE DAY TXN32505,208.42,food,2026-07-05 19:40:00
19,iRctC*ORD827891,165.16,transport,2026-07-05 21:50:00
19,REDbuS,30.86,transport,2026-07-06 08:39:00
19,PRINTOUT SHOP REF9408,526.36,education,2026-07-06 12:44:00
19,AJIO*ORD115565,983.13,shopping,2026-07-06 12:48:00
19,AJIO*ORD115565,983.13,shopping,2026-07-06 12:48:00
19,MEESHO,938.68,shopping,2026-07-06 13:57:00
19,CITY BUS PASS,302.71,transport,2026-07-06 18:49:00
19,AiRTel pRePaID TXN64458,253.93,recharge,2026-07-06 20:08:00
19,AiRTel RePaID TXN64458,253.93,recharge,2026-07-06 20:08:00
19,Swiggy,108.54,food,2026-07-06 22:23:00
19,Swggy,108.54,food,2026-07-06 22:23:00
19,Udemy/UPI/970520601,106.91,education,2026-07-07 07:43:00
19,UPI-PRIYA S-7121@okaxis,313.6,misc,2026-07-07 08:27:00
19,MESS FEE TXN30186,86.99,food,2026-07-07 13:55:00
19,Petrol Pum,126.22,transport,2026-07-07 20:05:00
19,Rapido TXN6248,127.1,transport,2026-07-08 08:43:00
19,Swiggy REF3368,74.81,food,2026-07-08 13:30:00
19,UDEMY REF5,50.0,education,2026-07-09 13:28:00
19,UDMY REF5,50.0,education,2026-07-09 13:28:00
19,rpIme vidEO,174.19,entertainment,2026-07-09 20:48:00
19,rppIme vdiEO,174.19,entertainment,2026-07-09 20:48:00
19,NETFLIX,268.88,entertainment,2026-07-10 10:40:00
19,MeTrO CarD recHArGe,93.7,transport,2026-07-10 12:38:00
19,PRINTOUT SHOP*ORD448521,411.61,education,2026-07-10 15:04:00
19,Zomato,152.39,food,2026-07-11 16:26:00
19,College Fee Portal/U,370.07,education,2026-07-11 21:09:00
19,DominoS REF695,313.15,food,2026-07-12 13:18:00
19,UPI-UNKNOWN UPI-1665@okaxis,50.0,misc,2026-07-12 20:04:00
19,REDBUs,211.22,transport,2026-07-13 17:49:00
19,EXAM FEE PAYMENT,1355.6,education,2026-07-15 10:22:00
19,Jio Rechar,401.07,recharge,2026-07-15 10:58:00
19,Hotstar,241.45,entertainment,2026-07-15 13:33:00
19,UPI-ROOMMATE SPLIT-8274@okaxis,50.0,misc,2026-07-16 12:20:00
19,CAMPUS CANTEEN/UPI/638731789,40.0,food,2026-07-17 08:55:00
19,FliPkArT,938.99,shopping,2026-07-18 15:45:00
19,FliPkAT,938.99,shopping,2026-07-18 15:45:00
19,HOTSTAR/UPI/448581308,233.55,entertainment,2026-07-18 21:28:00
19,sWiGGy REF4028,293.77,food,2026-07-20 08:08:00
19,sWiGGy EF4028,293.77,food,2026-07-20 08:08:00
19,PrIme VIdEO REF8911,323.29,entertainment,2026-07-20 08:51:00
19,PrIem VIEO REF8911,323.29,entertainment,2026-07-20 08:51:00
19,UPI-ROOMMATE SPLIT-4648@okaxis,683.14,misc,2026-07-20 15:17:00
19,UPI-FRIEND REPAYMENT-4241@okaxis,489.36,misc,2026-07-20 20:56:00
19,MESS FEE,254.03,food,2026-07-25 07:47:00
19,MESS FEE,254.03,food,2026-07-25 07:47:00
19,Ajio REF6789,585.67,shopping,2026-07-25 15:31:00
19,UPI-MESS SECRETARY-4806@okaxis,50.0,misc,2026-07-26 17:34:00
19,EXAM FEE PAYMENT,50.0,education,2026-07-27 11:58:00
19,ExaM feE p,351.45,education,2026-07-27 15:13:00
19,MeSS fEe,292.64,food,2026-08-01 09:43:00
19,sWiggY iNstaMart,318.21,food,2026-08-02 12:45:00
19,Hostel Fee TXN82292,6001.87,rent,2026-08-02 16:49:00
19,MAAZON,698.91,shopping,2026-08-02 23:04:00
19,MAZON,698.91,shopping,2026-08-02 23:04:00
19,Mess Fee TXN27,444.61,food,2026-08-03 16:49:00
19,Printout Shop*ORD979306,801.3,education,2026-08-04 21:45:00
19,hOstel feE,8082.86,rent,2026-08-05 22:54:00
19,Ohstel feE,8082.86,rent,2026-08-05 22:54:00
19,Meesho,215.87,shopping,2026-08-06 17:25:00
19,DOMINOS,220.23,education,2026-08-07 14:21:00
19,priMe video/UPI/440671679,79.0,entertainment,2026-08-08 23:38:00
19,MYnTRa TXN43,1201.97,shopping,2026-08-10 06:33:00
19,MYnTRa TXN43,1201.97,shopping,2026-08-10 06:33:00
19,Cafe Coffee Day*ORD991067,180.09,food,2026-08-10 23:09:00
19,Cafe Coffee Day REF5626,278.07,food,2026-08-11 07:53:00
19,spotiFY/UPI/547402282,141.56,entertainment,2026-08-11 13:50:00
19,spotiFY/UPI/544002282,141.56,entertainment,2026-08-11 13:50:00
19,swigGy INs,289.41,food,2026-08-12 13:21:00
19,sPotifY REF,118.97,entertainment,2026-08-13 07:50:00
19,Petrol Pump REF2638,20.0,transport,2026-08-13 09:00:00
19,UPI-UNKNOWN UPI-1128@okaxis,568.78,misc,2026-08-15 18:29:00
19,netfLiX REF3897,99.79,entertainment,2026-08-16 16:08:00
19,nettfLiX REF8397,99.79,entertainment,2026-08-16 16:08:00
19,spOtIfy/UPI/215502546,224.25,entertainment,2026-08-16 16:58:00
19,BooKMYSHOW REF2949,144.61,entertainment,2026-08-17 11:16:00
19,UDEMY REF2387,50.0,education,2026-08-17 21:12:00
19,Hotstar REF4904,372.14,entertainment,2026-08-18 06:50:00
19,Ola Auto TXN43013,166.64,transport,2026-08-24 15:47:00
20,meTro cARD rEchArge,245.6,transport,2026-04-01 07:13:00
20,Jio Recharg,204.16,recharge,2026-04-01 09:02:00
20,UPI-MESS SECRETARY-7270@okaxis,405.71,misc,2026-04-02 11:25:00
20,UPI-FRIEND REPAYMENT-6825@okaxis,239.95,misc,2026-04-03 10:20:00
20,aMaZoN/UPI/136836796,1041.31,shopping,2026-04-03 13:30:00
20,PRinTout shoP*ORD736790,50.0,education,2026-04-03 17:09:00
20,UPI-PRIYA S-4265@okaxis,50.0,misc,2026-04-03 17:21:00
20,Uber/UPI/4,33.02,transport,2026-04-03 20:50:00
20,UberUPI/4,33.02,transport,2026-04-03 20:50:00
20,UPI-MESS SECRETARY-1864@okaxis,193.76,misc,2026-04-04 08:41:00
20,Hostel Fee,4463.99,rent,2026-04-04 10:03:00
20,Hostel Fee,4463.99,rent,2026-04-04 10:03:00
20,MEEShO TXN32532,659.69,shopping,2026-04-05 12:39:00
20,MEEShO TXN32523,659.69,shopping,2026-04-05 12:39:00
20,Dominos TXN77659,80.78,food,2026-04-05 15:55:00
20,iRCTC,273.53,transport,2026-04-06 09:59:00
20,Rapido,227.47,transport,2026-04-06 15:16:00
20,Raipdo,227.47,transport,2026-04-06 15:16:00
20,WIFI BILL T,663.28,recharge,2026-04-07 06:52:00
20,NETFLIX TXN29968,223.73,entertainment,2026-04-07 08:43:00
20,NETFLIX TXN29968,223.73,entertainment,2026-04-07 08:43:00
20,UPI-FRIEND REPAYMENT-7859@okaxis,50.0,misc,2026-04-07 09:33:00
20,prINtOUt shoP,50.0,education,2026-04-07 16:22:00
20,UPI-UNKNOWN UPI-7365@okaxis,595.67,misc,2026-04-07 21:04:00
20,SPOTIFY TXN79631,221.86,entertainment,2026-04-08 06:13:00
20,Cafe Coffee Da,254.94,food,2026-04-08 09:16:00
20,aCfe Cofee Da,254.94,food,2026-04-08 09:16:00
20,FLIPKART,100.0,shopping,2026-04-08 13:26:00
20,FLIPKAT,100.0,shopping,2026-04-08 13:26:00
20,AJIO,1251.23,shopping,2026-04-08 13:27:00
20,AJIO,1251.23,shopping,2026-04-08 13:27:00
20,UPI-UNKNOWN UPI-7851@okaxis,50.0,misc,2026-04-08 13:41:00
20,UPI-PRIYA S-8134@okaxis,277.04,misc,2026-04-09 11:41:00
20,SWIGGY,273.79,food,2026-04-10 21:17:00
20,AIRTEL PREPAID,359.64,recharge,2026-04-11 11:11:00
20,Meesho TXN66282,637.88,shopping,2026-04-11 11:21:00
20,UPI-FRIEND REPAYMENT-5850@okaxis,502.81,misc,2026-04-11 16:14:00
20,UPI-RAHUL K-5599@okaxis,140.05,misc,2026-04-13 15:13:00
20,UPI-PRIYA S-1320@okaxis,254.14,misc,2026-04-15 20:31:00
20,UBER,151.82,transport,2026-04-17 07:35:00
20,Swiggy Instamart REF6816,54.37,food,2026-04-18 20:57:00
20,Prime Video,79.0,entertainment,2026-04-21 21:42:00
20,Prime Viedo,79.0,entertainment,2026-04-21 21:42:00
20,ciTY bUS pASs/UPI/224175282,119.67,transport,2026-04-21 23:48:00
20,Airtel Prepaid REF2257,103.23,recharge,2026-04-23 15:29:00
20,Airtel Prepaid REF2257,103.23,recharge,2026-04-23 15:29:00
20,UPI-RAHUL K-5248@okaxis,231.9,misc,2026-04-24 15:38:00
20,UPI-RAHUL K-1144@okaxis,50.0,misc,2026-04-24 21:08:00
20,mAazon TXN95247,102.36,shopping,2026-04-26 21:02:00
20,UPI-ROOMMATE SPLIT-4985@okaxis,494.47,misc,2026-04-28 22:16:00
20,RAPIDO REF7862,58.95,transport,2026-05-01 06:24:00
20,RAPIDOR EF7862,58.95,transport,2026-05-01 06:24:00
20,Coursera/UPI/387187250,391.54,education,2026-05-01 23:24:00
20,MeTRO caRd rEcHArGe,161.16,transport,2026-05-02 08:24:00
20,Meesoh TXN54091,579.18,shopping,2026-05-02 14:18:00
20,MeesoohTX5N4091,579.18,shopping,2026-05-02 14:18:00
20,PRIME VIDEO/UPI/486057480,79.0,entertainment,2026-05-02 14:58:00
20,LANDLorD TranSfeR TXN47595,10823.51,rent,2026-05-03 10:44:00
20,aiRTEl PRePAid*ORD377615,392.32,recharge,2026-05-03 13:47:00
20,COURsErA,50.0,education,2026-05-03 14:59:00
20,hOsTElf Ee TXN89377,7989.18,rent,2026-05-03 18:44:00
20,hOsTEElf Ee TXN89377,7989.18,rent,2026-05-03 18:44:00
20,Pg Rent Payment TXN94863,6628.37,rent,2026-05-03 21:07:00
20,Prime Video*ORD494178,354.96,entertainment,2026-05-03 23:39:00
20,Prime Video*ORD494178,354.96,entertainment,2026-05-03 23:39:00
20,PG RENT PAYMENT TNX1,7796.54,rent,2026-05-04 06:25:00
20,PRINTOUT SHOP/UPI/557805791,114.52,education,2026-05-04 07:32:00
20,HOSTEL FEE ,5688.35,rent,2026-05-04 14:04:00
20,PG Rent pAyMENT*ORD586772,5794.08,rent,2026-05-04 16:58:00
20,UPI-FRIEND REPAYMENT-2854@okaxis,396.5,misc,2026-05-04 18:01:00
20,hoSTEL Fee,7223.32,rent,2026-05-04 19:22:00
20,LANdLoRd TrANsfeR/UPI/958006575,8772.35,rent,2026-05-04 19:54:00
20,pg rENT PAymEnT*ORD750018,7461.02,rent,2026-05-04 20:12:00
20,pg rENT PAymEnT*ORD750018,7461.02,rent,2026-05-04 20:12:00
20,Hostel Fee TXN55503,8980.62,rent,2026-05-04 20:49:00
20,Pg Rent Payment,4000.0,rent,2026-05-04 22:26:00
20,HosTeL FEE,10515.48,rent,2026-05-04 23:28:00
20,HosTeL FEE,10515.48,rent,2026-05-04 23:28:00
20,RPIME VIDEO,95.72,entertainment,2026-05-05 21:22:00
20,Udemy,50.0,education,2026-05-05 21:28:00
20,Udemyy,50.0,education,2026-05-05 21:28:00
20,ubER mOTO REF7080,93.78,transport,2026-05-05 22:12:00
20,flIPKaRT*ORD581652,1363.65,shopping,2026-05-06 11:44:00
20,MYNTRA,246.81,shopping,2026-05-06 16:00:00
20,UPI-MESS SECRETARY-5659@okaxis,269.65,misc,2026-05-06 20:03:00
20,SpOtIFY/UPI/96573129,251.9,entertainment,2026-05-07 11:42:00
20,VI PREPAID,269.6,recharge,2026-05-07 14:36:00
20,IV PREPAD,269.6,recharge,2026-05-07 14:36:00
20,DOMINSO,40.0,food,2026-05-07 16:33:00
20,VI PREPAID TXN97998,344.14,recharge,2026-05-07 17:18:00
20,cItY ubS pasS REF6653,61.32,transport,2026-05-08 07:58:00
20,Prime Video TXN32,259.65,entertainment,2026-05-08 21:22:00
20,Prmie Video TXN32,259.65,entertainment,2026-05-08 21:22:00
20,UPI-MESS SECRETARY-5402@okaxis,274.94,misc,2026-05-09 10:08:00
20,MYNTRA,687.85,shopping,2026-05-09 21:14:00
20,MYNTRA,687.85,shopping,2026-05-09 21:14:00
20,EXAM FEE PAYMENT*ORD,50.0,education,2026-05-10 23:22:00
20,EXAM FEE PAYMENTO*RD,50.0,education,2026-05-10 23:22:00
20,Printout Shop,289.69,education,2026-05-11 10:12:00
20,Prime Video/UPI/523933145,100.58,entertainment,2026-05-11 11:00:00
20,Prime Video/UP/523933145,100.58,entertainment,2026-05-11 11:00:00
20,UDEMY*ORD330467,315.08,food,2026-05-11 16:36:00
20,MyNTRA/UPI/807640767,100.0,shopping,2026-05-11 17:52:00
20,AMZAON REF5487,323.16,shopping,2026-05-11 21:10:00
20,Uber,20.0,transport,2026-05-13 16:47:00
20,Uber,20.0,transport,2026-05-13 16:47:00
20,RApIdo,228.28,shopping,2026-05-14 12:01:00
20,COURSERA/UPI/380621405,232.3,education,2026-05-14 16:47:00
20,COURERA/UPI/380621405,232.3,education,2026-05-14 16:47:00
20,ZOmaTO TXN16107,183.22,food,2026-05-16 10:50:00
20,CAMPUS CANTEEN/UPI/323277992,306.76,food,2026-05-16 18:01:00
20,zoMaTO,302.3,transport,2026-05-17 07:29:00
20,UPI-FRIEND REPAYMENT-1571@okaxis,285.47,misc,2026-05-17 09:14:00
20,Campus Canteen,120.89,food,2026-05-18 10:20:00
20,UPI-UNKNOWN UPI-6806@okaxis,50.0,misc,2026-05-19 14:35:00
20,Vi Prepaid*ORD305215,380.61,recharge,2026-05-19 19:54:00
20,Ajio,1028.24,shopping,2026-05-21 12:33:00
20,Ajio,1028.24,shopping,2026-05-21 12:33:00
20,UPI-RAHUL K-8381@okaxis,669.4,misc,2026-05-21 20:20:00
20,UPI-UNKNOWN UPI-3075@okaxis,376.37,misc,2026-05-22 12:49:00
20,UDEMy/UPI/739641516,305.02,education,2026-05-22 17:41:00
20,UPI-FRIEND REPAYMENT-8865@okaxis,333.8,misc,2026-05-22 20:17:00
20,UPI-FRIEND REPAYMENT-8798@okaxis,619.2,misc,2026-05-23 23:12:00
20,UPI-PRIYA S-6760@okaxis,50.0,misc,2026-05-25 08:39:00
20,MEeSHo TXN38426,440.28,shopping,2026-05-25 15:19:00
20,FLIPKART TXN81868,992.79,shopping,2026-05-26 09:33:00
20,UPI-ROOMMATE SPLIT-1175@okaxis,50.0,misc,2026-05-27 17:43:00
20,Ajio,1325.43,shopping,2026-05-28 06:56:00
20,Ajio,1325.43,shopping,2026-05-28 06:56:00
20,UPI-UNKNOWN UPI-8697@okaxis,50.0,misc,2026-05-28 12:21:00
20,UPI-PRIYA S-8536@okaxis,647.51,misc,2026-05-28 12:23:00
20,ZOMATO,240.57,food,2026-06-01 10:23:00
20,DominOs*ORD896073,252.6,food,2026-06-01 15:06:00
20,Ajio,1146.89,shopping,2026-06-02 08:04:00
20,AAjio,1146.89,shopping,2026-06-02 08:04:00
20,dOmInOs,146.9,food,2026-06-02 17:30:00
20,dOmmnOs,146.9,food,2026-06-02 17:30:00
20,CITY BUS PASS REF4649,28.26,transport,2026-06-02 21:42:00
20,HOStEL fEe,5766.89,rent,2026-06-02 21:51:00
20,iRctc,20.0,transport,2026-06-02 22:06:00
20,iRRctc,20.0,transport,2026-06-02 22:06:00
20,IrCTc*ORD9658,201.87,transport,2026-06-02 22:08:00
20,ZOMATO REF1687,650.76,food,2026-06-03 20:10:00
20,HOTSTAR/UPI/306903498,214.12,entertainment,2026-06-04 10:22:00
20,HOTSTAR/UPI/036903498,214.12,entertainment,2026-06-04 10:22:00
20,UPI-FRIEND REPAYMENT-6688@okaxis,407.14,misc,2026-06-04 19:55:00
20,Hotstar,275.4,entertainment,2026-06-04 20:30:00
20,Hotsttr,275.4,entertainment,2026-06-04 20:30:00
20,Amazon,887.68,education,2026-06-05 16:31:00
20,ubEr REF7563,266.14,transport,2026-06-05 18:50:00
20,AJio*ORD221075,264.11,shopping,2026-06-05 21:01:00
20,AJio*ORD221705,264.11,shopping,2026-06-05 21:01:00
20,UPI-RAHUL K-7835@okaxis,150.69,misc,2026-06-06 09:15:00
20,netFlix,421.43,entertainment,2026-06-07 09:56:00
20,UPI-UNKNOWN UPI-9302@okaxis,541.52,misc,2026-06-08 15:03:00
20,RAPIDO/UPI/697533479,68.23,transport,2026-06-08 19:38:00
20,UPI-FRIEND REPAYMENT-6834@okaxis,296.06,misc,2026-06-09 10:26:00
20,Meesho*ORD,1336.96,shopping,2026-06-09 21:41:00
20,RAPIDO,77.04,transport,2026-06-10 12:18:00
20,AMAZON,223.81,shopping,2026-06-10 21:51:00
20,Zomato,410.42,food,2026-06-11 18:40:00
20,Exam Fee Payment*ORD41,50.0,education,2026-06-11 19:44:00
20,Exam Fee Payment*ORD441,50.0,education,2026-06-11 19:44:00
20,UPI-ROOMMATE SPLIT-9079@okaxis,143.25,misc,2026-06-13 15:39:00
20,UPI-PRIYA S-6732@okaxis,50.0,misc,2026-06-15 09:19:00
20,UPI-ROOMMATE SPLIT-6964@okaxis,50.0,misc,2026-06-17 23:13:00
20,UPI-ROOMMATE SPLIT-6687@okaxis,50.0,misc,2026-06-18 17:04:00
20,UPI-FRIEND REPAYMENT-8600@okaxis,568.36,misc,2026-06-20 14:06:00
20,FLIPKART REF1483,966.23,shopping,2026-06-20 16:23:00
20,UPI-ROOMMATE SPLIT-4213@okaxis,50.0,misc,2026-06-21 11:05:00
20,MeSs fEe R,45.76,food,2026-06-21 17:29:00
20,FLIPKART*ORD956291,412.91,recharge,2026-06-21 21:27:00
20,Udemy,50.0,education,2026-06-21 23:32:00
20,UUdmey,50.0,education,2026-06-21 23:32:00
20,UPI-FRIEND REPAYMENT-6606@okaxis,50.0,misc,2026-06-23 11:36:00
20,UPI-ROOMMATE SPLIT-5998@okaxis,671.3,misc,2026-06-23 19:38:00
20,Printout Shop*ORD910405,58.33,education,2026-06-23 23:34:00
20,Printout Shop*OD910405,58.33,education,2026-06-23 23:34:00
20,uDEMY*ORD993652,325.59,education,2026-06-25 11:51:00
20,UPI-MESS SECRETARY-2734@okaxis,101.39,misc,2026-06-27 11:19:00
20,UPI-FRIEND REPAYMENT-5863@okaxis,557.81,misc,2026-06-28 19:26:00
20,swIGGY InSTAMart,335.8,food,2026-07-01 22:04:00
20,cAFE COffee daY,405.54,food,2026-07-02 14:01:00
20,PG RENt paYmeNt REF1616,7004.72,rent,2026-07-02 16:43:00
20,PG RENt paYmeN tREF1616,7004.72,rent,2026-07-02 16:43:00
20,pG RENt PaYmeNT,8844.99,rent,2026-07-02 22:42:00
20,ppGR Et PaYmeNT,8844.99,rent,2026-07-02 22:42:00
20,sPOTifY/UPI/479474861,79.0,entertainment,2026-07-03 12:42:00
20,ola,349.65,transport,2026-07-03 15:23:00
20,ola,349.65,transport,2026-07-03 15:23:00
20,LAndLORd trANsfEr REF4632,6310.35,rent,2026-07-04 18:23:00
20,LAndLORd trAsfEr REF4632,6310.35,rent,2026-07-04 18:23:00
20,MYNTRA,425.73,shopping,2026-07-04 19:10:00
20,Meesho,578.37,shopping,2026-07-04 22:37:00
20,Meesoh,578.37,shopping,2026-07-04 22:37:00
20,Lanldord Transfer*ORD273378,7815.09,rent,2026-07-04 22:42:00
20,aLnldord Transfer*RD273378,7815.09,rent,2026-07-04 22:42:00
20,HOSTEL FEE/UPI/962068444,8683.56,rent,2026-07-04 22:57:00
20,HOSTEL FEE/UPI/962064444,8683.56,rent,2026-07-04 22:57:00
20,Airtel Prepaid REF3258,219.16,recharge,2026-07-05 07:36:00
20,MYNTRA,1357.09,shopping,2026-07-05 08:35:00
20,MYYNTRA,1357.09,shopping,2026-07-05 08:35:00
20,Airtel Prepaid*ORD142048,397.4,recharge,2026-07-05 10:55:00
20,Printout Shop*ORD305784,449.7,education,2026-07-08 16:24:00
20,Wifi Bill TXN81,338.09,recharge,2026-07-09 09:25:00
20,Wifi Bill TXN81,338.09,recharge,2026-07-09 09:25:00
20,AJIO,399.38,shopping,2026-07-09 15:07:00
20,petROl PUm,305.13,transport,2026-07-09 20:26:00
20,SWiGyg,242.12,food,2026-07-10 11:04:00
20,WSiGyg,242.12,food,2026-07-10 11:04:00
20,PETROL PUMP/UPI/425699518,277.52,transport,2026-07-10 13:02:00
20,PETROL PUMP/UPI/425699518,277.52,transport,2026-07-10 13:02:00
20,Swiggy Instamart/UPI/585633248,41.93,food,2026-07-11 16:34:00
20,BOOKMYSHOW REF8284,344.48,entertainment,2026-07-12 16:13:00
20,Dominos,249.6,food,2026-07-14 09:21:00
20,PARKING FEE TXN88989,186.63,transport,2026-07-18 08:44:00
20,vI PrEpaiD TXN73120,99.0,recharge,2026-07-18 08:52:00
20,vI PrEpai DTXN73120,99.0,recharge,2026-07-18 08:52:00
20,UPI-FRIEND REPAYMENT-6940@okaxis,999.25,misc,2026-07-19 17:48:00
20,Dominos TXN52950,147.44,food,2026-07-20 12:33:00
20,Dominos XTN52950,147.44,food,2026-07-20 12:33:00
20,CiTY BUs pAs,104.92,transport,2026-07-20 15:32:00
20,UPI-UNKNOWN UPI-5095@okaxis,716.02,misc,2026-07-21 21:19:00
20,ZoMato REF3961,104.71,food,2026-07-23 17:00:00
20,ZoMato RRF3961,104.71,food,2026-07-23 17:00:00
20,BuEr TXN94377,220.49,transport,2026-07-23 18:24:00
20,NETFLIX,410.17,entertainment,2026-07-24 14:13:00
20,NTEFLLIX,410.17,entertainment,2026-07-24 14:13:00
20,UPI-MESS SECRETARY-7344@okaxis,50.0,misc,2026-07-24 20:31:00
20,AJIo*ORD108023,769.28,shopping,2026-07-27 09:52:00
20,Ajio REF2799,100.0,shopping,2026-07-27 17:05:00
20,Flipkart/U,873.7,shopping,2026-07-27 17:38:00
20,PETROL PUMP,312.13,transport,2026-07-28 17:27:00
20,PPETROL UMP,312.13,transport,2026-07-28 17:27:00
20,COURSErA TXN91389,1271.65,education,2026-08-01 15:28:00
20,swIGgy,116.43,food,2026-08-01 15:48:00
20,dominos TXN56869,265.76,food,2026-08-01 20:43:00
20,odminos TXN56869,265.76,food,2026-08-01 20:43:00
20,PRiMe VIdeo,79.0,entertainment,2026-08-02 09:21:00
20,UPI-RAHUL K-8242@okaxis,50.0,misc,2026-08-02 19:19:00
20,LandLoRd TRANSfeR REF6460,8678.87,rent,2026-08-04 13:08:00
20,Irctc/UPI/618126348,20.0,transport,2026-08-05 06:30:00
20,SWIGGY REF5962,355.74,food,2026-08-05 16:37:00
20,SWGGY RFE5962,355.74,food,2026-08-05 16:37:00
20,BOOKMYSHOW REF158,132.19,entertainment,2026-08-06 09:34:00
20,JIO RECHARGE,205.83,recharge,2026-08-06 09:54:00
20,ZOMATO*ORD778292,280.83,food,2026-08-08 12:57:00
20,Prime Video ,79.0,entertainment,2026-08-08 20:21:00
20,Swiggy,253.63,food,2026-08-08 20:38:00
20,SSiggy,253.63,food,2026-08-08 20:38:00
20,zomaTO/UPI/525263,395.44,food,2026-08-09 15:57:00
20,UPI-MESS SECRETARY-6147@okaxis,267.58,misc,2026-08-09 18:45:00
20,PRIME VIDEO*ORD965740,226.36,entertainment,2026-08-10 14:54:00
20,BOOKMYSHOW/UPI/665455059,81.65,entertainment,2026-08-11 13:30:00
20,BOOKMYSHOWU/P/665455059,81.65,entertainment,2026-08-11 13:30:00
20,AmAzOn*ORD554037,901.55,shopping,2026-08-11 21:22:00
20,AmAzn*ORD554037,901.55,shopping,2026-08-11 21:22:00
20,UPI-ROOMMATE SPLIT-9195@okaxis,50.0,misc,2026-08-14 09:40:00
20,Zomato REF8800,330.59,food,2026-08-14 14:53:00
20,Hotstar,161.5,entertainment,2026-08-15 09:48:00
20,Meesho,552.15,shopping,2026-08-16 09:04:00
20,Meseho,552.15,shopping,2026-08-16 09:04:00
20,Swiggy Instamart,166.01,food,2026-08-17 16:09:00
20,Swigy Instamart,166.01,food,2026-08-17 16:09:00
20,MEESHO REF1913,1180.04,shopping,2026-08-20 08:28:00
20,fILpkaRt REF2938,624.24,shopping,2026-08-20 22:02:00
20,UPI-ROOMMATE SPLIT-4727@okaxis,911.5,misc,2026-08-21 10:32:00
20,BOOKMYSHOW,144.64,entertainment,2026-08-23 17:59:00
20,UPI-ROOMMATE SPLIT-1198@okaxis,50.0,misc,2026-08-25 17:50:00
20,SwIgGY INStaMArt TXN70386,40.0,food,2026-08-25 18:34:00
21,Udemy,692.66,education,2026-04-01 16:06:00
21,PRINTOUT SHOP,50.0,education,2026-04-02 10:17:00
21,UPI-FRIEND REPAYMENT-7834@okaxis,330.64,misc,2026-04-03 15:58:00
21,Metro Card Rceharge,123.47,transport,2026-04-03 22:30:00
21,Metroo Card Rcearge,123.47,transport,2026-04-03 22:30:00
21,mEsS feE,274.54,food,2026-04-03 23:10:00
21,MEESHO,592.6,shopping,2026-04-04 15:11:00
21,MEeshO,1846.05,shopping,2026-04-04 19:43:00
21,MEeshh,1846.05,shopping,2026-04-04 19:43:00
21,jio REchaRge REF4640,359.92,recharge,2026-04-05 07:06:00
21,jiio REchaRge REF4640,359.92,recharge,2026-04-05 07:06:00
21,Landlord Transfer TXN48513,11669.37,rent,2026-04-05 11:38:00
21,Hostel Fee/UPI/975128992,8067.12,rent,2026-04-05 16:49:00
21,PARKING FEE REF6700,132.34,transport,2026-04-06 07:40:00
21,College Fee Portal TXN81884,1029.09,education,2026-04-06 15:14:00
21,Exam Fee Payme,50.0,education,2026-04-06 15:35:00
21,WifI bILl,99.0,recharge,2026-04-07 16:30:00
21,COURSERA*ORD548916,315.08,education,2026-04-07 19:59:00
21,AMAZON,746.3,shopping,2026-04-08 06:37:00
21,AMAZN,746.3,shopping,2026-04-08 06:37:00
21,Petrol Pump,217.78,transport,2026-04-09 10:06:00
21,UPI-MESS SECRETARY-4502@okaxis,204.93,misc,2026-04-09 16:41:00
21,UPI-ROOMMATE SPLIT-9122@okaxis,303.51,misc,2026-04-11 17:31:00
21,SwIGGY*ORD259290,52.28,food,2026-04-11 17:55:00
21,SwIIGGY*ORD259920,52.28,food,2026-04-11 17:55:00
21,jio ReCHaRge,200.49,recharge,2026-04-13 10:32:00
21,BOOKMYSHOW*ORD426498,81.39,entertainment,2026-04-13 23:32:00
21,BOOKMYSHOW*ORD426498,81.39,entertainment,2026-04-13 23:32:00
21,amAZon,684.68,shopping,2026-04-14 22:23:00
21,amAZno,684.68,shopping,2026-04-14 22:23:00
21,Metro Card Rech,184.41,transport,2026-04-15 08:17:00
21,UPI-MESS SECRETARY-1038@okaxis,593.42,misc,2026-04-15 21:55:00
21,UPI-ROOMMATE SPLIT-3916@okaxis,95.29,misc,2026-04-16 12:12:00
21,JiO REcHARGe REF9673,371.21,recharge,2026-04-16 12:33:00
21,JIO RECHARGE*ORD530396,122.79,recharge,2026-04-17 16:33:00
21,CITY BUS PASS/UPI/501,346.3,transport,2026-04-18 17:01:00
21,aMazON*ORD411145,100.0,shopping,2026-04-18 22:30:00
21,aMaazON*ORD411145,100.0,shopping,2026-04-18 22:30:00
21,meESHO REF7278,991.61,shopping,2026-04-19 07:36:00
21,meEHOO REF7278,991.61,shopping,2026-04-19 07:36:00
21,Jio Recharge,186.44,recharge,2026-04-20 11:17:00
21,Hotstar,265.02,entertainment,2026-04-21 19:00:00
21,PrIme vIdEO,172.66,entertainment,2026-04-25 11:22:00
21,PrIem vIdEO,172.66,entertainment,2026-04-25 11:22:00
21,Cafe Coffee Day,40.0,food,2026-04-25 16:38:00
21,CafeCoffe eDay,40.0,food,2026-04-25 16:38:00
21,SWIGGY TXN2,40.0,food,2026-04-25 20:06:00
21,SWIGGY  TX2N,40.0,food,2026-04-25 20:06:00
21,Wifi Bill,181.99,recharge,2026-04-26 12:50:00
21,Wfi iBll,181.99,recharge,2026-04-26 12:50:00
21,UPI-FRIEND REPAYMENT-5240@okaxis,939.33,misc,2026-04-27 22:46:00
21,cIty BuS PASS*ORD589186,256.45,transport,2026-04-28 06:59:00
21,WsiGGY REF8790,211.89,food,2026-05-01 07:26:00
21,hOTStar/UPI/121419843,79.0,entertainment,2026-05-01 11:39:00
21,hOTStar/UPI/121419843,79.0,entertainment,2026-05-01 11:39:00
21,MYNTRA TXN89735,547.56,shopping,2026-05-01 21:27:00
21,Meesho,1015.5,rent,2026-05-01 23:29:00
21,Meesho,1015.5,rent,2026-05-01 23:29:00
21,SPotIFy*ORD469663,507.76,entertainment,2026-05-02 06:17:00
21,SPotIFy*ORD469663,507.76,entertainment,2026-05-02 06:17:00
21,Landlord Transfer,7748.64,rent,2026-05-02 07:15:00
21,Pg rEnt PaymEnT REF4781,4461.59,rent,2026-05-02 07:55:00
21,LANDLORD TRANSFER*ORD405007,6670.5,rent,2026-05-02 09:14:00
21,pG RENT PAYmEnT T,9435.83,rent,2026-05-02 12:58:00
21,mESs fee TXN18951,222.72,transport,2026-05-02 14:45:00
21,SWIGGy,40.0,food,2026-05-02 19:10:00
21,Hostel Fee,7574.75,rent,2026-05-02 22:16:00
21,UPI-FRIEND REPAYMENT-9440@okaxis,50.0,misc,2026-05-03 09:59:00
21,Cafe Coffee Day TXN72836,47.17,food,2026-05-03 16:52:00
21,Pg RenT pAmyE,5780.76,rent,2026-05-03 21:16:00
21,PG RENT PAYMENT,6744.42,rent,2026-05-03 22:54:00
21,Vi Prepaid,374.21,recharge,2026-05-04 07:40:00
21,oLa auto*ORD750643,133.38,transport,2026-05-04 09:06:00
21,Spotify TXN7057,421.14,entertainment,2026-05-04 13:42:00
21,HOSTEL FEE,7433.78,rent,2026-05-04 14:30:00
21,HOSTEL FFEE,7433.78,rent,2026-05-04 14:30:00
21,OLA AUTO,109.77,transport,2026-05-04 16:17:00
21,OLA AUOT,109.77,transport,2026-05-04 16:17:00
21,LAndlord tRaNsfer*ORD150130,5231.61,rent,2026-05-04 17:15:00
21,LAndlord tRaNsferORD150130,5231.61,rent,2026-05-04 17:15:00
21,UPI-PRIYA S-1146@okaxis,433.78,misc,2026-05-04 19:11:00
21,PRINTOUT SHOP/UPI/322491070,1073.12,education,2026-05-05 08:28:00
21,sWigGY,275.74,food,2026-05-05 09:44:00
21,WsigGYY,275.74,food,2026-05-05 09:44:00
21,METRO CARD RECHARGE REF9950,113.38,transport,2026-05-05 19:12:00
21,METTOR CARD RECHARGE REF9950,113.38,transport,2026-05-05 19:12:00
21,UPI-FRIEND REPAYMENT-9682@okaxis,50.0,misc,2026-05-05 22:04:00
21,COLLEGE FEE P,50.0,education,2026-05-06 12:01:00
21,COLLLEGE EFE P,50.0,education,2026-05-06 12:01:00
21,Campus Cante,505.9,food,2026-05-06 20:08:00
21,UPI-MESS SECRETARY-4449@okaxis,316.51,misc,2026-05-06 20:21:00
21,EXAM FEE PAYMENT TXN77706,460.47,education,2026-05-07 08:01:00
21,UPI-PRIYA S-5032@okaxis,714.86,misc,2026-05-07 11:53:00
21,CAFE COFFEE DAY,193.97,food,2026-05-07 16:40:00
21,ACFE COFFEEEDAY,193.97,food,2026-05-07 16:40:00
21,ZOMATO,117.08,food,2026-05-08 09:05:00
21,V iPrepaid/UPI/420642519,280.13,recharge,2026-05-08 13:35:00
21,UPI-PRIYA S-2314@okaxis,436.66,misc,2026-05-08 21:01:00
21,Udemy/UPI/870626570,287.99,education,2026-05-09 18:29:00
21,Udemy/UPI/870626570,287.99,education,2026-05-09 18:29:00
21,BoOKMySHOW,176.92,entertainment,2026-05-09 19:28:00
21,REDBUS REF1653,97.17,transport,2026-05-10 08:35:00
21,ZOMATO,241.75,food,2026-05-10 09:22:00
21,AJIO REF806,100.0,shopping,2026-05-10 10:21:00
21,zomatO REF6933,40.0,food,2026-05-10 17:46:00
21,ZOMATO REF4592,319.31,food,2026-05-11 08:17:00
21,ZOMAOT REF4592,319.31,food,2026-05-11 08:17:00
21,rEdbUs,99.13,transport,2026-05-11 21:16:00
21,rEUbs,99.13,transport,2026-05-11 21:16:00
21,AirTeL PREpAId*ORD544496,99.0,recharge,2026-05-12 11:01:00
21,AirTTeL PREpAIdO*RD544496,99.0,recharge,2026-05-12 11:01:00
21,MeTRo CArd rEchArGE/UPI/695930283,151.74,transport,2026-05-12 19:57:00
21,Ajio,919.22,shopping,2026-05-15 14:09:00
21,LfipKArT,1007.87,shopping,2026-05-16 21:40:00
21,LfipKArT,1007.87,shopping,2026-05-16 21:40:00
21,UPI-MESS SECRETARY-2018@okaxis,440.47,misc,2026-05-16 21:48:00
21,PRINTOUT SHOP REF362,386.78,education,2026-05-17 07:19:00
21,Swiggy REF1588,538.79,food,2026-05-17 11:09:00
21,Siwggy REF1588,538.79,food,2026-05-17 11:09:00
21,MYNTrA,1277.17,shopping,2026-05-17 15:26:00
21,UPI-MESS SECRETARY-2522@okaxis,591.63,misc,2026-05-17 16:12:00
21,Vi Prepaid REF5180,341.43,recharge,2026-05-17 21:42:00
21,Vi Prepai REF1580,341.43,recharge,2026-05-17 21:42:00
21,MynTrA TXN77599,1847.18,shopping,2026-05-17 23:58:00
21,MynTrA XTN77599,1847.18,shopping,2026-05-17 23:58:00
21,RAPIDO TXN,304.57,transport,2026-05-19 13:28:00
21,RAPIDO TXN,304.57,transport,2026-05-19 13:28:00
21,UPI-MESS SECRETARY-2982@okaxis,191.47,misc,2026-05-20 14:01:00
21,meESHO,1021.83,shopping,2026-05-21 12:10:00
21,pRImE viDEo/UPI/272902768,184.71,entertainment,2026-05-21 13:26:00
21,pRImE viDEo/UPI/272092768,184.71,entertainment,2026-05-21 13:26:00
21,UPI-RAHUL K-7957@okaxis,891.23,misc,2026-05-22 08:21:00
21,Namm aMetro,275.63,transport,2026-05-24 06:27:00
21,SWIGGY INSTAMART/UPI/846096474,75.52,food,2026-05-25 20:52:00
21,UPI-MESS SECRETARY-3360@okaxis,50.0,misc,2026-05-26 21:40:00
21,AMAZON,100.0,shopping,2026-05-27 21:15:00
21,AMAOZNN,100.0,shopping,2026-05-27 21:15:00
21,Jio Recharge,410.66,recharge,2026-05-27 22:47:00
21,ubEr TXN79667,64.37,transport,2026-06-01 16:09:00
21,SWiGGy inStAmart/UPI/295169881,239.03,food,2026-06-02 13:29:00
21,SWiGGy inSttAmart/UPI295169881,239.03,food,2026-06-02 13:29:00
21,Landlord Transfer*ORD760041,7102.11,rent,2026-06-02 17:55:00
21,Landlord Transfer*ORD76001,7102.11,rent,2026-06-02 17:55:00
21,Uber TXN12342,20.0,transport,2026-06-02 18:21:00
21,Ubber TXN21342,20.0,transport,2026-06-02 18:21:00
21,Redbus/UPI/372947172,65.31,transport,2026-06-04 19:30:00
21,HOTSTAR*ORD222771,313.37,entertainment,2026-06-05 07:37:00
21,HOTSTAR*ORD191067,128.11,entertainment,2026-06-05 08:09:00
21,HOTSTAR*OORD191607,128.11,entertainment,2026-06-05 08:09:00
21,oLa AuTO,160.14,transport,2026-06-05 13:27:00
21,FLIpkARt*ORD856909,1502.05,transport,2026-06-06 21:09:00
21,FLIpkARt*ORD856909,1502.05,transport,2026-06-06 21:09:00
21,Swiggy,70.3,food,2026-06-07 17:43:00
21,CIt ybUS PA,210.6,transport,2026-06-08 09:06:00
21,CoUrseRA REF2785,549.0,education,2026-06-09 08:01:00
21,Rapido,20.0,transport,2026-06-10 12:27:00
21,BOOkMYSHOw TXN63882,79.0,entertainment,2026-06-10 14:24:00
21,PRINTOUT SHOP,701.01,education,2026-06-10 19:42:00
21,UPI-FRIEND REPAYMENT-6839@okaxis,50.0,misc,2026-06-10 20:28:00
21,UPI-MESS SECRETARY-7201@okaxis,50.0,misc,2026-06-11 14:43:00
21,JIOR ECHARGE,404.32,recharge,2026-06-12 12:03:00
21,Swiggy Instamart,545.45,food,2026-06-12 23:04:00
21,UPI-UNKNOWN UPI-6169@okaxis,318.43,misc,2026-06-13 12:12:00
21,meTRO CaRD RECHARGe,147.96,transport,2026-06-13 21:36:00
21,meTRO CaRD RECHAGe,147.96,transport,2026-06-13 21:36:00
21,UPI-FRIEND REPAYMENT-5893@okaxis,460.09,misc,2026-06-14 09:34:00
21,UPI-UNKNOWN UPI-1015@okaxis,331.25,misc,2026-06-14 13:05:00
21,MESS FEE*ORD532101,231.83,food,2026-06-15 11:03:00
21,Prime Video TXN63311,162.73,entertainment,2026-06-15 18:06:00
21,Prme Video TXN63311,162.73,entertainment,2026-06-15 18:06:00
21,Zomato TXN10442,353.88,food,2026-06-22 16:05:00
21,UPI-FRIEND REPAYMENT-9105@okaxis,380.66,misc,2026-06-27 08:12:00
21,BOOKMYSHOW*OR,79.0,entertainment,2026-06-28 22:32:00
21,uDeMY,1765.5,education,2026-07-01 07:59:00
21,uDeMMY,1765.5,education,2026-07-01 07:59:00
21,Bookmyshow/UPI/305498498,238.9,entertainment,2026-07-01 15:10:00
21,PARKInG FEe,20.0,transport,2026-07-01 18:16:00
21,PAKInG FFEe,20.0,transport,2026-07-01 18:16:00
21,Cafe Coffee Day*ORD179255,152.71,food,2026-07-01 20:16:00
21,Namma Metro*ORD310763,232.7,transport,2026-07-01 21:19:00
21,Namma Metro*ORD3107763,232.7,transport,2026-07-01 21:19:00
21,HOSTEL FEE REF8602,7804.62,rent,2026-07-02 09:05:00
21,UPI-PRIYA S-3289@okaxis,226.34,misc,2026-07-02 16:23:00
21,uDEmy/UPI/746390067,325.43,education,2026-07-03 07:37:00
21,uDEmy/UPI7746390067,325.43,education,2026-07-03 07:37:00
21,JIO RECHARGE/UPI/832796342,188.88,recharge,2026-07-03 12:48:00
21,JIO RECHRAGE/UPI/832796342,188.88,recharge,2026-07-03 12:48:00
21,Pg Rent Pay,6138.85,rent,2026-07-03 13:15:00
21,Pg Rneet Pay,6138.85,rent,2026-07-03 13:15:00
21,HOSTEL FEE,8093.41,rent,2026-07-04 08:57:00
21,HHOTSEL FEE,8093.41,rent,2026-07-04 08:57:00
21,BOOKMYSHOW,79.0,entertainment,2026-07-04 09:25:00
21,BOOKMYSOW,79.0,entertainment,2026-07-04 09:25:00
21,Coursera TXN13,273.17,education,2026-07-04 17:45:00
21,Ajio,698.91,shopping,2026-07-04 23:59:00
21,Ajiio,698.91,shopping,2026-07-04 23:59:00
21,PG RENT PAYMENT REF3029,5961.47,rent,2026-07-05 11:27:00
21,P RRENT PAYEMNT REF3029,5961.47,rent,2026-07-05 11:27:00
21,SPOTIFY/UPI/886835660,306.58,entertainment,2026-07-05 13:40:00
21,SPOTIFY/UPI/886853660,306.58,entertainment,2026-07-05 13:40:00
21,pG REnT Payme,6011.44,rent,2026-07-05 18:01:00
21,pG REnT Paye,6011.44,rent,2026-07-05 18:01:00
21,MYNTRA/UPI/165968312,308.18,shopping,2026-07-05 20:02:00
21,Dominos,214.41,food,2026-07-05 22:23:00
21,Dminos,214.41,food,2026-07-05 22:23:00
21,Uber Moto REF4096,350.8,transport,2026-07-06 19:12:00
21,Uber Moto EF4069,350.8,transport,2026-07-06 19:12:00
21,SPOTIFY REF8618,187.53,entertainment,2026-07-06 21:42:00
21,SPOTIFY REF8618,187.53,entertainment,2026-07-06 21:42:00
21,Campus Canteen,575.51,food,2026-07-07 06:23:00
21,UPI-ROOMMATE SPLIT-4441@okaxis,295.65,misc,2026-07-07 13:28:00
21,UPI-RAHUL K-2415@okaxis,50.0,misc,2026-07-07 15:42:00
21,uBEr TXN10277,119.09,transport,2026-07-07 21:22:00
21,Clolege Fee Portal TXN9,847.97,education,2026-07-07 22:54:00
21,Clolege Fee Portal TXN9,847.97,education,2026-07-07 22:54:00
21,Airtel Prepaid/UPI/357147196,405.08,education,2026-07-08 07:15:00
21,Airtel repaid/UPI/357417196,405.08,education,2026-07-08 07:15:00
21,OLa,133.9,transport,2026-07-08 07:53:00
21,OLa,133.9,transport,2026-07-08 07:53:00
21,Printout Shop,944.78,education,2026-07-08 08:36:00
21,NETLFIX,248.04,entertainment,2026-07-08 20:35:00
21,UPI-ROOMMATE SPLIT-8120@okaxis,354.94,misc,2026-07-09 12:07:00
21,Petrol Pump TXN82917,212.32,transport,2026-07-09 17:18:00
21,UDEMY ERF6089,82.48,education,2026-07-11 08:52:00
21,UDEMYY RF6089,82.48,education,2026-07-11 08:52:00
21,MeTro caRd REcHArGe,97.66,transport,2026-07-12 19:32:00
21,Swiggy Instamart TXN67921,40.0,food,2026-07-14 09:56:00
21,Exam Fee Payment,710.86,transport,2026-07-15 22:18:00
21,ExaF ee Payment,710.86,transport,2026-07-15 22:18:00
21,HOTSTAR TXN35386,245.4,entertainment,2026-07-16 16:37:00
21,HOTSTAR TXN35386,245.4,entertainment,2026-07-16 16:37:00
21,naMma MeTro REF6894,141.64,transport,2026-07-17 08:20:00
21,naMma MeTor REF6894,141.64,transport,2026-07-17 08:20:00
21,Hotstar,251.93,entertainment,2026-07-17 17:30:00
21,Meesho/UPI/272486854,642.86,shopping,2026-07-18 11:27:00
21,meSs fEE,231.35,food,2026-07-18 15:08:00
21,Ajio,513.14,shopping,2026-07-18 15:34:00
21,ircTC,248.02,transport,2026-07-18 23:40:00
21,ricTC,248.02,transport,2026-07-18 23:40:00
21,udEmy,50.0,education,2026-07-20 10:15:00
21,Ola Auto,79.27,transport,2026-07-21 06:22:00
21,Flipkart REF4452,724.8,shopping,2026-07-21 07:08:00
21,Coursera TXN146,595.35,education,2026-07-21 11:40:00
21,UDEMY,474.09,education,2026-07-21 19:49:00
21,UPI-FRIEND REPAYMENT-8816@okaxis,1467.27,misc,2026-07-24 22:55:00
21,Metro Card Recharge*ORD550071,20.0,transport,2026-07-25 13:51:00
21,Mero Card Recharge*ORD550071,20.0,transport,2026-07-25 13:51:00
21,Udemy,1438.7,education,2026-08-01 11:49:00
21,Udeym,1438.7,education,2026-08-01 11:49:00
21,Amazon*ORD9259,100.0,shopping,2026-08-01 14:14:00
21,Amazon*ODR99259,100.0,shopping,2026-08-01 14:14:00
21,Vi PRepaID,99.0,recharge,2026-08-01 14:43:00
21,Vi PRpaID,99.0,recharge,2026-08-01 14:43:00
21,UbEr Moto/UPI/667171203,151.92,transport,2026-08-01 19:49:00
21,PG RENT PAYMENT,6812.67,rent,2026-08-02 12:45:00
21,Hostel Fee*ORD289944,7551.27,rent,2026-08-02 19:26:00
21,UPI-ROOMMATE SPLIT-9492@okaxis,711.78,misc,2026-08-03 11:16:00
21,EXAM FEE PAYMENT*ORD125646,528.29,education,2026-08-03 14:04:00
21,EXAM FEE PAYMENT*ORD1256466,528.29,education,2026-08-03 14:04:00
21,UPI-MESS SECRETARY-9431@okaxis,359.78,misc,2026-08-03 15:06:00
21,College Fee Portal*ORD581161,50.0,education,2026-08-03 17:10:00
21,College Fee Prtal*ORD581161,50.0,education,2026-08-03 17:10:00
21,PG Rent pAymENT*ORD552448,6699.04,rent,2026-08-03 20:53:00
21,P GRennt pAymENT*ORD552448,6699.04,rent,2026-08-03 20:53:00
21,MYNTRA*ORD421422,266.94,shopping,2026-08-03 22:03:00
21,MYNTRA*ORD42142,266.94,shopping,2026-08-03 22:03:00
21,Hostel Fee*ORD388714,4220.47,rent,2026-08-04 09:37:00
21,LANDLORD TRANSFER/U,6330.52,rent,2026-08-04 16:59:00
21,LANDLORD TRNSFER/U,6330.52,rent,2026-08-04 16:59:00
21,UPI-ROOMMATE SPLIT-5565@okaxis,50.0,misc,2026-08-04 18:51:00
21,Landlord Transfer*ORD3966,7327.99,rent,2026-08-05 09:42:00
21,Ladnlord Trannsfer*ORD3966,7327.99,rent,2026-08-05 09:42:00
21,UEDmY,50.0,education,2026-08-05 13:57:00
21,UEDDmY,50.0,education,2026-08-05 13:57:00
21,UPI-PRIYA S-7989@okaxis,670.27,misc,2026-08-05 20:18:00
21,PG RENT PAYMENT,7023.55,rent,2026-08-05 21:23:00
21,Jio Recharge ,406.06,recharge,2026-08-06 11:40:00
21,Jio Rechharge ,406.06,recharge,2026-08-06 11:40:00
21,sPoTIFy TXN76071,79.0,entertainment,2026-08-06 14:07:00
21,sPoTIFy TTXN76071,79.0,entertainment,2026-08-06 14:07:00
21,UPI-UNKNOWN UPI-7302@okaxis,128.54,misc,2026-08-07 10:30:00
21,AMAZON,804.95,recharge,2026-08-08 07:56:00
21,AAMZOON,804.95,recharge,2026-08-08 07:56:00
21,Prime Video/UPI/670085584,79.0,entertainment,2026-08-08 08:15:00
21,Namma Metr,89.57,transport,2026-08-08 14:33:00
21,Namm MMetr,89.57,transport,2026-08-08 14:33:00
21,BOOKMYSHOW,262.45,entertainment,2026-08-09 14:13:00
21,AJIO,100.0,shopping,2026-08-11 11:27:00
21,PARKING FEE,182.76,transport,2026-08-11 23:21:00
21,PARKINGFEEE,182.76,transport,2026-08-11 23:21:00
21,UPI-RAHUL K-7232@okaxis,95.94,misc,2026-08-12 11:42:00
21,College Fee Portal,50.0,education,2026-08-13 15:18:00
21,UPI-UNKNOWN UPI-3925@okaxis,50.0,misc,2026-08-13 16:31:00
21,jiO reCHAr,194.66,recharge,2026-08-14 06:00:00
21,jOi rCHAr,194.66,recharge,2026-08-14 06:00:00
21,Namma Metro TXN43492,245.35,transport,2026-08-15 14:04:00
21,PRMIE VIDEO/UPI/608465476,450.21,education,2026-08-15 23:38:00
21,PRMIIE VIDEO/UPI/608465476,450.21,education,2026-08-15 23:38:00
21,pEtRol PuMp TXN67368,131.93,transport,2026-08-16 12:01:00
21,ola AUtO,20.0,transport,2026-08-17 11:44:00
21,oal AUtO,20.0,transport,2026-08-17 11:44:00
21,UPI-MESS SECRETARY-9864@okaxis,165.24,misc,2026-08-17 12:19:00
21,UPI-MESS SECRETARY-2779@okaxis,167.69,misc,2026-08-20 16:59:00
21,pRiME vIDEo T,117.81,entertainment,2026-08-20 21:00:00
21,pRiiME vIDEo T,117.81,entertainment,2026-08-20 21:00:00
21,CouSrERa,733.61,education,2026-08-22 19:16:00
21,Irctc,266.83,transport,2026-08-23 19:16:00
21,Irtccc,266.83,transport,2026-08-23 19:16:00
21,UPI-RAHUL K-6402@okaxis,608.3,misc,2026-08-25 22:44:00
21,RAPIDO/UPI/476720633,20.0,rent,2026-08-27 19:13:00
21,UDEMY REF1971,375.22,education,2026-08-28 12:36:00
21,Namma MEtRO,138.97,transport,2026-08-28 22:34:00
21,Namam MEEtO,138.97,transport,2026-08-28 22:34:00
22,UPI-RAHUL K-9248@okaxis,600.35,misc,2026-04-01 22:18:00
22,hOstel Fee TXN13866,7623.76,rent,2026-04-02 11:56:00
22,Cafe Coffee Day,69.01,food,2026-04-04 07:37:00
22,Cafe Coffee Day,69.01,food,2026-04-04 07:37:00
22,SPOTIFY,182.02,entertainment,2026-04-04 11:14:00
22,SPOTIY,182.02,entertainment,2026-04-04 11:14:00
22,LaNDlORD tRansFer TXN95292,8436.9,rent,2026-04-04 13:21:00
22,LaNDlORD tRansFer TXN9292,8436.9,rent,2026-04-04 13:21:00
22,BOOkmYSHow,620.35,entertainment,2026-04-04 15:17:00
22,BOOkYSHwo,620.35,entertainment,2026-04-04 15:17:00
22,HOSTEL FEE,9711.41,rent,2026-04-04 18:57:00
22,Airtel Prepaid*ORD610497,99.0,recharge,2026-04-04 19:42:00
22,HOSTEL FEE TXN72303,7759.24,rent,2026-04-04 20:53:00
22,LANDLORD TRANSFER/UPI/3915,7900.32,rent,2026-04-04 23:14:00
22,NeTFlIx TXN708,115.67,entertainment,2026-04-05 14:35:00
22,NeTFlxI TXN708,115.67,entertainment,2026-04-05 14:35:00
22,Mess Fee TXN34920,149.16,food,2026-04-05 20:46:00
22,UdEmY TXN22950,50.0,education,2026-04-07 13:16:00
22,UdEm YTXN2950,50.0,education,2026-04-07 13:16:00
22,aIrTEl Prepaid TXN86315,296.17,recharge,2026-04-07 20:25:00
22,WifI BiLl TXN80269,211.46,recharge,2026-04-08 11:01:00
22,NAmmA METRO REF59,210.51,transport,2026-04-08 12:52:00
22,aJIo REF6561,100.0,shopping,2026-04-08 13:25:00
22,MESS FEE,195.46,food,2026-04-08 16:52:00
22,UPI-FRIEND REPAYMENT-5437@okaxis,60.07,misc,2026-04-08 17:55:00
22,COLLEGE FEE PORTAL/UPI/114377274,902.7,education,2026-04-09 18:52:00
22,uBEr MoTO,197.92,transport,2026-04-09 19:13:00
22,FLiPKarT,795.48,shopping,2026-04-10 12:21:00
22,FLiPKarT,795.48,shopping,2026-04-10 12:21:00
22,MYNTRA,1542.39,shopping,2026-04-11 20:30:00
22,MYYNRTA,1542.39,shopping,2026-04-11 20:30:00
22,ParkingF ee,193.25,transport,2026-04-12 12:03:00
22,ParkingF ee,193.25,transport,2026-04-12 12:03:00
22,domInOs REF8196,76.38,food,2026-04-12 18:25:00
22,EXAM FEE PAYMENT/UPI/216347074,1121.55,education,2026-04-13 14:45:00
22,UPI-RAHUL K-3168@okaxis,50.0,misc,2026-04-13 22:49:00
22,UPI-UNKNOWN UPI-1848@okaxis,294.68,misc,2026-04-14 14:15:00
22,Flipkart*ORD463169,396.5,shopping,2026-04-15 19:52:00
22,Flipkrat*ORD463169,396.5,shopping,2026-04-15 19:52:00
22,Mess Fee/UPI/70982,228.73,food,2026-04-16 08:43:00
22,PRIME VIDEO TXN77342,146.27,entertainment,2026-04-17 19:12:00
22,PRIME VIDEO TXN77342,146.27,entertainment,2026-04-17 19:12:00
22,UPI-RAHUL K-5289@okaxis,50.0,misc,2026-04-17 20:14:00
22,UPI-PRIYA S-2654@okaxis,561.77,misc,2026-04-17 20:25:00
22,pRIMe VidEo*ORD783264,79.0,entertainment,2026-04-17 21:43:00
22,UPI-FRIEND REPAYMENT-4400@okaxis,50.0,misc,2026-04-18 09:12:00
22,MEESHO TXN78557,393.05,shopping,2026-04-19 07:50:00
22,PriNTOUT sh,507.95,education,2026-04-20 18:47:00
22,UPI-FRIEND REPAYMENT-8231@okaxis,259.2,misc,2026-04-21 14:55:00
22,UPI-RAHUL K-5310@okaxis,469.56,misc,2026-04-21 21:30:00
22,SWIGgY TXN71233,382.38,food,2026-04-23 09:59:00
22,Prime Video TXN43774,79.0,entertainment,2026-04-25 12:27:00
22,AIRTEL PREPAID TXN30174,560.23,recharge,2026-04-26 15:34:00
22,CAMPUS CANTEEN REF8660,235.0,food,2026-04-26 17:40:00
22,UPI-FRIEND REPAYMENT-1158@okaxis,627.75,misc,2026-04-26 23:24:00
22,UPI-ROOMMATE SPLIT-5787@okaxis,688.82,misc,2026-04-28 14:25:00
22,uBer,61.36,transport,2026-05-01 07:48:00
22,PRIME VIDE,79.0,entertainment,2026-05-01 10:10:00
22,PRIM VVIDE,79.0,entertainment,2026-05-01 10:10:00
22,COLlege feE PoRTAl,274.8,education,2026-05-01 15:29:00
22,COLlege feE  PoRTAl,274.8,education,2026-05-01 15:29:00
22,ZMOATO REF1315,154.65,food,2026-05-01 17:09:00
22,prImE vIDEO REF5391,220.86,entertainment,2026-05-01 18:31:00
22,prImE vIDEO REF53391,220.86,entertainment,2026-05-01 18:31:00
22,spotiFy REF5552,154.63,entertainment,2026-05-01 20:27:00
22,Netflix REF2311,242.62,entertainment,2026-05-02 10:04:00
22,UPI-MESS SECRETARY-3039@okaxis,50.0,misc,2026-05-02 13:26:00
22,HOSTEL FEE,6178.14,rent,2026-05-04 13:37:00
22,COURSERA,212.4,education,2026-05-04 17:20:00
22,COURSEA,212.4,education,2026-05-04 17:20:00
22,LANDLOR DTRANSFER TXN89566,8786.63,recharge,2026-05-04 18:40:00
22,LANDLOR DTRANSFRE TX89566,8786.63,recharge,2026-05-04 18:40:00
22,SPOTIFY,79.0,entertainment,2026-05-04 21:44:00
22,HOSTEL FEE TXN70419,4996.21,rent,2026-05-04 23:11:00
22,HOSTEL FEE TXN70419,4996.21,rent,2026-05-04 23:11:00
22,LaNDlOrd transFEr/UPI/426303411,5772.09,rent,2026-05-05 08:13:00
22,LaNDlOrd tansFEr/UPI/426303141,5772.09,rent,2026-05-05 08:13:00
22,Pg Rent Payment*ORD979378,8638.16,rent,2026-05-05 17:04:00
22,P Rent Paymetnn*ORD979378,8638.16,rent,2026-05-05 17:04:00
22,UPI-ROOMMATE SPLIT-7160@okaxis,50.0,misc,2026-05-05 18:02:00
22,PRIME VIDEO,79.0,entertainment,2026-05-05 20:28:00
22,PRIME VIDEO,79.0,entertainment,2026-05-05 20:28:00
22,WIFI BILL REF2627,443.61,recharge,2026-05-06 11:33:00
22,CITY BUS PASS,344.25,transport,2026-05-07 12:54:00
22,WIfi bILl/UPI/475205288,358.62,recharge,2026-05-07 21:05:00
22,SPOTIFY REF2325,367.88,entertainment,2026-05-08 08:44:00
22,pRime vIdEo/UPI/761174307,191.94,entertainment,2026-05-08 10:54:00
22,Aitrel Prepaid*ORD461,291.82,recharge,2026-05-08 16:52:00
22,nEtflIX TXN2868,416.06,entertainment,2026-05-09 18:29:00
22,EXAM FEE PAYMEN,1952.75,education,2026-05-09 20:26:00
22,EXAM FEEP AYMEN,1952.75,education,2026-05-09 20:26:00
22,AMAZON/UPI/493779139,1331.69,shopping,2026-05-10 06:16:00
22,UBER MOTO,100.5,transport,2026-05-10 16:56:00
22,Swiggy Instam,363.77,food,2026-05-10 23:41:00
22,METRO CARD RECHARGE,221.95,transport,2026-05-12 09:14:00
22,AJIO TXN63852,100.0,shopping,2026-05-12 11:33:00
22,AJIO TXN638552,100.0,shopping,2026-05-12 11:33:00
22,Exam Fee Payment,819.35,education,2026-05-13 16:20:00
22,Exma Fee Payment,819.35,education,2026-05-13 16:20:00
22,MEESHO REF3512,347.42,shopping,2026-05-14 15:52:00
22,Hotstar*ORD511476,316.56,entertainment,2026-05-14 17:47:00
22,Hotstar*ROD511476,316.56,entertainment,2026-05-14 17:47:00
22,ZOMATO TXN62639,40.0,food,2026-05-15 09:09:00
22,Prime Video/UPI/360433812,248.5,entertainment,2026-05-15 14:14:00
22,Vi prepAId/,354.45,recharge,2026-05-15 18:39:00
22,Bookmyshow REF2982,483.39,entertainment,2026-05-16 06:10:00
22,Bookmyshhow REF2982,483.39,entertainment,2026-05-16 06:10:00
22,UPI-PRIYA S-4448@okaxis,50.0,misc,2026-05-16 14:42:00
22,NAMMA METRO REF7527,51.88,transport,2026-05-16 14:55:00
22,Airtel Prepaid,363.82,recharge,2026-05-16 19:02:00
22,UPI-UNKNOWN UPI-7332@okaxis,50.0,misc,2026-05-18 09:12:00
22,COURSERA REF6986,732.14,education,2026-05-18 11:07:00
22,COURSERA RREF6986,732.14,education,2026-05-18 11:07:00
22,UPI-UNKNOWN UPI-2340@okaxis,732.84,misc,2026-05-18 11:08:00
22,CITY buS PaSS,20.0,transport,2026-05-18 14:50:00
22,CITY buS PaSS,20.0,transport,2026-05-18 14:50:00
22,PrINtoUt shop TXN55627,50.0,education,2026-05-19 15:37:00
22,PrINtoUt shop XN55627,50.0,education,2026-05-19 15:37:00
22,CAMPUS CANTEEN,144.6,food,2026-05-19 20:27:00
22,UPI-UNKNOWN UPI-4976@okaxis,248.39,misc,2026-05-19 21:28:00
22,PRINTOTU SHOP*ORD733087,914.74,education,2026-05-20 19:18:00
22,AMAZON*ORD904150,857.91,shopping,2026-05-22 11:49:00
22,AMAZONO*R904150,857.91,shopping,2026-05-22 11:49:00
22,UPI-MESS SECRETARY-7981@okaxis,613.34,misc,2026-05-23 09:59:00
22,Flipkart T,100.0,shopping,2026-05-23 23:31:00
22,UPI-FRIEND REPAYMENT-2570@okaxis,136.08,misc,2026-05-24 13:24:00
22,UPI-MESS SECRETARY-4387@okaxis,331.59,misc,2026-05-24 20:14:00
22,UPI-FRIEND REPAYMENT-1906@okaxis,563.62,misc,2026-05-26 17:11:00
22,Printout Shop/UPI/570081324,245.62,education,2026-05-28 10:35:00
22,NetFLIX,378.41,entertainment,2026-05-28 21:12:00
22,NetFLXI,378.41,entertainment,2026-05-28 21:12:00
22,CoURseRa TXN21149,50.0,education,2026-06-01 06:39:00
22,CURseRa TXN21149,50.0,education,2026-06-01 06:39:00
22,NETFLIX,102.34,entertainment,2026-06-01 18:10:00
22,PG RENT PAY,6191.86,rent,2026-06-02 08:09:00
22,LANDLORD TRANSFER*ORD769476,5842.39,rent,2026-06-02 08:09:00
22,LANDLOR DTRANSFE*ORD769476,5842.39,rent,2026-06-02 08:09:00
22,hoStel FEE TXN84845,6253.06,rent,2026-06-02 12:51:00
22,hoStel FEE TN84845,6253.06,rent,2026-06-02 12:51:00
22,UPI-RAHUL K-3134@okaxis,50.0,misc,2026-06-02 19:03:00
22,nAMmA metRo*ORD628,126.76,transport,2026-06-02 19:07:00
22,Wifi Bill/UPI/589149211,173.12,recharge,2026-06-02 19:22:00
22,Wifi Bill/UPI/5589149211,173.12,recharge,2026-06-02 19:22:00
22,Pg Rent Payme,8789.97,rent,2026-06-03 06:28:00
22,Pg eRnt Payme,8789.97,rent,2026-06-03 06:28:00
22,Myntra,100.0,shopping,2026-06-03 11:01:00
22,hoSTEl fee*ORD9870,7384.26,rent,2026-06-03 14:56:00
22,UPI-RAHUL K-2001@okaxis,168.2,misc,2026-06-03 15:09:00
22,mESS feE REF4016,181.86,food,2026-06-03 16:05:00
22,Hosetl Fee REF4865,4379.66,rent,2026-06-03 16:27:00
22,LaNDLOrD TRAnsfeR*ORD549883,6617.58,rent,2026-06-05 08:52:00
22,LNaLOrD TRAAnsfeR*ORD549883,6617.58,rent,2026-06-05 08:52:00
22,SWIGGY,82.98,food,2026-06-05 14:44:00
22,UPI-PRIYA S-8912@okaxis,75.46,misc,2026-06-05 14:56:00
22,ZOmaTO/UPI/564700232,392.72,food,2026-06-06 06:29:00
22,ZOmaO/UPI/564700232,392.72,food,2026-06-06 06:29:00
22,Hotstra REF3,251.34,entertainment,2026-06-07 08:12:00
22,rEdbuS,123.54,transport,2026-06-07 16:02:00
22,SwIgGY instAMARt/UPI/709542040,107.29,food,2026-06-07 21:06:00
22,SwIgGY instAMARt/UUPI/709542040,107.29,food,2026-06-07 21:06:00
22,MYntRa,920.14,shopping,2026-06-08 23:32:00
22,UPI-RAHUL K-7370@okaxis,50.0,misc,2026-06-09 10:14:00
22,NETFLIX TXN5549,178.62,entertainment,2026-06-09 21:26:00
22,NETLIX TXN5549,178.62,entertainment,2026-06-09 21:26:00
22,Netflix,209.76,entertainment,2026-06-11 17:40:00
22,UPI-RAHUL K-3479@okaxis,471.13,misc,2026-06-11 22:50:00
22,cAfE CofFEE day REF9,183.56,food,2026-06-12 13:02:00
22,HOTSTAR REF9,211.55,entertainment,2026-06-13 07:03:00
22,Mess Fee REF818,100.77,entertainment,2026-06-13 21:51:00
22,Mes FeeR EF818,100.77,entertainment,2026-06-13 21:51:00
22,Dominos/UPI/79113,246.39,food,2026-06-14 20:15:00
22,zoMAto TXN,128.06,food,2026-06-17 13:22:00
22,SWIGGY INSTAMART/UPI/103049070,40.0,food,2026-06-17 13:27:00
22,SWIGGY INSTAMART/UPI/1300049070,40.0,food,2026-06-17 13:27:00
22,UPI-RAHUL K-6472@okaxis,608.32,misc,2026-06-17 19:03:00
22,Ajio,761.64,shopping,2026-06-18 11:23:00
22,Ajio,761.64,shopping,2026-06-18 11:23:00
22,HOTSTAR REF7029,212.67,entertainment,2026-06-19 17:23:00
22,AJIO REF3563,1192.1,shopping,2026-06-22 14:24:00
22,UPI-FRIEND REPAYMENT-7567@okaxis,190.08,misc,2026-06-23 11:08:00
22,Coursrea,191.69,education,2026-06-25 17:02:00
22,Cuorrsrea,191.69,education,2026-06-25 17:02:00
22,UPI-ROOMMATE SPLIT-7310@okaxis,969.94,misc,2026-06-25 17:52:00
22,DOMINOS/UPI/78505550,113.74,food,2026-06-26 07:42:00
22,DOINOS/UPI/78505550,113.74,food,2026-06-26 07:42:00
22,UPI-RAHUL K-6988@okaxis,50.0,misc,2026-06-27 15:04:00
22,Airtel Prepaid,99.0,recharge,2026-07-01 19:29:00
22,Aitrel  Preaid,99.0,recharge,2026-07-01 19:29:00
22,Flipkart,100.0,shopping,2026-07-01 21:04:00
22,Flipkart,100.0,shopping,2026-07-01 21:04:00
22,UPI-PRIYA S-6833@okaxis,89.39,misc,2026-07-01 21:14:00
22,LAdNlOrD trAnsfER TXN86789,7034.79,rent,2026-07-02 07:01:00
22,LAdNOrD ttrAnsfER TXN86789,7034.79,rent,2026-07-02 07:01:00
22,cAmPuS cAtn,345.29,food,2026-07-02 08:14:00
22,COLLEGE FEE PORTAL REF1245,586.89,education,2026-07-02 11:55:00
22,Pg Rent Payment*ORD654943,4731.21,rent,2026-07-02 20:09:00
22,Landlord Transfer/UPI/242584460,9526.79,rent,2026-07-03 06:53:00
22,LLandlord Transfer/UPI/242584460,9526.79,rent,2026-07-03 06:53:00
22,Pg Rent Payment REF2818,7242.55,rent,2026-07-03 10:22:00
22,LANDLORD T,6070.34,rent,2026-07-03 13:46:00
22,lANDlORd trAnsfeR,5636.85,rent,2026-07-03 15:09:00
22,lANDlORd trAnsfeR,5636.85,rent,2026-07-03 15:09:00
22,UPI-UNKNOWN UPI-3412@okaxis,336.44,misc,2026-07-03 15:52:00
22,PG RENT PAYMENT TXN47938,5003.94,rent,2026-07-03 16:03:00
22,PG RENT PAYMENT TXN47938,5003.94,rent,2026-07-03 16:03:00
22,ubER moTo*ORD230637,91.33,transport,2026-07-03 16:36:00
22,ubER moT*oORD230637,91.33,transport,2026-07-03 16:36:00
22,Uber Moto,117.02,transport,2026-07-03 18:46:00
22,Ube Moto,117.02,transport,2026-07-03 18:46:00
22,BoOKmYsHOW,565.8,entertainment,2026-07-03 19:15:00
22,BoOKmYsHOW,565.8,entertainment,2026-07-03 19:15:00
22,EXAM FEE PAYMENT REF9839,161.61,recharge,2026-07-04 06:40:00
22,LAndlOrd TRAnsfeR*ORD119798,8263.45,rent,2026-07-04 11:58:00
22,NetFLiX,244.74,entertainment,2026-07-04 19:24:00
22,UPI-FRIEND REPAYMENT-4339@okaxis,217.89,misc,2026-07-04 21:38:00
22,Ola,127.17,transport,2026-07-04 22:40:00
22,pg renT pAYMEnt TXN320,5950.88,rent,2026-07-05 08:03:00
22,Pg Rent Payment,4000.0,rent,2026-07-05 08:07:00
22,NETFLIX,271.31,entertainment,2026-07-05 12:09:00
22,Printout Shop TXN35892,839.83,education,2026-07-05 13:09:00
22,Printout hop TXN35892,839.83,education,2026-07-05 13:09:00
22,booMkYsHoW,92.04,entertainment,2026-07-05 16:46:00
22,booMkYsHoW,92.04,entertainment,2026-07-05 16:46:00
22,Metro Card Recharge TXN65439,163.69,shopping,2026-07-05 17:11:00
22,PG RENT PAYEMNT/UPI/905343560,7154.29,rent,2026-07-05 18:18:00
22,HOsTEl fee,9026.52,rent,2026-07-05 18:49:00
22,HOsTEl fee,9026.52,rent,2026-07-05 18:49:00
22,CAMPUS CANTEEN REF5172,243.46,food,2026-07-05 22:19:00
22,Coursera TXN73575,881.89,education,2026-07-06 10:58:00
22,Courrsar TXN73575,881.89,education,2026-07-06 10:58:00
22,bookmyshOw REF2992,96.43,entertainment,2026-07-06 23:18:00
22,bookmysshOw REF2992,96.43,entertainment,2026-07-06 23:18:00
22,COURSERA/UPI/6300175,50.0,education,2026-07-06 23:25:00
22,UPI-RAHUL K-3568@okaxis,302.51,misc,2026-07-07 10:55:00
22,SwigGY,224.76,food,2026-07-07 16:24:00
22,MYNTRA REF5191,100.0,shopping,2026-07-07 18:12:00
22,UPI-UNKNOWN UPI-5504@okaxis,760.11,misc,2026-07-08 08:48:00
22,AiRtEl prepAid,272.4,shopping,2026-07-08 10:44:00
22,ZOMATO TXN26454,382.72,food,2026-07-09 11:24:00
22,ZOMATO TXN26454,382.72,food,2026-07-09 11:24:00
22,DOMINOS,272.56,food,2026-07-10 13:10:00
22,DOINOS,272.56,food,2026-07-10 13:10:00
22,Swiggy*ORD206,40.0,food,2026-07-10 17:07:00
22,namma MetRo REF5464,20.0,transport,2026-07-11 10:24:00
22,PRIME VIDEO/UPI/729761483,79.0,entertainment,2026-07-11 14:27:00
22,PRIME VIDEO/UP/I729761483,79.0,entertainment,2026-07-11 14:27:00
22,Swiggy Instamart/UPI/541582204,93.31,food,2026-07-11 21:32:00
22,domInOS TXN46886,40.0,food,2026-07-12 23:59:00
22,OLA AUTO/UPI/291,20.0,transport,2026-07-14 09:16:00
22,OLAAUTO/UUPI/291,20.0,transport,2026-07-14 09:16:00
22,COLLEGE FEE PORTAL,543.78,education,2026-07-15 10:11:00
22,COLLEGE FEE PORTAL,543.78,education,2026-07-15 10:11:00
22,NETFLIX/UPI/322505278,290.95,entertainment,2026-07-15 20:25:00
22,UPI-FRIEND REPAYMENT-8240@okaxis,747.42,misc,2026-07-15 21:47:00
22,MEESHO*ORD179965,616.06,shopping,2026-07-16 07:25:00
22,UBER MOTO*ORD482540,144.45,transport,2026-07-17 10:06:00
22,UBER*ORD654813,38.69,transport,2026-07-17 12:42:00
22,UBER*ORD65813,38.69,transport,2026-07-17 12:42:00
22,AMAZON/UPI/1,101.89,shopping,2026-07-19 13:59:00
22,AMAZON/UPI/1,101.89,shopping,2026-07-19 13:59:00
22,FLIPKART,1444.47,shopping,2026-07-19 16:23:00
22,UPI-PRIYA S-8510@okaxis,50.0,misc,2026-07-19 21:12:00
22,UPI-FRIEND REPAYMENT-9510@okaxis,50.0,misc,2026-07-20 13:41:00
22,CAfe coFFeE day,305.93,food,2026-07-21 12:16:00
22,CAfee coFe Eday,305.93,food,2026-07-21 12:16:00
22,EXAM FEE PAYMENT TXN69256,50.0,education,2026-07-22 15:16:00
22,EXAM FEE PAYMENT TNX699256,50.0,education,2026-07-22 15:16:00
22,RAPIDO,313.59,transport,2026-07-24 18:01:00
22,dOminos REF16,144.46,food,2026-07-25 18:33:00
22,OLA AUTO/UPI/80,113.56,transport,2026-07-25 19:33:00
22,Parking Fee,157.43,transport,2026-07-27 09:47:00
22,Praking Fee,157.43,transport,2026-07-27 09:47:00
22,UPI-FRIEND REPAYMENT-6121@okaxis,513.75,misc,2026-07-27 22:27:00
22,METRO CARD RECHARGE,20.0,transport,2026-08-01 11:00:00
22,MTERRO CAD RECHARGE,20.0,transport,2026-08-01 11:00:00
22,Prime Video,79.0,entertainment,2026-08-02 14:32:00
22,PG RENT PAYMENT,6074.18,rent,2026-08-02 16:41:00
22,Dominos,40.0,food,2026-08-03 13:03:00
22,Domiinos,40.0,food,2026-08-03 13:03:00
22,UPI-MESS SECRETARY-1683@okaxis,602.27,misc,2026-08-03 19:18:00
22,EXAM FEE PAYMENT*ORD628897,812.76,education,2026-08-04 06:51:00
22,COlLege fEE poR,365.78,education,2026-08-04 11:03:00
22,UDEMY,1110.39,education,2026-08-04 12:29:00
22,Petrol Pump*ORD,20.0,transport,2026-08-05 06:30:00
22,PG RENT PAYMENT,5970.93,rent,2026-08-05 17:06:00
22,PG RENTPAYMENT,5970.93,rent,2026-08-05 17:06:00
22,UPI-FRIEND REPAYMENT-9338@okaxis,50.0,misc,2026-08-05 21:07:00
22,HosTeL fee,4339.05,rent,2026-08-05 21:11:00
22,UPI-UNKNOWN UPI-5578@okaxis,59.22,misc,2026-08-06 13:14:00
22,Ajio TXN14284,1112.99,shopping,2026-08-06 21:44:00
22,Mess Fee REF2855,310.24,food,2026-08-06 22:22:00
22,AIRTEL PREPAID,266.06,recharge,2026-08-07 18:59:00
22,Swiggy*ORD219176,166.46,food,2026-08-07 19:39:00
22,Swigg*yORD21916,166.46,food,2026-08-07 19:39:00
22,HOTSTAR/UPI/649612,324.59,entertainment,2026-08-08 20:59:00
22,ZomATo REF5206,120.68,food,2026-08-09 11:42:00
22,UPI-RAHUL K-5675@okaxis,275.98,misc,2026-08-09 16:38:00
22,Uber*ORD738277,154.07,transport,2026-08-10 12:12:00
22,UPI-MESS SECRETARY-2969@okaxis,50.0,misc,2026-08-11 22:52:00
22,UPI-FRIEND REPAYMENT-9450@okaxis,427.99,misc,2026-08-14 11:18:00
22,Coursera*ORD774945,50.0,education,2026-08-14 19:37:00
22,UPI-FRIEND REPAYMENT-1910@okaxis,50.0,misc,2026-08-15 10:56:00
22,Mses Fee,140.16,food,2026-08-16 06:20:00
22,swigGY,146.7,food,2026-08-17 11:14:00
22,FLIPKART*ORD770249,604.46,shopping,2026-08-19 13:15:00
22,UPI-RAHUL K-9435@okaxis,211.24,misc,2026-08-19 23:16:00
22,UPI-MESS SECRETARY-3375@okaxis,1007.27,misc,2026-08-20 08:58:00
22,Cafe Coffee Day/UPI/288381087,342.66,food,2026-08-21 20:49:00
22,Cafe Coffee Dya/UPI/288381087,342.66,food,2026-08-21 20:49:00
22,VI PREPAID,198.23,recharge,2026-08-22 12:35:00
22,VI PRPEAID,198.23,recharge,2026-08-22 12:35:00
22,Amazon,561.2,shopping,2026-08-23 10:11:00
22,Amano,561.2,shopping,2026-08-23 10:11:00
22,UPI-RAHUL K-8612@okaxis,436.73,misc,2026-08-24 18:00:00
22,BOOkMYShow,176.99,entertainment,2026-08-25 06:52:00
22,UPI-PRIYA S-3907@okaxis,83.6,misc,2026-08-25 22:39:00
22,Cafe Coffee Da,113.01,food,2026-08-28 12:26:00
22,prIMe viDeO*ORD284093,278.38,entertainment,2026-08-28 14:43:00
22,prIMe viDeO*OORD284093,278.38,entertainment,2026-08-28 14:43:00
23,UPI-PRIYA S-6370@okaxis,353.67,misc,2026-04-01 11:21:00
23,Jio Recharge R,495.51,recharge,2026-04-01 23:02:00
23,pRiMe VIdeo TXN85361,176.81,entertainment,2026-04-02 08:07:00
23,Metro Card Recharge REF5399,116.7,transport,2026-04-02 09:05:00
23,caFe coFFEE DAy,64.86,food,2026-04-02 09:57:00
23,caF ecoFEE DAy,64.86,food,2026-04-02 09:57:00
23,Ajio,548.27,shopping,2026-04-02 12:12:00
23,Ajio,548.27,shopping,2026-04-02 12:12:00
23,Mess Fee/UPI/420074981,40.0,food,2026-04-02 14:21:00
23,Mess Fee/UPI/4220074981,40.0,food,2026-04-02 14:21:00
23,Bookmyshow,174.51,entertainment,2026-04-02 19:46:00
23,SPOTIFY/UPI/,79.0,entertainment,2026-04-03 19:40:00
23,SPOITY/UPI/,79.0,entertainment,2026-04-03 19:40:00
23,lANDlorD TransFeR,6439.95,rent,2026-04-04 15:39:00
23,HOTSTAR,343.53,entertainment,2026-04-04 15:40:00
23,HOSTAR,343.53,entertainment,2026-04-04 15:40:00
23,BOOKMYSHOW*ORD215964,224.03,entertainment,2026-04-04 22:56:00
23,BOOKMYSHOW*ORD215964,224.03,entertainment,2026-04-04 22:56:00
23,Pg Rent Payment,7572.6,rent,2026-04-05 07:15:00
23,Pg Ren Pyaament,7572.6,rent,2026-04-05 07:15:00
23,Hostel Fee,6509.99,rent,2026-04-05 09:55:00
23,Hostle Fee,6509.99,rent,2026-04-05 09:55:00
23,Landlord Transfer REF2743,9273.17,rent,2026-04-05 18:44:00
23,Hostel Fee TXN38500,7187.13,rent,2026-04-05 20:02:00
23,Hostel Fee TXN38500,7187.13,rent,2026-04-05 20:02:00
23,Jio RECHaRGE/UPI/977748709,174.97,recharge,2026-04-06 07:18:00
23,Ji RECHaRGE/UPI/9777487009,174.97,recharge,2026-04-06 07:18:00
23,WiFi biLl,224.52,recharge,2026-04-08 08:50:00
23,WiFi biLl,224.52,recharge,2026-04-08 08:50:00
23,VI PREPAID,247.03,recharge,2026-04-08 13:58:00
23,hotstaR,79.0,entertainment,2026-04-08 20:03:00
23,hotsstaR,79.0,entertainment,2026-04-08 20:03:00
23,PETrol PuMP TXN72093,74.56,transport,2026-04-09 06:20:00
23,PETrol PuMPT XN72093,74.56,transport,2026-04-09 06:20:00
23,EXAM FEE PAYMENT*ORD986826,50.0,education,2026-04-09 14:42:00
23,VI pRepAId/UPI/206606382,177.65,recharge,2026-04-10 07:45:00
23,V IppRepAId/PI/206606382,177.65,recharge,2026-04-10 07:45:00
23,ZOMATO REF4913,458.64,food,2026-04-10 20:07:00
23,Printout Shop REF2854,422.07,education,2026-04-10 20:10:00
23,Netflxi,217.41,entertainment,2026-04-10 20:42:00
23,Rapido*ORD234292,267.12,transport,2026-04-11 06:27:00
23,Rapido*ORD23492,267.12,transport,2026-04-11 06:27:00
23,VI PREPAID,543.98,recharge,2026-04-12 21:01:00
23,VI PRREPAID,543.98,recharge,2026-04-12 21:01:00
23,VIP REPAID*ORD952853,317.59,recharge,2026-04-14 14:18:00
23,VIP REPAID*ORD952853,317.59,recharge,2026-04-14 14:18:00
23,BOoKMYShoW/UPI/889,278.95,entertainment,2026-04-16 13:28:00
23,BOoKKMYShoW/UPI8/89,278.95,entertainment,2026-04-16 13:28:00
23,UBER MOTO REF,317.94,transport,2026-04-19 16:52:00
23,UBE  RMOTO REF,317.94,transport,2026-04-19 16:52:00
23,Namma Metro TXN47173,25.64,transport,2026-04-19 23:41:00
23,Namma Metr TXN47173,25.64,transport,2026-04-19 23:41:00
23,WiFi Bill TXN34616,414.85,recharge,2026-04-26 18:52:00
23,Wii Bill TXN34616,414.85,recharge,2026-04-26 18:52:00
23,AIRTEL PREPAID*ORD659714,222.5,recharge,2026-04-26 23:08:00
23,AIRTEL PREPAID*ORD659714,222.5,recharge,2026-04-26 23:08:00
23,UPI-UNKNOWN UPI-5899@okaxis,598.06,misc,2026-04-27 08:04:00
23,Printout Shop,449.66,education,2026-04-28 23:44:00
23,mEesho,100.0,shopping,2026-05-01 06:51:00
23,mmEeso,100.0,shopping,2026-05-01 06:51:00
23,meESHo TXN98115,1070.89,shopping,2026-05-01 09:28:00
23,meSHo TNX98115,1070.89,shopping,2026-05-01 09:28:00
23,wiFi bill TXN34491,138.11,recharge,2026-05-01 12:25:00
23,COURSERA/UPI/,418.89,education,2026-05-01 12:58:00
23,AJiO,467.38,shopping,2026-05-01 15:44:00
23,Petrol Pump TXN70536,126.29,transport,2026-05-01 22:46:00
23,UPI-PRIYA S-1515@okaxis,576.65,misc,2026-05-02 14:49:00
23,CAMPUS CANTEEN,404.17,food,2026-05-02 20:14:00
23,ZOMATO,280.32,food,2026-05-02 20:48:00
23,Mess Fee,279.97,food,2026-05-02 21:03:00
23,Mess Fee,279.97,food,2026-05-02 21:03:00
23,PG RENT PAYMENT,6904.64,rent,2026-05-02 21:40:00
23,Campus Canteen/UPI/332686426,166.18,food,2026-05-02 21:56:00
23,RAPIDO*OR9D55427,296.87,transport,2026-05-02 23:22:00
23,HOSTEL FEE,5140.66,rent,2026-05-02 23:53:00
23,HOTE LFEE,5140.66,rent,2026-05-02 23:53:00
23,HOStEL fee REF6797,6741.06,rent,2026-05-03 06:10:00
23,LANDLORD T,7609.93,rent,2026-05-03 12:38:00
23,LANDLORD TRANSFER*ORD355226,4721.55,rent,2026-05-04 06:38:00
23,LANDDLOD TRANSFRE*ORD355226,4721.55,rent,2026-05-04 06:38:00
23,LANDLOrd TraNsfER REF3149,7958.02,rent,2026-05-04 07:47:00
23,LANDLOrd TraNsfER REF3149,7958.02,rent,2026-05-04 07:47:00
23,DOMINOS TXN70837,570.13,food,2026-05-04 13:31:00
23,PRIME VIDEO REF6010,200.33,entertainment,2026-05-04 14:53:00
23,PRIMEVIDEO REF6010,200.33,entertainment,2026-05-04 14:53:00
23,HOSTEL FEE,4823.61,rent,2026-05-04 18:09:00
23,COursEar/UPI/674733305,865.07,education,2026-05-04 18:12:00
23,Pg Rent Payment,7939.81,rent,2026-05-05 09:10:00
23,Pg Rent Payment,7939.81,rent,2026-05-05 09:10:00
23,College Fee Portal,382.47,education,2026-05-05 15:06:00
23,vi prEPaId TXN78908,407.33,recharge,2026-05-05 15:44:00
23,v iprEPaId TXN8908,407.33,recharge,2026-05-05 15:44:00
23,Dominos REF6968,249.47,food,2026-05-05 16:12:00
23,VI PRepaID,157.82,recharge,2026-05-05 16:14:00
23,Ola*ORD868870,107.56,transport,2026-05-05 16:40:00
23,Ola*OR8D68870,107.56,transport,2026-05-05 16:40:00
23,Hostel Fee,7756.87,rent,2026-05-05 17:07:00
23,cAfE cOffee dAy*ORD881860,115.12,food,2026-05-05 18:18:00
23,exAM Fee pay,848.19,education,2026-05-06 11:56:00
23,rEdbUS TXN332,264.3,transport,2026-05-06 14:56:00
23,rEdbU SXN332,264.3,transport,2026-05-06 14:56:00
23,hOTSTAr,250.35,entertainment,2026-05-06 20:22:00
23,SWIGYG TXN70602,202.0,food,2026-05-06 21:32:00
23,BOOKMYSHOW TXN77047,218.82,entertainment,2026-05-06 22:55:00
23,mEsS FEe/UPI/177532108,120.4,food,2026-05-07 18:18:00
23,mmEs FEe/UPI/717532108,120.4,food,2026-05-07 18:18:00
23,Dominos/UPI/760602370,128.77,food,2026-05-07 20:22:00
23,Hotstar/UPI/783425281,158.74,entertainment,2026-05-07 21:33:00
23,BOOKMYSHOW ERF6611,106.21,entertainment,2026-05-08 06:14:00
23,BOOKYSHOW ERF6611,106.21,entertainment,2026-05-08 06:14:00
23,CITY BUS PASS TXN80597,352.7,transport,2026-05-08 07:23:00
23,DOMiNoS,194.9,food,2026-05-08 09:09:00
23,Amazon REF2527,732.7,shopping,2026-05-08 12:28:00
23,Metro Card Recharge TXN61377,350.39,transport,2026-05-08 21:05:00
23,AIRTEL PREPAID REF4861,363.01,food,2026-05-09 06:51:00
23,AIRTEL PREPAID REF4861,363.01,food,2026-05-09 06:51:00
23,Ola REF3179,213.98,transport,2026-05-09 15:18:00
23,CAFE COFFEE DAY,363.03,food,2026-05-09 16:54:00
23,CFE COFFEE DAY,363.03,food,2026-05-09 16:54:00
23,hoTStar,275.64,entertainment,2026-05-09 18:24:00
23,MESS FEE,166.97,food,2026-05-09 18:42:00
23,AMAZON/UPI/23,408.19,shopping,2026-05-10 07:19:00
23,AMAZON/UPI/23,408.19,shopping,2026-05-10 07:19:00
23,BOOKMYSHOW,79.0,entertainment,2026-05-10 16:41:00
23,Jio Recharge*ORD471234,150.77,recharge,2026-05-10 21:10:00
23,Ji Rechagre*ORD471234,150.77,recharge,2026-05-10 21:10:00
23,Hotstar TXN,145.93,entertainment,2026-05-11 20:45:00
23,PRIME VIDEO,379.21,entertainment,2026-05-12 15:06:00
23,aiRteL pREpaID/UPI/486073592,99.0,recharge,2026-05-13 08:19:00
23,MYNTRA*ORD13,124.39,shopping,2026-05-13 18:51:00
23,MYTNRA*ORD13,124.39,shopping,2026-05-13 18:51:00
23,UPI-PRIYA S-2241@okaxis,409.25,misc,2026-05-13 20:57:00
23,IRCTC,341.94,transport,2026-05-14 18:39:00
23,IRCTC,341.94,transport,2026-05-14 18:39:00
23,Mess Fee TXN51957,197.54,food,2026-05-14 23:14:00
23,UPI-UNKNOWN UPI-9490@okaxis,576.03,misc,2026-05-14 23:15:00
23,PRINTOUT SHOP/UPI,1071.18,education,2026-05-14 23:19:00
23,PRINTOTU SHOP/UUPI,1071.18,education,2026-05-14 23:19:00
23,SPOTIFY,359.33,entertainment,2026-05-15 09:56:00
23,ZOMATO*ORD340116,162.46,food,2026-05-15 13:14:00
23,ZOMATO*ORD340116,162.46,food,2026-05-15 13:14:00
23,UBER,20.0,transport,2026-05-17 13:11:00
23,Swiggy TXN79022,41.4,food,2026-05-17 14:15:00
23,Swigg TXN799022,41.4,food,2026-05-17 14:15:00
23,EXaM fEe pAYmENT,50.0,education,2026-05-17 22:30:00
23,OLA,20.0,transport,2026-05-18 08:07:00
23,OLA,20.0,transport,2026-05-18 08:07:00
23,REDBUS,234.38,transport,2026-05-19 06:24:00
23,RDEBUS,234.38,transport,2026-05-19 06:24:00
23,COLLEGE FEE PORTAL*ORD991059,50.0,education,2026-05-19 08:27:00
23,UPI-UNKNOWN UPI-3411@okaxis,305.22,misc,2026-05-19 19:55:00
23,SPoTIFY,289.28,entertainment,2026-05-19 19:58:00
23,SPoTFY,289.28,entertainment,2026-05-19 19:58:00
23,Amazon*ORD309769,100.0,shopping,2026-05-19 22:09:00
23,Amazon*ORD309769,100.0,shopping,2026-05-19 22:09:00
23,AIrTeL PrePAiD REF6883,261.34,recharge,2026-05-20 06:39:00
23,Swiggy/UPI/627887612,204.6,food,2026-05-20 09:21:00
23,COLLEGE FEE PORTAL/UPI/967961379,50.0,education,2026-05-20 21:45:00
23,UPI-RAHUL K-1135@okaxis,735.08,misc,2026-05-20 21:46:00
23,UDEMY/UPI/2,50.0,education,2026-05-20 21:51:00
23,UDEMY/UI/2,50.0,education,2026-05-20 21:51:00
23,COLLEGE FEE PORTAL/UPI/174690496,384.24,education,2026-05-21 16:01:00
23,COLLEGEF EE PORTAL/UPI/174690496,384.24,education,2026-05-21 16:01:00
23,Zomato*ORD687212,511.57,food,2026-05-21 16:16:00
23,HotstAr TXN94945,485.38,entertainment,2026-05-22 15:47:00
23,MYNTRA,100.0,shopping,2026-05-23 22:01:00
23,MNTRAA,100.0,shopping,2026-05-23 22:01:00
23,IRCTC TXN34309,23.32,transport,2026-05-23 23:46:00
23,IRCCTC TXN34309,23.32,transport,2026-05-23 23:46:00
23,swIGgy InstamaRt*ORD147711,400.89,food,2026-05-24 07:34:00
23,Coursera REF6283,298.97,education,2026-06-01 13:24:00
23,Coursera REEF6283,298.97,education,2026-06-01 13:24:00
23,Ola TXN96832,72.68,transport,2026-06-01 19:43:00
23,CAMPUS CANTEEN,222.2,food,2026-06-01 20:58:00
23,CAMPUS CANTENE,222.2,food,2026-06-01 20:58:00
23,PG RENT PAYMENT,6679.19,rent,2026-06-02 13:15:00
23,PG RENTPAYMENT,6679.19,rent,2026-06-02 13:15:00
23,vI pREPaiD,99.0,recharge,2026-06-02 20:51:00
23,VI PREPAID,514.98,recharge,2026-06-02 22:48:00
23,VIPREPPAID,514.98,recharge,2026-06-02 22:48:00
23,cOlleGE fEe pORTal TXN58276,93.41,education,2026-06-03 08:29:00
23,ajIO*ORD89,841.33,shopping,2026-06-03 19:11:00
23,ajIO*OD89,841.33,shopping,2026-06-03 19:11:00
23,Udemy*ORD158342,50.0,education,2026-06-04 09:25:00
23,Udemy*ORD158342,50.0,education,2026-06-04 09:25:00
23,UDEMY TXN1,1023.16,education,2026-06-04 09:37:00
23,PG RENT PAYMENT REF9,7170.09,rent,2026-06-04 13:19:00
23,GP RENT PAYMENT REF9,7170.09,rent,2026-06-04 13:19:00
23,ZOMATO*ORD817752,126.46,food,2026-06-04 16:03:00
23,PG reNT pAyMEnt ,8455.47,rent,2026-06-04 16:51:00
23,PG reNNT pyAMEnt ,8455.47,rent,2026-06-04 16:51:00
23,HOSTELF EE REF4179,6844.62,rent,2026-06-04 18:15:00
23,LANDLORD TRANSFE,6717.7,rent,2026-06-05 14:53:00
23,Jio Recharge,384.8,recharge,2026-06-05 16:41:00
23,CITy buS paSs TXN16647,20.0,transport,2026-06-05 16:55:00
23,CITy buS paSss TXN1647,20.0,transport,2026-06-05 16:55:00
23,Landlord Transfer*ORD653728,7688.49,rent,2026-06-05 20:39:00
23,HOStel Fee,6584.99,entertainment,2026-06-05 22:50:00
23,HOteel Fee,6584.99,entertainment,2026-06-05 22:50:00
23,Mess Fee,82.81,food,2026-06-07 12:19:00
23,Mess Fee,82.81,food,2026-06-07 12:19:00
23,DoMinoS REF,219.61,food,2026-06-07 12:22:00
23,DoMinoS REF,219.61,food,2026-06-07 12:22:00
23,UPI-PRIYA S-5487@okaxis,169.6,misc,2026-06-07 16:12:00
23,myntrA REF5999,523.02,shopping,2026-06-07 21:12:00
23,SWIgGy TXN98025,167.57,food,2026-06-07 22:13:00
23,swiGGy REF8323,40.0,food,2026-06-07 22:27:00
23,pRakiNG FEe R,196.94,transport,2026-06-08 13:52:00
23,MEESHO,1212.47,shopping,2026-06-08 14:15:00
23,UPI-FRIEND REPAYMENT-4597@okaxis,238.44,misc,2026-06-08 16:14:00
23,Uber TXN1356,292.34,transport,2026-06-09 09:50:00
23,Zomato,486.04,food,2026-06-12 14:24:00
23,MYNTRA REF5857,373.41,shopping,2026-06-12 18:06:00
23,MYNTRA REF857,373.41,shopping,2026-06-12 18:06:00
23,IrCtc,347.22,transport,2026-06-14 09:57:00
23,IrCtc,347.22,transport,2026-06-14 09:57:00
23,JIO RECHARGE*ORD743290,348.93,recharge,2026-06-14 18:50:00
23,JIO RECHARGE*ORD743290,348.93,recharge,2026-06-14 18:50:00
23,Wifi Blil,255.65,recharge,2026-06-14 22:50:00
23,Wif Blil,255.65,recharge,2026-06-14 22:50:00
23,AMAZON,273.07,shopping,2026-06-15 21:48:00
23,zOmato,171.83,food,2026-06-16 13:42:00
23,MESS FEE,40.0,food,2026-06-16 16:59:00
23,UPI-RAHUL K-6088@okaxis,456.15,misc,2026-06-16 21:05:00
23,Netfilx,79.0,entertainment,2026-06-17 07:38:00
23,Uber Moto,63.12,transport,2026-06-17 23:04:00
23,SWIgGy,145.37,food,2026-06-18 08:38:00
23,Boomkyshow,241.42,entertainment,2026-06-18 08:53:00
23,Airtel Prepaid REF4710,312.81,recharge,2026-06-18 15:29:00
23,MESS FEE,247.07,food,2026-06-18 18:15:00
23,Uber,290.1,transport,2026-06-18 22:02:00
23,AIRTeL prEPaId,193.21,food,2026-06-19 09:21:00
23,swIGgy TXN15712,80.25,food,2026-06-20 21:29:00
23,WIFI BILL TXN30083,283.09,recharge,2026-06-26 13:27:00
23,Parikng Fee,334.84,transport,2026-06-26 20:09:00
23,UDEMY TXN54823,455.9,education,2026-06-27 17:30:00
23,PARKING FEE REF9017,272.77,transport,2026-06-28 09:53:00
23,HOTSTAR,397.17,entertainment,2026-07-01 14:55:00
23,Ola Auto/UPI/411055694,168.17,education,2026-07-01 19:10:00
23,Ola AutoU/I/411055694,168.17,education,2026-07-01 19:10:00
23,prIME vIdEO/UPI/376892392,79.0,entertainment,2026-07-01 21:10:00
23,IrCtcO*RD467342,109.23,transport,2026-07-02 06:06:00
23,IrCtcO*RD467342,109.23,transport,2026-07-02 06:06:00
23,Vi Prepaid TXN43571,253.02,recharge,2026-07-02 07:01:00
23,Vi Prepid TXN43571,253.02,recharge,2026-07-02 07:01:00
23,LANDLORD TRANSFER TXN98649,5616.38,rent,2026-07-02 08:00:00
23,LANDLLOD TRANSFER TXN98649,5616.38,rent,2026-07-02 08:00:00
23,REDBUS/UPI,56.09,transport,2026-07-02 10:04:00
23,LANDlOrd tRaNSfeR,4845.62,rent,2026-07-02 13:47:00
23,lAndlord tRAnsfEr REF1908,8040.88,rent,2026-07-02 15:21:00
23,lAndlord tRAnsfE REF1908,8040.88,rent,2026-07-02 15:21:00
23,netfLix,153.58,entertainment,2026-07-02 20:01:00
23,laNDLord TranSfER,6268.55,rent,2026-07-03 07:11:00
23,HOSTEL FEE REF4293,5992.73,rent,2026-07-03 08:30:00
23,PG rENT PAYMENT*ORD867702,8074.88,rent,2026-07-03 11:04:00
23,pRime vIDEo TXN87506,386.77,entertainment,2026-07-03 14:17:00
23,Wifi Bill,256.9,recharge,2026-07-03 14:21:00
23,Swiggy*ORD705617,265.89,food,2026-07-03 16:30:00
23,nEtLFIx/UPI/928907295,349.24,entertainment,2026-07-03 19:39:00
23,Swiggy,206.35,food,2026-07-03 21:56:00
23,Swigggy,206.35,food,2026-07-03 21:56:00
23,CAMPUS CANTEEN*ORD533762,460.23,food,2026-07-04 06:10:00
23,LandLoRd tRaNsfEr*ORD458675,4782.18,rent,2026-07-04 07:04:00
23,AMAZON,100.0,shopping,2026-07-04 10:00:00
23,AMAZON,100.0,shopping,2026-07-04 10:00:00
23,bookMYSHOW,192.45,entertainment,2026-07-04 15:14:00
23,BOOKMYSHOW/UPI/5,79.0,entertainment,2026-07-04 19:02:00
23,vi prEpAID/UPI/604322103,450.08,recharge,2026-07-04 19:51:00
23,vi pErpAID/UPI604322103,450.08,recharge,2026-07-04 19:51:00
23,lANdLOrd TRaNsFeR TXN34694,6917.83,rent,2026-07-05 09:56:00
23,NeTflix*ORD981956,160.36,entertainment,2026-07-05 19:54:00
23,NeTfli*ORD981956,160.36,entertainment,2026-07-05 19:54:00
23,AMAZON/UPI/760135797,1434.09,education,2026-07-05 20:11:00
23,JIO RECHARGE,99.0,recharge,2026-07-05 20:31:00
23,JIO ECCHARGE,99.0,recharge,2026-07-05 20:31:00
23,Hostel Fee REF3907,7011.04,rent,2026-07-05 20:36:00
23,Hostel Fee RE3F907,7011.04,rent,2026-07-05 20:36:00
23,myntRa*ORD517058,100.0,shopping,2026-07-05 22:36:00
23,HoTsTAr,173.35,entertainment,2026-07-06 16:28:00
23,Exam Fee Payment ,1207.09,education,2026-07-06 22:15:00
23,Exam eFe Payment ,1207.09,education,2026-07-06 22:15:00
23,Prime Video REF5460,331.54,entertainment,2026-07-07 13:45:00
23,Mess Fee TXN83,175.15,food,2026-07-07 17:43:00
23,petROl pUMP*ORD976807,400.17,transport,2026-07-09 12:55:00
23,petROl pUMP*ORD976807,400.17,transport,2026-07-09 12:55:00
23,MYNTRA*ORD602391,765.8,shopping,2026-07-09 22:41:00
23,Prime Vide,320.8,entertainment,2026-07-10 07:43:00
23,Wifi Bill*ORD278913,673.65,recharge,2026-07-10 08:09:00
23,UPI-MESS SECRETARY-7469@okaxis,50.0,misc,2026-07-11 08:34:00
23,Meseho,1030.25,shopping,2026-07-13 08:10:00
23,caFe cOFfee dAY,286.73,food,2026-07-13 20:51:00
23,COURSERA,507.77,education,2026-07-14 22:33:00
23,REDBUS*ORD419469,194.02,transport,2026-07-15 14:02:00
23,REDBUS*OR4D19469,194.02,transport,2026-07-15 14:02:00
23,AJIO,1043.2,shopping,2026-07-15 20:42:00
23,CAmpUs cANTeEN,88.4,food,2026-07-16 13:20:00
23,AJIO*ORD512363,370.23,shopping,2026-07-16 16:38:00
23,UPI-PRIYA S-9406@okaxis,443.9,misc,2026-07-17 09:39:00
23,UBER MOTO,61.14,recharge,2026-07-17 19:26:00
23,NaMMA Metro*ORD7,234.84,transport,2026-07-17 22:50:00
23,OLA AUTOU/PI/702892681,52.69,transport,2026-07-18 10:11:00
23,Zomato*ORD640962,353.35,food,2026-07-18 13:57:00
23,Zomatoo*OR640962,353.35,food,2026-07-18 13:57:00
23,FLIPKART/UPI/171004213,1329.59,shopping,2026-07-18 21:15:00
23,FLIPKART/UPI/171004213,1329.59,shopping,2026-07-18 21:15:00
23,FLipKaRt,346.22,shopping,2026-07-18 22:52:00
23,vi PrePaId,153.83,recharge,2026-07-19 07:55:00
23,JIO RECHARGE,624.61,recharge,2026-07-19 14:35:00
23,JIORECHARGE,624.61,recharge,2026-07-19 14:35:00
23,Swiggy REF791,40.0,food,2026-07-20 23:34:00
23,Swiggy REF791,40.0,food,2026-07-20 23:34:00
23,WIFI BILL REF4956,99.0,recharge,2026-07-21 16:18:00
23,REDBUS,29.05,transport,2026-07-22 17:43:00
23,UPI-RAHUL K-6864@okaxis,100.55,misc,2026-07-23 12:02:00
23,Petrol Pump*ORD355138,253.78,transport,2026-07-25 11:52:00
23,METRO CARD RECHARGE TXN76143,185.81,transport,2026-07-25 19:29:00
23,ZOMATO,42.46,food,2026-08-01 08:10:00
23,Cafe cOffEe dAy REF4857,172.14,food,2026-08-02 19:23:00
23,CCafec OffEe dAy REF4857,172.14,food,2026-08-02 19:23:00
23,HoStel Fee,6842.55,rent,2026-08-03 14:18:00
23,HoStel Fee,6842.55,rent,2026-08-03 14:18:00
23,PG RENT PAYMENT REF8452,6094.21,rent,2026-08-03 14:49:00
23,Pg Rent Payme,7919.19,rent,2026-08-03 15:24:00
23,Pg Rnt Payme,7919.19,rent,2026-08-03 15:24:00
23,Landlordt raNSFEr,5882.25,rent,2026-08-03 17:38:00
23,LANDLORD TRANSFER TXN21419,6674.26,rent,2026-08-04 09:56:00
23,LANDLORD RTANSFER TXN2149,6674.26,rent,2026-08-04 09:56:00
23,VI PREPAID*ORD825382,534.81,recharge,2026-08-04 12:31:00
23,V PREPAID*ORD825382,534.81,recharge,2026-08-04 12:31:00
23,OlA*ORD191435,189.8,transport,2026-08-04 15:42:00
23,vI PrEpAid/UPI/320594396,99.0,recharge,2026-08-04 21:58:00
23,Iv PrEpAid/UPI/320594396,99.0,recharge,2026-08-04 21:58:00
23,Udemy TXN17152,638.83,education,2026-08-05 06:56:00
23,Udemy TXN17125,638.83,education,2026-08-05 06:56:00
23,LANDLORD TRANSFER,6961.76,rent,2026-08-05 09:19:00
23,HOSTEL FEE,7087.56,rent,2026-08-05 12:19:00
23,HOTE LFEE,7087.56,rent,2026-08-05 12:19:00
23,pG rEnt payMent,6485.19,rent,2026-08-05 15:04:00
23,pG rEnt payMent,6485.19,rent,2026-08-05 15:04:00
23,College Fee Portal REF4838,914.04,education,2026-08-06 07:58:00
23,UPI-RAHUL K-8187@okaxis,457.83,misc,2026-08-07 16:16:00
23,Airtel Prepaid TX1N5819,133.98,recharge,2026-08-08 14:25:00
23,Mess Fee*O,141.01,food,2026-08-08 22:45:00
23,Mess Fe*O,141.01,food,2026-08-08 22:45:00
23,BOokMYShOw/UPI/953081776,120.02,entertainment,2026-08-09 08:56:00
23,Jio RCEHarGe REF3388,294.82,recharge,2026-08-10 09:15:00
23,meSs FeE REF2808,226.7,food,2026-08-11 15:45:00
23,mesS FeE RE2808,226.7,food,2026-08-11 15:45:00
23,UDEmY*ORD539022,50.0,education,2026-08-13 17:58:00
23,UDEmY*ORD509922,50.0,education,2026-08-13 17:58:00
23,Swiggy/UPI/531630025,395.72,food,2026-08-15 20:28:00
23,SWiggy,40.0,food,2026-08-16 12:17:00
23,MyNtrA,1505.51,shopping,2026-08-16 20:07:00
23,MNyrA,1505.51,shopping,2026-08-16 20:07:00
23,ZOMATO REF8545,229.57,food,2026-08-17 14:21:00
23,ZOMATO,79.03,food,2026-08-17 16:14:00
23,ZOMAOT,79.03,food,2026-08-17 16:14:00
23,UPI-ROOMMATE SPLIT-2770@okaxis,129.7,misc,2026-08-17 18:34:00
23,Wifi Bill*ORD384212,396.06,recharge,2026-08-17 18:46:00
23,Wifi Bil*ORD384212,396.06,recharge,2026-08-17 18:46:00
23,Mess Fee/UPI/291149232,196.44,food,2026-08-18 14:15:00
23,CAFE COffEE Day*ORD956613,40.0,food,2026-08-18 20:51:00
23,CAFE COffEE Day*ODR956613,40.0,food,2026-08-18 20:51:00
23,Ola,24.34,transport,2026-08-19 12:25:00
23,Ola,24.34,transport,2026-08-19 12:25:00
23,bOOKmYShoW/UPI/110263217,258.59,entertainment,2026-08-20 14:25:00
23,bOOmYShoW/UPI/110236217,258.59,entertainment,2026-08-20 14:25:00
23,Vi Prepaid*ORD660119,263.05,recharge,2026-08-23 09:15:00
23,UPI-RAHUL K-3551@okaxis,480.2,misc,2026-08-23 15:50:00
23,Cafe Coffee Day,150.33,food,2026-08-23 23:22:00
24,pRime vIDEo,186.46,entertainment,2026-04-01 06:24:00
24,pRime vIDEo,186.46,entertainment,2026-04-01 06:24:00
24,pg rENT PA,6057.78,rent,2026-04-02 12:07:00
24,WIFI BILL,300.75,recharge,2026-04-02 16:14:00
24,Jio Recharge,101.11,recharge,2026-04-02 22:52:00
24,LANDLorD TRansfEr TXN58740,6578.31,rent,2026-04-03 08:08:00
24,UPI-UNKNOWN UPI-4366@okaxis,446.7,misc,2026-04-03 10:18:00
24,ajio,623.75,shopping,2026-04-03 10:37:00
24,LANDLORD TRANSFER,9118.04,rent,2026-04-03 18:41:00
24,Lanldord Transfe,6138.88,food,2026-04-03 21:17:00
24,ZOMATO,461.1,food,2026-04-03 21:36:00
24,OZMTO,461.1,food,2026-04-03 21:36:00
24,SwigGY*ORD847028,135.46,food,2026-04-04 18:14:00
24,doMInoS TXN,183.35,food,2026-04-04 19:08:00
24,LanDLORd TRanSFEr,7869.02,rent,2026-04-05 13:31:00
24,LanDLORd TRnaSEr,7869.02,rent,2026-04-05 13:31:00
24,PRIME VIDEO REF84,151.43,entertainment,2026-04-05 18:39:00
24,UPI-MESS SECRETARY-6687@okaxis,50.0,misc,2026-04-05 20:17:00
24,JIO RECHARGE,264.84,recharge,2026-04-05 22:57:00
24,UPI-MESS SECRETARY-6593@okaxis,50.0,misc,2026-04-07 09:48:00
24,College Fee Port,50.0,education,2026-04-08 06:28:00
24,Bookmyshow,333.43,entertainment,2026-04-10 12:05:00
24,CAFE COFFEE DAY REF3211,49.93,food,2026-04-11 23:07:00
24,CAFE COFFEE DAY RFE3211,49.93,food,2026-04-11 23:07:00
24,Exam Fee Payment*ORD403658,412.25,education,2026-04-15 08:36:00
24,rapiDo/UPI/942656589,20.0,transport,2026-04-16 10:47:00
24,PRIME VIDEO/,158.27,entertainment,2026-04-18 15:45:00
24,FLIPKART REF4453,717.93,shopping,2026-04-18 19:04:00
24,FLIKPART RF4453,717.93,shopping,2026-04-18 19:04:00
24,RaPidO REF8264,122.33,transport,2026-04-18 21:15:00
24,UPI-RAHUL K-8348@okaxis,292.84,misc,2026-04-21 23:04:00
24,MeSs fee,112.61,food,2026-04-22 12:31:00
24,dOminoS TXN47974,157.29,food,2026-04-23 09:38:00
24,UPI-PRIYA S-3568@okaxis,146.45,misc,2026-04-23 10:12:00
24,UPI-RAHUL K-2268@okaxis,380.91,misc,2026-04-25 12:39:00
24,MeSs Fee/UPI/621828981,159.26,food,2026-04-28 19:20:00
24,MeSs Fee/UPI/621828981,159.26,food,2026-04-28 19:20:00
24,VI prEPAiD*ORD182005,415.48,rent,2026-05-01 18:21:00
24,VI prEPAiDOR1D82005,415.48,rent,2026-05-01 18:21:00
24,MYNTRA,719.75,shopping,2026-05-01 23:28:00
24,MYTNA,719.75,shopping,2026-05-01 23:28:00
24,COURSERA TXN42777,417.51,education,2026-05-02 17:37:00
24,Prime Vide,132.17,entertainment,2026-05-02 17:52:00
24,PrimeV ide,132.17,entertainment,2026-05-02 17:52:00
24,Ajio*ORD209411,390.67,shopping,2026-05-03 06:33:00
24,Ajio*ROD20411,390.67,shopping,2026-05-03 06:33:00
24,Meesho,596.9,shopping,2026-05-03 10:11:00
24,MeSs fEe*OR,414.74,food,2026-05-03 11:03:00
24,JIO ReCHarGE,215.4,recharge,2026-05-03 11:47:00
24,SWIGGY INSTAMART,40.0,food,2026-05-03 12:29:00
24,SWIGGGY ISTAMART,40.0,food,2026-05-03 12:29:00
24,HOSTEL FEe,7307.61,rent,2026-05-03 13:10:00
24,HOSTEL FEe,7307.61,rent,2026-05-03 13:10:00
24,LANDLORd TR,7205.12,rent,2026-05-03 13:56:00
24,ALNDLORd TR,7205.12,rent,2026-05-03 13:56:00
24,ZOMATO,40.0,recharge,2026-05-03 16:48:00
24,HOsteL FEe REF3769,8765.78,rent,2026-05-03 17:09:00
24,HOsteL FE eREF3769,8765.78,rent,2026-05-03 17:09:00
24,Wifi Bill,225.36,recharge,2026-05-03 21:18:00
24,Pg renT paYMenT/UPI/274658358,4000.0,rent,2026-05-03 22:52:00
24,AMAZNO,100.0,shopping,2026-05-04 14:52:00
24,PRINTOUT SHOP REF3827,50.0,education,2026-05-04 18:12:00
24,PRINTOUT SHOP RF3827,50.0,education,2026-05-04 18:12:00
24,Pg rent paYmeNT,4564.93,rent,2026-05-04 20:15:00
24,Hostel Fee,9728.35,rent,2026-05-04 21:58:00
24,Hostl Fee,9728.35,rent,2026-05-04 21:58:00
24,lAndLord TR,6458.49,rent,2026-05-05 06:41:00
24,lAndLord TR,6458.49,rent,2026-05-05 06:41:00
24,aIRTEl PrEPAId*ORD550146,354.64,recharge,2026-05-05 09:35:00
24,aITREl PrEAIId*ORD550146,354.64,recharge,2026-05-05 09:35:00
24,UDEMY,186.42,education,2026-05-05 13:43:00
24,UDEYYM,186.42,education,2026-05-05 13:43:00
24,pG reNt pAYMEnT TXN13549,6880.14,rent,2026-05-05 16:33:00
24,pG reN tpAYMEnT TXN135449,6880.14,rent,2026-05-05 16:33:00
24,aJiO REF1837,507.58,shopping,2026-05-05 16:58:00
24,UPI-MESS SECRETARY-1049@okaxis,407.44,misc,2026-05-05 23:18:00
24,MYNTRA,1076.6,shopping,2026-05-06 06:51:00
24,Wifi Bill,124.59,rent,2026-05-06 08:05:00
24,Wifi  Blil,124.59,rent,2026-05-06 08:05:00
24,AMAZON*ORD733755,325.32,shopping,2026-05-06 21:48:00
24,AMAZON*ORD73755,325.32,shopping,2026-05-06 21:48:00
24,AJio*ORD82885,905.06,shopping,2026-05-06 21:57:00
24,AJio*ORD82885,905.06,shopping,2026-05-06 21:57:00
24,cafE cOffeE dAY*ORD688371,192.59,food,2026-05-07 10:50:00
24,AIRTeL pREPAid T,655.45,recharge,2026-05-07 20:18:00
24,Coursera,50.0,education,2026-05-07 20:42:00
24,Coursera REF9890,671.24,education,2026-05-08 12:12:00
24,Couursera REF9890,671.24,education,2026-05-08 12:12:00
24,UPI-ROOMMATE SPLIT-2480@okaxis,1139.29,misc,2026-05-09 08:34:00
24,fliPKaRT*ORD627519,159.34,entertainment,2026-05-09 18:30:00
24,fliPKaR*TORD6275119,159.34,entertainment,2026-05-09 18:30:00
24,UPI-MESS SECRETARY-5379@okaxis,50.0,misc,2026-05-09 19:31:00
24,UPI-ROOMMATE SPLIT-7104@okaxis,337.85,misc,2026-05-10 09:23:00
24,Printout Shop,818.78,education,2026-05-10 21:42:00
24,Amazon,2199.15,shopping,2026-05-11 11:20:00
24,pirME ViDeO,273.97,entertainment,2026-05-11 19:03:00
24,UPI-ROOMMATE SPLIT-8258@okaxis,573.67,misc,2026-05-12 15:45:00
24,UPI-ROOMMATE SPLIT-8777@okaxis,536.45,misc,2026-05-12 18:24:00
24,Airtel Prep,533.27,recharge,2026-05-13 07:44:00
24,Airtel Prepai,282.84,transport,2026-05-13 22:21:00
24,Airte Prepai,282.84,transport,2026-05-13 22:21:00
24,Meesho,797.62,shopping,2026-05-15 15:18:00
24,UPI-FRIEND REPAYMENT-1985@okaxis,50.0,misc,2026-05-15 15:35:00
24,OLA REF2843,24.93,transport,2026-05-15 21:11:00
24,MESS FEE,47.37,food,2026-05-15 21:47:00
24,MESS FEE,47.37,food,2026-05-15 21:47:00
24,FlIpKaRT TXN75137,664.72,shopping,2026-05-16 07:18:00
24,jiO rechaRGE,123.73,recharge,2026-05-16 10:30:00
24,jiOO rcehaRGE,123.73,recharge,2026-05-16 10:30:00
24,Netflix,118.42,entertainment,2026-05-16 21:44:00
24,eNtflix,118.42,entertainment,2026-05-16 21:44:00
24,Mess FEE REF8944,40.0,food,2026-05-17 08:28:00
24,Mess FEE FFE8944,40.0,food,2026-05-17 08:28:00
24,mEEsOh*ORD268288,484.28,shopping,2026-05-17 09:08:00
24,Jio RECHarGE,466.29,recharge,2026-05-17 13:21:00
24,AJIO*ORD802,703.6,shopping,2026-05-18 09:58:00
24,AJIO*ORD802,703.6,shopping,2026-05-18 09:58:00
24,prImE vIDeo TXN35654,144.26,entertainment,2026-05-19 06:51:00
24,UPI-RAHUL K-7068@okaxis,1076.9,misc,2026-05-19 08:37:00
24,WIFI BILL REF668,296.2,recharge,2026-05-19 12:07:00
24,UPI-MESS SECRETARY-5120@okaxis,50.0,misc,2026-05-19 17:41:00
24,Meesho,520.91,shopping,2026-05-19 20:39:00
24,UPI-RAHUL K-5385@okaxis,257.21,misc,2026-05-20 16:08:00
24,UPI-ROOMMATE SPLIT-6723@okaxis,244.77,misc,2026-05-20 23:50:00
24,Swiggy,213.66,food,2026-05-21 17:31:00
24,UPI-MESS SECRETARY-1810@okaxis,50.0,misc,2026-05-21 20:30:00
24,UPI-MESS SECRETARY-5276@okaxis,482.93,misc,2026-05-22 13:22:00
24,UPI-FRIEND REPAYMENT-7070@okaxis,313.49,misc,2026-05-23 15:40:00
24,UPI-ROOMMATE SPLIT-6276@okaxis,193.9,misc,2026-05-23 18:27:00
24,IRCTc TXN55716,218.45,transport,2026-05-24 15:45:00
24,UPI-ROOMMATE SPLIT-8899@okaxis,370.46,misc,2026-05-24 23:29:00
24,UPI-UNKNOWN UPI-9613@okaxis,50.0,misc,2026-05-25 08:08:00
24,AJIO/UPI/79800,908.32,shopping,2026-05-25 19:06:00
24,domINOs TXN91491,261.64,recharge,2026-05-26 06:30:00
24,domINOs TXN91491,261.64,recharge,2026-05-26 06:30:00
24,Petrol Pum,20.0,transport,2026-06-01 21:05:00
24,Amazon*ORD828,590.19,shopping,2026-06-02 08:32:00
24,PG RENT PAYMENT,5345.22,rent,2026-06-02 10:40:00
24,Pg Rent Payment REF5481,6369.96,rent,2026-06-02 18:06:00
24,Swiggy Instamart*ORD968071,63.92,food,2026-06-04 10:16:00
24,Landlord Transfer,8230.83,rent,2026-06-04 17:57:00
24,Hostel Fee TXN57228,7276.46,rent,2026-06-04 21:08:00
24,jIO rEchaRgE,99.0,recharge,2026-06-05 12:31:00
24,UPI-RAHUL K-8445@okaxis,50.0,misc,2026-06-06 15:33:00
24,amaZON,667.19,shopping,2026-06-06 23:36:00
24,yMntra REF338,595.49,shopping,2026-06-08 20:08:00
24,yMntra REF338,595.49,shopping,2026-06-08 20:08:00
24,Myntra,1331.07,shopping,2026-06-09 18:24:00
24,UPI-RAHUL K-6837@okaxis,50.0,misc,2026-06-11 10:23:00
24,Exam Fee Payment TXN40081,615.01,education,2026-06-12 12:05:00
24,courSEra TXN57061,50.0,education,2026-06-14 19:52:00
24,courSEa TNX570661,50.0,education,2026-06-14 19:52:00
24,Namma Metr,78.37,transport,2026-06-15 19:25:00
24,UPI-FRIEND REPAYMENT-5398@okaxis,50.0,misc,2026-06-16 14:23:00
24,Flipkart,730.29,shopping,2026-06-17 06:05:00
24,Vi Prepaid*ORD338990,99.0,recharge,2026-06-19 21:04:00
24,Vi Prepadi*ORD338990,99.0,recharge,2026-06-19 21:04:00
24,MeEshO,531.78,shopping,2026-06-22 12:10:00
24,UPI-PRIYA S-7667@okaxis,50.0,misc,2026-06-22 23:35:00
24,Cafe Coffee Da,387.57,food,2026-06-23 23:13:00
24,Cafe Cofeee aD,387.57,food,2026-06-23 23:13:00
24,UPI-ROOMMATE SPLIT-8847@okaxis,588.4,misc,2026-06-24 21:40:00
24,UPI-FRIEND REPAYMENT-7671@okaxis,1470.91,misc,2026-06-26 11:33:00
24,Jio Recharge*ORD337542,466.66,recharge,2026-06-27 13:55:00
24,UPI-ROOMMATE SPLIT-1580@okaxis,81.93,misc,2026-06-27 19:29:00
24,WIFI BILL,161.31,recharge,2026-06-28 08:03:00
24,WII BILL,161.31,recharge,2026-06-28 08:03:00
24,UPI-MESS SECRETARY-7261@okaxis,702.69,misc,2026-07-01 17:25:00
24,UBER TXN64581,113.88,transport,2026-07-02 08:14:00
24,Bookmyshow,122.02,entertainment,2026-07-02 09:20:00
24,Swiggy,305.73,food,2026-07-03 06:01:00
24,Siggy,305.73,food,2026-07-03 06:01:00
24,PRINTOUT SHOP,50.0,education,2026-07-03 07:20:00
24,UPI-MESS SECRETARY-7971@okaxis,50.0,misc,2026-07-03 09:32:00
24,AJIO/UPI/451044629,301.14,shopping,2026-07-03 16:51:00
24,Swiggy/UPI/749088189,154.17,food,2026-07-03 17:41:00
24,Swiggy/UPI/749808189,154.17,food,2026-07-03 17:41:00
24,ParkIng FeE REF9253,299.21,entertainment,2026-07-03 18:22:00
24,ParkIng FeE REF9253,299.21,entertainment,2026-07-03 18:22:00
24,Vi Prepaid TXN26373,127.39,recharge,2026-07-03 20:47:00
24,lANDLOrD TranSfeR REF976,7540.55,rent,2026-07-03 22:43:00
24,Pg Rent Payment,5529.91,rent,2026-07-04 07:29:00
24,Hostel eFe TXN36486,6046.69,rent,2026-07-04 09:15:00
24,Hstel eFe TXN36486,6046.69,rent,2026-07-04 09:15:00
24,UPI-PRIYA S-2659@okaxis,480.39,misc,2026-07-04 20:34:00
24,AmaZon/UPI/712193578,482.6,shopping,2026-07-04 22:24:00
24,AmaZon/PI/712193578,482.6,shopping,2026-07-04 22:24:00
24,UPI-UNKNOWN UPI-5660@okaxis,208.91,misc,2026-07-05 11:56:00
24,LAnDLorD tRAnsfEr,8906.6,transport,2026-07-05 13:43:00
24,Hostel Fee*ORD167049,5634.03,rent,2026-07-05 18:46:00
24,Hostel Fee*ODR167049,5634.03,rent,2026-07-05 18:46:00
24,CAMPUS CANTEEN TXN28688,40.0,food,2026-07-05 20:24:00
24,LANDLORD TRANSFER,7312.48,rent,2026-07-05 22:15:00
24,LADNLORD RANSFFER,7312.48,rent,2026-07-05 22:15:00
24,uDEmy,50.0,education,2026-07-06 06:29:00
24,cafe COfFEe DaY/UPI/457438761,40.0,food,2026-07-06 06:56:00
24,EXAM FEE PAYMENT,50.0,education,2026-07-07 13:33:00
24,VI PrepaID,99.0,recharge,2026-07-07 20:07:00
24,VIPerpaID,99.0,recharge,2026-07-07 20:07:00
24,WIFI BILL/UPI/280359419,298.19,recharge,2026-07-08 18:37:00
24,Myntra REF5544,100.0,shopping,2026-07-09 06:02:00
24,Myntr REF5544,100.0,shopping,2026-07-09 06:02:00
24,CAFE COFFEE DAY TXN47957,83.0,food,2026-07-09 09:54:00
24,CAFE COFFEE AY TXN47957,83.0,food,2026-07-09 09:54:00
24,BOOKMYSHOW*ORD50199,81.98,entertainment,2026-07-10 08:32:00
24,Ola Auto/UPI/403796349,297.36,transport,2026-07-10 19:36:00
24,AIRTEL PREPAID/UPI/892449483,307.12,recharge,2026-07-10 19:57:00
24,meSS fEE*ORD420181,254.04,food,2026-07-10 21:51:00
24,meSS fEEE*ORD420181,254.04,food,2026-07-10 21:51:00
24,CourseRa*ORD702550,50.0,education,2026-07-11 15:01:00
24,Amazon TXN39086,350.09,shopping,2026-07-11 19:41:00
24,MESS FEE,140.84,food,2026-07-12 07:50:00
24,Udemy REF2541,803.38,education,2026-07-14 16:16:00
24,ajiO,366.65,shopping,2026-07-14 17:31:00
24,ajiOO,366.65,shopping,2026-07-14 17:31:00
24,Meesho*ORD210431,321.43,shopping,2026-07-15 19:28:00
24,UPI-PRIYA S-6469@okaxis,50.0,misc,2026-07-18 16:42:00
24,Coursera,50.0,education,2026-07-20 17:21:00
24,Coursera,50.0,education,2026-07-20 17:21:00
24,Campus Canteen,40.0,food,2026-07-21 09:29:00
24,UPI-PRIYA S-9312@okaxis,159.69,misc,2026-07-22 09:12:00
24,courserA/UPI/190015567,50.0,education,2026-07-22 17:34:00
24,iRctc TXN58040,74.23,transport,2026-07-23 16:00:00
24,iRctc TXN58040,74.23,transport,2026-07-23 16:00:00
24,PRINTOUT SHOP REF4637,1403.36,education,2026-07-24 10:00:00
24,PRINTOUT SHOP/UPI/171165588,1235.47,education,2026-07-25 20:00:00
24,PRINTOUT SHOP/UIP/1711655888,1235.47,education,2026-07-25 20:00:00
24,UPI-ROOMMATE SPLIT-9934@okaxis,586.2,misc,2026-07-26 12:31:00
24,Swiggy Instam,147.47,transport,2026-07-27 15:19:00
24,DOMINOS TXN14773,40.0,food,2026-08-01 17:40:00
24,DOMMINOS TXN14773,40.0,food,2026-08-01 17:40:00
24,PRIme ViDeo REF,144.76,entertainment,2026-08-01 21:13:00
24,mesS FeE,210.17,food,2026-08-03 14:36:00
24,Hostel Fee TXN44233,8196.78,shopping,2026-08-04 06:34:00
24,Hostel Fee TXN44233,8196.78,shopping,2026-08-04 06:34:00
24,UPI-ROOMMATE SPLIT-1295@okaxis,461.31,misc,2026-08-04 15:35:00
24,cAMpusC ANteEn,372.85,food,2026-08-04 20:06:00
24,Swiggy Instamart,40.0,food,2026-08-04 22:23:00
24,SpOTiFy REF4767,368.64,entertainment,2026-08-05 06:47:00
24,SpOTiFy RE4767,368.64,entertainment,2026-08-05 06:47:00
24,AIRTLE PREPAID,346.88,recharge,2026-08-05 08:25:00
24,AIRTL EPPREPAID,346.88,recharge,2026-08-05 08:25:00
24,Myntra*ORD451817,1485.67,shopping,2026-08-05 09:47:00
24,Mynttra*OR458117,1485.67,shopping,2026-08-05 09:47:00
24,LANDLORD TRANSFER REF2439,4189.84,rent,2026-08-05 10:40:00
24,LANDLORD TRANSFER REF2439,4189.84,rent,2026-08-05 10:40:00
24,COlLege fEE PORtal*ORD126604,449.19,education,2026-08-06 09:52:00
24,COlLege fEE PORtal*ORD126604,449.19,education,2026-08-06 09:52:00
24,NetFlIx/UPI/286145868,166.99,entertainment,2026-08-07 13:27:00
24,SWIGGY TXN667,225.26,food,2026-08-07 15:07:00
24,NeTfLiX,255.86,entertainment,2026-08-07 21:34:00
24,METRo CaRD RechArge*ORD456774,20.0,transport,2026-08-10 06:14:00
24,METRo aCRD RechArge*OR456774,20.0,transport,2026-08-10 06:14:00
24,pSotify*ORD603031,240.91,entertainment,2026-08-10 07:49:00
24,pSotify*ORD60331,240.91,entertainment,2026-08-10 07:49:00
24,PRIME VIDEO TXN2179,79.0,entertainment,2026-08-12 18:28:00
24,UPI-UNKNOWN UPI-6084@okaxis,366.66,misc,2026-08-12 19:33:00
24,Printout Shop REF4439,496.78,education,2026-08-14 08:46:00
24,Printout Shop REF4439,496.78,education,2026-08-14 08:46:00
24,EXAM FeE paYMent REF1770,50.0,education,2026-08-15 13:45:00
24,RAPIDO TXN917,128.86,transport,2026-08-17 13:06:00
24,RPIDOO TXN917,128.86,transport,2026-08-17 13:06:00
24,DOMINOS/UPI/252966155,371.41,food,2026-08-18 12:11:00
24,UPI-UNKNOWN UPI-8578@okaxis,568.96,misc,2026-08-18 14:01:00
24,CAMPUS CANTEEN*ORD582541,368.42,rent,2026-08-19 07:44:00
24,amaZON/UPI/885518675,199.31,shopping,2026-08-19 12:23:00
24,CoUrseRa REF4757,1151.37,education,2026-08-20 22:59:00
24,CoUrseRa REF4757,1151.37,education,2026-08-20 22:59:00
24,EXAM FEE PAYMENT REF3506,50.0,education,2026-08-21 10:07:00
24,CAFE COFFEE DAY*ORD,198.72,food,2026-08-21 23:43:00
24,UPI-PRIYA S-4570@okaxis,772.4,misc,2026-08-22 18:36:00
24,COURSERA,786.47,education,2026-08-24 17:59:00
24,UPI-MESS SECRETARY-5975@okaxis,50.0,misc,2026-08-24 22:30:00
24,Ola TXN92781,103.44,transport,2026-08-25 14:35:00
24,swIggY inSTAMART,94.88,food,2026-08-26 14:12:00
25,UPI-RAHUL K-8093@okaxis,512.36,misc,2026-04-01 08:37:00
25,OLa aUto TXN64121,350.81,transport,2026-04-01 10:27:00
25,UPI-RAHUL K-3195@okaxis,50.0,misc,2026-04-02 11:07:00
25,Pg Rent Payment,8157.1,rent,2026-04-02 16:10:00
25,Swiggy,40.0,food,2026-04-03 13:59:00
25,Swiggy,40.0,food,2026-04-03 13:59:00
25,pg rent paymeNt TX,7739.33,rent,2026-04-03 16:14:00
25,pg ernt paymeNt TX,7739.33,rent,2026-04-03 16:14:00
25,LANDLORD TRANSFER,4683.35,rent,2026-04-03 19:32:00
25,LANDLORD TRANSFER,4683.35,rent,2026-04-03 19:32:00
25,Ajio/UPI/702204955,1263.52,shopping,2026-04-04 06:41:00
25,PG RenT PaYmEnT TXN38710,5018.68,rent,2026-04-05 06:32:00
25,lanDLORD TrAnSFer/UPI/136927943,7001.66,rent,2026-04-05 19:15:00
25,AIRTEL PREPAID/UPI/208898392,159.83,recharge,2026-04-05 21:55:00
25,AIRTEL PREPAID/UPI/208898392,159.83,recharge,2026-04-05 21:55:00
25,uBEr mOTo*OR,203.01,transport,2026-04-06 17:26:00
25,uBEr mOTo*OR,203.01,transport,2026-04-06 17:26:00
25,DOMINOS,234.41,food,2026-04-07 22:34:00
25,DDOMIONS,234.41,food,2026-04-07 22:34:00
25,pRInToUT SHOP,50.0,education,2026-04-08 15:29:00
25,RppInToUT HOP,50.0,education,2026-04-08 15:29:00
25,UPI-FRIEND REPAYMENT-4259@okaxis,250.75,misc,2026-04-09 20:46:00
25,EXAM FEE PAYMENT*ORD458599,50.0,education,2026-04-10 07:52:00
25,EXAM FEE PAYMENT*ORD458599,50.0,education,2026-04-10 07:52:00
25,UPI-ROOMMATE SPLIT-9417@okaxis,541.03,misc,2026-04-10 16:55:00
25,UPI-FRIEND REPAYMENT-6251@okaxis,643.26,misc,2026-04-12 21:45:00
25,Jio Recharge*ORD432457,375.04,recharge,2026-04-12 21:56:00
25,Jio Rechage*ORD432457,375.04,recharge,2026-04-12 21:56:00
25,UDMEY/UPI/6021,415.23,education,2026-04-14 12:23:00
25,AMAZON TXN68017,1765.75,shopping,2026-04-16 20:45:00
25,College Fee Portal*ORD762420,481.96,education,2026-04-16 21:14:00
25,College Fee Potal*ORDD762420,481.96,education,2026-04-16 21:14:00
25,Myntra REF3199,100.0,shopping,2026-04-22 21:04:00
25,UPI-PRIYA S-1525@okaxis,623.84,misc,2026-04-23 11:23:00
25,WIFI BILL TXN59130,424.89,education,2026-04-26 07:57:00
25,WIF IBIL TXN59130,424.89,education,2026-04-26 07:57:00
25,Myntra,1272.28,shopping,2026-04-26 15:08:00
25,Myytra,1272.28,shopping,2026-04-26 15:08:00
25,FLIPKART REF6970,489.42,education,2026-05-01 06:22:00
25,Cafe Coffee Day,224.88,recharge,2026-05-01 07:31:00
25,AJIO REF1781,992.93,shopping,2026-05-01 11:43:00
25,ExAM fEE pAyMent/UPI/701315563,234.93,education,2026-05-01 15:26:00
25,ExAM fEE pAyMent/UPI/701135563,234.93,education,2026-05-01 15:26:00
25,bookmYShow,251.85,entertainment,2026-05-02 14:01:00
25,Flipkart,100.0,shopping,2026-05-02 15:02:00
25,Flipart,100.0,shopping,2026-05-02 15:02:00
25,Landlord Transfer,6778.99,rent,2026-05-02 18:21:00
25,Swiggy,411.53,food,2026-05-02 21:17:00
25,Swigy,411.53,food,2026-05-02 21:17:00
25,pg rENt payment,8445.89,rent,2026-05-02 22:55:00
25,Landlord Transfer/UPI/302647012,7291.5,rent,2026-05-03 06:21:00
25,SWIGGY INSTAMART REF6740,339.16,food,2026-05-03 10:23:00
25,SWIGGY INSTAMART,285.51,food,2026-05-03 17:56:00
25,SWIIGY INSTAMART,285.51,food,2026-05-03 17:56:00
25,Myntra TXN49924,1068.58,shopping,2026-05-03 21:18:00
25,MyntraT XN49924,1068.58,shopping,2026-05-03 21:18:00
25,CaFe cOFFeE daY REF4858,56.16,food,2026-05-03 21:21:00
25,hostel feE TXN46336,7359.79,rent,2026-05-04 12:23:00
25,pARkInG FEe/UPI/125915432,267.09,transport,2026-05-04 20:47:00
25,lANdloRd tra,5502.34,rent,2026-05-04 21:11:00
25,PG RENT PAYMNET REF4987,10267.84,shopping,2026-05-05 09:16:00
25,LANDLODR TRANSFER,7729.46,rent,2026-05-05 12:50:00
25,LADNLODR TRANSFER,7729.46,rent,2026-05-05 12:50:00
25,Namma Metr,124.3,transport,2026-05-05 20:05:00
25,PG RENT PAYMENT,9434.89,rent,2026-05-05 20:26:00
25,EXAM FEE PAYMENT,50.0,shopping,2026-05-06 09:26:00
25,EXAM FE EPAAYMENT,50.0,shopping,2026-05-06 09:26:00
25,COURSERA,722.66,education,2026-05-06 18:47:00
25,AJIO,231.45,shopping,2026-05-06 22:15:00
25,DOMINOS REF6096,507.53,food,2026-05-07 16:48:00
25,Flipkart,100.0,shopping,2026-05-07 18:12:00
25,CamPus cANteEN TXN30045,514.74,food,2026-05-08 11:02:00
25,Jio Recharge,548.71,recharge,2026-05-08 15:44:00
25,Ajio*ORD125415,650.38,shopping,2026-05-08 18:34:00
25,NAMMA METRO*ORD207,296.86,transport,2026-05-08 19:31:00
25,VI PrepaId,308.94,recharge,2026-05-08 20:39:00
25,VI PrpeaId,308.94,recharge,2026-05-08 20:39:00
25,UPI-UNKNOWN UPI-3227@okaxis,507.52,misc,2026-05-09 10:26:00
25,zoMATo,49.56,food,2026-05-09 13:12:00
25,Uber Moto REF4294,78.93,transport,2026-05-09 19:18:00
25,Uber Mot REF4294,78.93,transport,2026-05-09 19:18:00
25,zOMato,106.24,food,2026-05-09 23:47:00
25,pRIME ViDEO,209.94,entertainment,2026-05-10 14:39:00
25,cAFE coFfEE DAy,40.0,food,2026-05-11 14:02:00
25,AJIO,1220.03,shopping,2026-05-11 15:56:00
25,Dominos,157.61,food,2026-05-12 09:56:00
25,Ola,190.55,transport,2026-05-13 11:58:00
25,Ola,190.55,transport,2026-05-13 11:58:00
25,UPI-PRIYA S-3642@okaxis,645.41,misc,2026-05-13 12:58:00
25,mEEsho REF2,620.64,shopping,2026-05-13 23:38:00
25,Hotstar,273.46,entertainment,2026-05-14 17:52:00
25,Htostar,273.46,entertainment,2026-05-14 17:52:00
25,eXAM fEE paYmeNt,639.54,education,2026-05-14 23:42:00
25,eAM fEE paYmeNt,639.54,education,2026-05-14 23:42:00
25,NETFLIX*ORD407520,79.0,entertainment,2026-05-15 14:11:00
25,cAFe cofFEe DaY REF3,381.37,food,2026-05-15 22:30:00
25,cAFe cfFEe DaY REF3,381.37,food,2026-05-15 22:30:00
25,UPI-MESS SECRETARY-1332@okaxis,50.0,misc,2026-05-15 23:06:00
25,Spotify,344.13,entertainment,2026-05-16 09:51:00
25,uDEMy*ORD553090,163.61,education,2026-05-17 11:42:00
25,SWIGGY,64.03,food,2026-05-17 21:44:00
25,SWIGGGY,64.03,food,2026-05-17 21:44:00
25,udemy TXN95496,583.83,education,2026-05-17 22:22:00
25,Mess Fee REF4952,237.63,food,2026-05-17 22:54:00
25,irCtc TXN5,84.24,transport,2026-05-18 07:40:00
25,iCrtc TXN5,84.24,transport,2026-05-18 07:40:00
25,CouRSeRA,1895.31,education,2026-05-18 08:14:00
25,CouRSeRA,1895.31,education,2026-05-18 08:14:00
25,bOOKmyShoW,84.21,entertainment,2026-05-19 19:07:00
25,UPI-FRIEND REPAYMENT-1793@okaxis,172.9,misc,2026-05-21 15:11:00
25,EXAM FEE PAY,660.96,education,2026-05-23 10:59:00
25,PRINTOUT SHOP/UPI/997977812,424.55,education,2026-05-23 13:47:00
25,NAMmA METRO,74.29,transport,2026-05-23 14:51:00
25,aiRtEl pRePaiD,287.42,recharge,2026-05-23 17:12:00
25,UPI-MESS SECRETARY-4082@okaxis,368.59,misc,2026-05-23 18:57:00
25,Aritel Prepaid,488.56,recharge,2026-05-23 23:19:00
25,Aritl  Preapid,488.56,recharge,2026-05-23 23:19:00
25,Spotify*ORD721553,247.05,entertainment,2026-05-24 08:13:00
25,Jio Recharge/UPI/131041682,164.63,recharge,2026-05-24 19:55:00
25,Jio echareg/UPI/1310416822,164.63,recharge,2026-05-24 19:55:00
25,AJIOR EF9276,873.27,shopping,2026-05-26 14:35:00
25,AJIOR EF9276,873.27,shopping,2026-05-26 14:35:00
25,NETFLIx REF1924,428.0,entertainment,2026-05-27 20:18:00
25,oLa,36.95,transport,2026-05-28 08:41:00
25,oLa,36.95,transport,2026-05-28 08:41:00
25,HOSTEL FEE,8230.35,rent,2026-06-03 06:29:00
25,HOSTEL FEE,8230.35,rent,2026-06-03 06:29:00
25,Printout Shop TXN51206,150.14,education,2026-06-03 07:48:00
25,Pintout Shoop TX5N1206,150.14,education,2026-06-03 07:48:00
25,WIFi bILl,196.59,recharge,2026-06-03 18:43:00
25,LANDLORD TRANSFER TXN97593,4457.54,rent,2026-06-03 21:11:00
25,LANDLORRD TRANSFER TXN97593,4457.54,rent,2026-06-03 21:11:00
25,UPI-FRIEND REPAYMENT-5529@okaxis,708.01,misc,2026-06-03 23:02:00
25,LANdloRD trAnsFEr TXN27433,8293.82,rent,2026-06-04 10:46:00
25,LanDLoRd transFEr*ORD694815,8431.13,rent,2026-06-04 15:59:00
25,HOStel FEe TXN48785,8225.96,rent,2026-06-05 09:08:00
25,LANDLORD TARNSFER RE,8827.72,rent,2026-06-05 12:50:00
25,PARKING FEE,20.0,transport,2026-06-06 06:03:00
25,UPI-MESS SECRETARY-8623@okaxis,913.15,misc,2026-06-06 14:18:00
25,Vi PrEpAid,580.3,recharge,2026-06-09 14:27:00
25,Bookmyshow/UPI/2,190.4,entertainment,2026-06-09 20:57:00
25,DOMINOS,40.0,food,2026-06-11 20:27:00
25,UPI-UNKNOWN UPI-2007@okaxis,50.0,misc,2026-06-11 21:28:00
25,Hotstar*ORD109875,79.0,entertainment,2026-06-12 17:42:00
25,Hotsstar*ORD108975,79.0,entertainment,2026-06-12 17:42:00
25,MEESHO,901.25,shopping,2026-06-15 10:13:00
25,MEESHO,901.25,shopping,2026-06-15 10:13:00
25,UPI-RAHUL K-7824@okaxis,850.87,misc,2026-06-16 09:37:00
25,DOMINOS,236.32,food,2026-06-16 23:23:00
25,DOIMNOS,236.32,food,2026-06-16 23:23:00
25,UBER,20.0,rent,2026-06-17 08:42:00
25,UBEER,20.0,rent,2026-06-17 08:42:00
25,NETFLIX,79.0,entertainment,2026-06-17 21:33:00
25,COLleGE FEe POrTAl*,465.74,education,2026-06-17 21:34:00
25,COLleGE FEe POOrTAl*,465.74,education,2026-06-17 21:34:00
25,Swiggy,370.01,food,2026-06-20 08:35:00
25,UPI-MESS SECRETARY-4728@okaxis,300.79,misc,2026-06-23 09:34:00
25,oLA aUTO*ORD935441,79.55,transport,2026-06-26 08:41:00
25,oLA aUTTO*ORD935441,79.55,transport,2026-06-26 08:41:00
25,UPI-MESS SECRETARY-7024@okaxis,50.0,misc,2026-06-26 13:31:00
25,aMAZoN,437.58,food,2026-06-27 10:54:00
25,aMAZN,437.58,food,2026-06-27 10:54:00
25,Amazon,1083.59,shopping,2026-07-01 07:03:00
25,JIO RECHARGE REF3393,99.0,recharge,2026-07-01 10:43:00
25,Wifi Bill REF8384,360.74,recharge,2026-07-01 16:46:00
25,Hottsar,79.0,entertainment,2026-07-01 16:51:00
25,Dominos*ORD940647,169.16,food,2026-07-01 20:25:00
25,Dominos*ORD940647,169.16,food,2026-07-01 20:25:00
25,MEESHO TXN78014,938.23,shopping,2026-07-02 15:30:00
25,MEESHO TNX7804,938.23,shopping,2026-07-02 15:30:00
25,HOSTE LFEE REF5624,7480.32,rent,2026-07-02 18:37:00
25,PRINTOUT SHOP,50.0,education,2026-07-02 23:00:00
25,PRINTOUT SHOP,50.0,education,2026-07-02 23:00:00
25,Pg Rent Payment REF8429,4678.3,rent,2026-07-03 12:12:00
25,LADNLORD TR,6857.33,rent,2026-07-03 12:39:00
25,LANDLORD TR,6857.33,rent,2026-07-03 12:39:00
25,HOSTEL FEE*ORD993059,6500.44,rent,2026-07-03 13:39:00
25,LANDLORD TRANSFER*ORD213173,8831.94,rent,2026-07-03 13:45:00
25,LANDLORD TRANSFER*ORD213173,8831.94,rent,2026-07-03 13:45:00
25,priMe vIDeo,380.5,rent,2026-07-03 17:32:00
25,Pg Rent Payment,6534.41,rent,2026-07-03 23:28:00
25,Pg Rent Payment REF7025,7396.38,rent,2026-07-04 10:46:00
25,Landlord Transfer TXN9421,9322.96,rent,2026-07-04 16:03:00
25,udEMY REF84,538.37,education,2026-07-05 10:54:00
25,LANDLORD TRANSFER TXN76134,7200.94,rent,2026-07-05 17:26:00
25,LANDLORD TRANSFER TXN76134,7200.94,rent,2026-07-05 17:26:00
25,Uber Moto TXN50505,171.61,transport,2026-07-05 19:34:00
25,HOtSTAR,79.0,entertainment,2026-07-05 21:57:00
25,wifI BIll,284.96,recharge,2026-07-07 16:13:00
25,VI PREPAID/UPI/930404657,225.59,recharge,2026-07-07 19:41:00
25,VI PREPAID/UPI/9340046657,225.59,recharge,2026-07-07 19:41:00
25,Bookmyshow REF9111,79.0,entertainment,2026-07-07 19:50:00
25,OLA AUTO,155.92,transport,2026-07-07 21:10:00
25,OAL AUTO,155.92,transport,2026-07-07 21:10:00
25,Wifi Bill REF3127,264.03,recharge,2026-07-08 07:11:00
25,FLIPKART TXN47168,401.32,shopping,2026-07-08 08:25:00
25,PRINTOUT SHOP TXN93055,50.0,education,2026-07-09 20:26:00
25,PRINTUT HSOP TXN93055,50.0,education,2026-07-09 20:26:00
25,dOMinoS RE2F945,230.43,food,2026-07-10 11:10:00
25,WIfi bill,243.95,recharge,2026-07-12 16:49:00
25,WIfi ibll,243.95,recharge,2026-07-12 16:49:00
25,Parking Fee,236.69,transport,2026-07-13 16:36:00
25,UBER MOTO,106.17,transport,2026-07-14 21:31:00
25,Airtel Prepaid,361.8,recharge,2026-07-15 07:32:00
25,Prime Video/UPI/934289002,79.0,entertainment,2026-07-15 11:49:00
25,Prime Videoo/UPI/934289002,79.0,entertainment,2026-07-15 11:49:00
25,cAMPUS cANTEen,589.88,food,2026-07-15 15:36:00
25,UPI-RAHUL K-8250@okaxis,50.0,misc,2026-07-15 19:44:00
25,CaMpuS CANtEeN REF2992,430.04,food,2026-07-16 08:27:00
25,Zomato TXN45776,339.62,food,2026-07-16 16:12:00
25,Airtel Prepaid,119.32,recharge,2026-07-17 17:54:00
25,OLA TXN24872,436.56,transport,2026-07-17 20:29:00
25,JIO RECHARGE REF2580,263.12,recharge,2026-07-18 08:06:00
25,PRIME VIDEO REF378,436.1,entertainment,2026-07-18 17:08:00
25,PRIME VIDEO REF378,436.1,entertainment,2026-07-18 17:08:00
25,AIRTEL PREPAID TXN97282,260.82,recharge,2026-07-18 17:45:00
25,ZomATo*ORD747428,303.73,food,2026-07-18 22:18:00
25,ZomATo*ORD747428,303.73,food,2026-07-18 22:18:00
25,SWIGGY INSTAMART,267.77,food,2026-07-19 17:41:00
25,SWIGYG INSTAMART,267.77,food,2026-07-19 17:41:00
25,Myntra,513.53,shopping,2026-07-19 22:42:00
25,Prime Video*ORD2,207.75,entertainment,2026-07-20 06:41:00
25,NETfliX,247.91,entertainment,2026-07-20 15:46:00
25,NEfTliX,247.91,entertainment,2026-07-20 15:46:00
25,MYNTRA,1198.61,shopping,2026-07-20 18:15:00
25,UPI-ROOMMATE SPLIT-1270@okaxis,439.97,misc,2026-07-21 09:35:00
25,SWIGGY INSTAMART/UPI/266,363.59,food,2026-07-22 08:45:00
25,PriMe vIdEo,79.0,entertainment,2026-07-22 12:21:00
25,Prie vIdoE,79.0,entertainment,2026-07-22 12:21:00
25,MEeShO TXN67798,232.16,shopping,2026-07-25 10:43:00
25,Flipkart TXN17391,1170.48,shopping,2026-08-02 09:01:00
25,MyNtra REF4322,286.63,shopping,2026-08-02 10:00:00
25,MyNtra REF4322,286.63,shopping,2026-08-02 10:00:00
25,Jio Recharge REF244,232.83,recharge,2026-08-02 10:30:00
25,Ji Recharge REF244,232.83,recharge,2026-08-02 10:30:00
25,MEESHO,100.0,shopping,2026-08-02 22:09:00
25,EMESHO,100.0,shopping,2026-08-02 22:09:00
25,PG RENT PAYMENT/UPI/533966971,5453.46,rent,2026-08-03 12:08:00
25,AIRTEL PREPIAD/UPI/206164950,124.45,recharge,2026-08-03 15:25:00
25,laNDlOrD tRanSfER,6689.52,rent,2026-08-04 07:04:00
25,PG RENT PAYMENT/UPI/180860257,8233.53,rent,2026-08-05 14:29:00
25,HOtsTAR,79.0,entertainment,2026-08-06 11:29:00
25,HOtsTAR,79.0,entertainment,2026-08-06 11:29:00
25,Zomato TXN41807,94.65,food,2026-08-06 14:00:00
25,UPI-RAHUL K-2355@okaxis,359.1,misc,2026-08-09 20:30:00
25,Airtel Prepaid TXN74496,332.79,recharge,2026-08-10 08:40:00
25,zOmatO TXN53690,547.3,food,2026-08-11 07:43:00
25,BOOKMYSHOW/UPI/719985143,252.09,entertainment,2026-08-13 20:13:00
25,BOOKMYSHO/UPI/719985143,252.09,entertainment,2026-08-13 20:13:00
25,Petrol Pump/UPI/825884208,46.71,transport,2026-08-13 20:20:00
25,Petro lPPum/UPI/825884208,46.71,transport,2026-08-13 20:20:00
25,vI PrEPAid,198.39,recharge,2026-08-16 07:04:00
25,vI PrEPAid,198.39,recharge,2026-08-16 07:04:00
25,UPI-ROOMMATE SPLIT-5886@okaxis,912.13,misc,2026-08-17 10:21:00
25,UPI-MESS SECRETARY-1633@okaxis,50.0,misc,2026-08-19 21:04:00
25,REdbuS,214.1,transport,2026-08-22 06:30:00
25,UPI-MESS SECRETARY-7251@okaxis,384.15,misc,2026-08-23 09:19:00
25,UPI-PRIYA S-9474@okaxis,768.72,misc,2026-08-24 11:21:00
25,UPI-ROOMMATE SPLIT-8440@okaxis,50.0,misc,2026-08-25 15:41:00
25,MesS FEE,368.8,food,2026-08-26 13:54:00
25,MesS  FEE,368.8,food,2026-08-26 13:54:00
26,PG RENT PAYMENT,7095.47,recharge,2026-04-02 22:11:00
26,COuRsEra*ORD390673,50.0,education,2026-04-02 23:08:00
26,MESS FEET XN5,143.36,food,2026-04-03 06:30:00
26,MYNTRA*ORD273,1127.9,shopping,2026-04-03 23:38:00
26,AMAZON REF73,627.04,shopping,2026-04-03 23:46:00
26,domiNoS RE,429.73,food,2026-04-04 11:10:00
26,domiNoSRE,429.73,food,2026-04-04 11:10:00
26,Hotstar,282.5,entertainment,2026-04-04 13:36:00
26,Hotsar,282.5,entertainment,2026-04-04 13:36:00
26,hOTstAR,146.98,entertainment,2026-04-04 18:21:00
26,Landlord Trans,4783.58,rent,2026-04-05 16:55:00
26,Landlord Trans,4783.58,rent,2026-04-05 16:55:00
26,Hostel Fee,6442.33,rent,2026-04-05 22:43:00
26,DOMINOS TXN89469,262.27,food,2026-04-07 21:25:00
26,DOMINOS TXN889469,262.27,food,2026-04-07 21:25:00
26,Zomato,224.87,food,2026-04-08 06:00:00
26,JIO ReChaRgE,288.64,recharge,2026-04-08 21:50:00
26,UPI-FRIEND REPAYMENT-4299@okaxis,50.0,misc,2026-04-09 16:38:00
26,MEESHO,671.91,shopping,2026-04-10 06:21:00
26,sPOtIFY REF3412,177.51,entertainment,2026-04-10 11:20:00
26,SPOTIFY/UPI/595100454,268.61,entertainment,2026-04-10 15:02:00
26,UPI-UNKNOWN UPI-6252@okaxis,50.0,misc,2026-04-10 18:09:00
26,WIFI BILL,533.83,shopping,2026-04-11 09:31:00
26,Rapido/UPI/437919438,280.79,transport,2026-04-11 14:54:00
26,MNYTRA,407.87,shopping,2026-04-12 09:27:00
26,uDEMY*ORD608088,50.0,education,2026-04-13 10:26:00
26,IRCTC ERF6404,81.46,transport,2026-04-14 14:32:00
26,AIRTEL PREPAID*ORD535423,117.44,recharge,2026-04-17 19:56:00
26,AIRTEL PREPAID*ROD535423,117.44,recharge,2026-04-17 19:56:00
26,OLA,53.74,transport,2026-04-18 08:30:00
26,UPI-MESS SECRETARY-4117@okaxis,589.84,misc,2026-04-18 09:07:00
26,rapidO/UPI/132703734,20.0,transport,2026-04-18 15:02:00
26,rapOd/UPI/132703734,20.0,transport,2026-04-18 15:02:00
26,UPI-MESS SECRETARY-6551@okaxis,236.58,misc,2026-04-19 18:17:00
26,UPI-UNKNOWN UPI-3170@okaxis,336.95,misc,2026-04-19 20:18:00
26,mESS FEe REF6869,481.6,food,2026-04-22 06:54:00
26,UPI-PRIYA S-4582@okaxis,357.37,misc,2026-04-22 12:44:00
26,UPI-MESS SECRETARY-1958@okaxis,479.39,misc,2026-04-23 19:21:00
26,Ola Auto,42.77,recharge,2026-05-01 06:42:00
26,eXam Fee pAYment/UPI/629766145,289.58,education,2026-05-01 11:03:00
26,MEESHO,100.0,shopping,2026-05-01 21:54:00
26,PG Rent pyAM,5876.8,rent,2026-05-02 11:21:00
26,LANDLORD TRANSFER,8243.99,rent,2026-05-02 14:40:00
26,ZOMATO,40.0,food,2026-05-02 15:58:00
26,ZMOAO,40.0,food,2026-05-02 15:58:00
26,HOSTLE FEE,8624.5,rent,2026-05-02 19:29:00
26,DOmiNOs TXN84028,441.12,food,2026-05-02 20:50:00
26,DOmNOs TXN844028,441.12,food,2026-05-02 20:50:00
26,SWiggy/UPI/546658971,44.83,food,2026-05-02 21:02:00
26,SWiggy/UPI/56658971,44.83,food,2026-05-02 21:02:00
26,Bookmyshow TXN52524,258.11,entertainment,2026-05-02 21:20:00
26,CAFe cOffee DAY,441.5,food,2026-05-02 23:10:00
26,CAFe cOffeeDAY,441.5,food,2026-05-02 23:10:00
26,UPI-RAHUL K-6806@okaxis,444.18,misc,2026-05-03 08:55:00
26,JIO RECHARGE REF8773,293.68,recharge,2026-05-03 10:56:00
26,COURsErA,68.64,education,2026-05-03 11:37:00
26,CURRsErA,68.64,education,2026-05-03 11:37:00
26,HOSTEL FEE,4406.23,rent,2026-05-03 13:29:00
26,HOTSTAR,461.98,entertainment,2026-05-03 18:44:00
26,HOTSTAR,461.98,entertainment,2026-05-03 18:44:00
26,hoStel fEe,4860.97,rent,2026-05-04 06:58:00
26,COURSERA REF4501,50.0,education,2026-05-04 07:41:00
26,COURSERA REF4501,50.0,education,2026-05-04 07:41:00
26,udeMy TXN237,50.0,education,2026-05-04 07:49:00
26,udeMyT XN237,50.0,education,2026-05-04 07:49:00
26,Pg Rent Payment,8750.68,rent,2026-05-04 08:05:00
26,Pg renT PAYmEnT REF5064,9929.38,rent,2026-05-04 09:20:00
26,Coursera,114.07,education,2026-05-04 10:06:00
26,hosTeL FeE/UPI/816234356,7625.2,rent,2026-05-04 15:41:00
26,PRIMe viDEo,359.89,entertainment,2026-05-04 17:25:00
26,LandLord tRAnsfEr*ORD864038,8917.86,rent,2026-05-04 17:50:00
26,Hostel Fee/UPI/855997942,6908.35,rent,2026-05-05 07:20:00
26,CourSera,220.71,education,2026-05-05 11:50:00
26,Pg Rent Payment,6508.29,rent,2026-05-05 12:47:00
26,Pg Rent Paymeent,6508.29,rent,2026-05-05 12:47:00
26,mESs Fee,342.01,food,2026-05-05 14:35:00
26,mESs Fee,342.01,food,2026-05-05 14:35:00
26,MeESHo*ORD930,818.74,shopping,2026-05-05 14:39:00
26,MeESHo*ROD930,818.74,shopping,2026-05-05 14:39:00
26,ubeR,165.5,transport,2026-05-05 14:49:00
26,ubeR,165.5,transport,2026-05-05 14:49:00
26,HoStel fee/UPI/111199135,6965.42,rent,2026-05-05 16:36:00
26,HoStel fee/UPI/111199135,6965.42,rent,2026-05-05 16:36:00
26,WIFI BILL*ORD745111,148.93,recharge,2026-05-05 17:09:00
26,PG RENT PAYMENT ,7590.81,rent,2026-05-05 21:05:00
26,SPOTIFY,324.62,entertainment,2026-05-05 21:35:00
26,spOtifY*ORD769500,418.71,entertainment,2026-05-06 08:59:00
26,Rapido/UPI,165.11,transport,2026-05-06 22:07:00
26,Raiddo/UPI,165.11,transport,2026-05-06 22:07:00
26,COURSERA/UPI/135860875,310.33,education,2026-05-07 10:27:00
26,UPI-PRIYA S-7357@okaxis,1216.76,misc,2026-05-07 12:13:00
26,COLLEGE FEE PORTAL,50.0,education,2026-05-07 14:49:00
26,PRIME VIDEO/UPI/379885704,79.0,entertainment,2026-05-07 17:10:00
26,PRIME VIDEO/UPI/379885704,79.0,entertainment,2026-05-07 17:10:00
26,City Bus Pass,102.06,transport,2026-05-08 09:47:00
26,City Bus Pass,102.06,transport,2026-05-08 09:47:00
26,boOKmyshow/UPI/342235941,385.52,entertainment,2026-05-08 11:23:00
26,boOKmyshow/UPI//342235941,385.52,entertainment,2026-05-08 11:23:00
26,UPI-RAHUL K-9636@okaxis,50.0,misc,2026-05-08 11:50:00
26,jiO reChArGe/UPI/471098319,195.46,recharge,2026-05-09 09:25:00
26,jiO  reChArGe/UPI4/1098319,195.46,recharge,2026-05-09 09:25:00
26,Myntra REF2667,100.0,shopping,2026-05-09 16:29:00
26,OLa TXN25793,43.92,transport,2026-05-09 19:52:00
26,NETFLIX,140.17,entertainment,2026-05-09 20:34:00
26,NEFTLX,140.17,entertainment,2026-05-09 20:34:00
26,City Bus Pass/UPI/349645292,104.22,transport,2026-05-10 11:06:00
26,AJIO,571.49,shopping,2026-05-10 16:52:00
26,UPI-PRIYA S-1111@okaxis,321.01,misc,2026-05-10 17:24:00
26,Exam Fee P,50.0,shopping,2026-05-10 20:26:00
26,UPI-ROOMMATE SPLIT-8609@okaxis,50.0,misc,2026-05-11 23:29:00
26,UPI-FRIEND REPAYMENT-1739@okaxis,50.0,misc,2026-05-13 08:41:00
26,UBER MOTO REF5619,70.83,transport,2026-05-13 10:14:00
26,ircTc TXN21450,142.41,transport,2026-05-13 15:45:00
26,AJIO,656.11,shopping,2026-05-14 19:53:00
26,Coursera*ORD136190,185.05,education,2026-05-14 22:17:00
26,Coursera*ORD136190,185.05,education,2026-05-14 22:17:00
26,CITY BUS PASS*ORD588442,268.06,transport,2026-05-15 20:33:00
26,NETfLIX REF487,175.16,entertainment,2026-05-16 20:53:00
26,NETfLIX  REF478,175.16,entertainment,2026-05-16 20:53:00
26,Zomato REF5433,134.35,food,2026-05-17 17:00:00
26,RAPIDO*ORD848947,92.81,transport,2026-05-17 17:25:00
26,WIfi bIll RE,99.0,recharge,2026-05-17 18:17:00
26,JIO RECHARGE REF702,155.25,recharge,2026-05-18 17:36:00
26,UPI-FRIEND REPAYMENT-2432@okaxis,213.39,misc,2026-05-18 19:00:00
26,ZOMaTo*ORD74,379.03,food,2026-05-18 22:22:00
26,MYnTra,518.35,shopping,2026-05-19 06:21:00
26,Prime Video TXN64816,134.18,entertainment,2026-05-19 19:00:00
26,Pirme Video TXN648166,134.18,entertainment,2026-05-19 19:00:00
26,SWIGGY INSTAMART,198.44,food,2026-05-20 22:18:00
26,SWWIGYG INSTAMRT,198.44,food,2026-05-20 22:18:00
26,UBEr,165.9,transport,2026-05-21 08:32:00
26,UBBEr,165.9,transport,2026-05-21 08:32:00
26,NeTFLix,311.51,entertainment,2026-05-21 10:05:00
26,pArkIng fEE,130.57,transport,2026-05-22 15:06:00
26,Uber,202.61,transport,2026-05-22 17:26:00
26,Uber,202.61,transport,2026-05-22 17:26:00
26,UPI-RAHUL K-8257@okaxis,1046.98,misc,2026-05-23 08:38:00
26,jio reCHARGE*ORD186057,393.63,recharge,2026-05-25 08:57:00
26,NETFLIX,166.94,entertainment,2026-05-25 15:56:00
26,COURSEra,981.62,education,2026-05-26 07:40:00
26,COURSEra,981.62,education,2026-05-26 07:40:00
26,Udemy*ORD937049,266.93,education,2026-05-27 07:14:00
26,REDBUS/UPI/754084932,20.0,transport,2026-05-27 15:19:00
26,Ajio,100.0,recharge,2026-05-27 23:37:00
26,REDBUS*ORD944092,270.79,transport,2026-06-01 12:01:00
26,REDBUS*ORD944092,270.79,transport,2026-06-01 12:01:00
26,UPI-PRIYA S-2900@okaxis,138.68,misc,2026-06-02 10:48:00
26,SpOtify,295.99,entertainment,2026-06-03 10:36:00
26,PG RENT PAYMENT REF7996,6099.42,rent,2026-06-03 13:46:00
26,LanDloRd TRanSfeR,8453.15,rent,2026-06-03 20:22:00
26,pG Rent PayMeNT/UPI/458716301,7209.48,rent,2026-06-04 07:27:00
26,Gp Rent PayMeNT/UPI/458716301,7209.48,rent,2026-06-04 07:27:00
26,Landlord Transfer TXN330,8450.77,rent,2026-06-04 08:03:00
26,Landlord Transffer TXN330,8450.77,rent,2026-06-04 08:03:00
26,Flipkart/UPI/326910636,148.28,shopping,2026-06-04 21:38:00
26,LANDLORD TRANSFER,7462.44,rent,2026-06-05 18:02:00
26,LANDLORD TRANSFER,7462.44,rent,2026-06-05 18:02:00
26,PG rEnt PA,7110.01,rent,2026-06-05 20:59:00
26,Airtel Prepaid/UPI/480253581,195.65,recharge,2026-06-06 08:22:00
26,Airtel Prepaid/UPI/402535881,195.65,recharge,2026-06-06 08:22:00
26,aIrTEL PREP,361.27,recharge,2026-06-06 18:52:00
26,Petrol Pump,20.0,transport,2026-06-06 22:18:00
26,Petrl Pmup,20.0,transport,2026-06-06 22:18:00
26,PRIME VIDEO,156.32,entertainment,2026-06-07 23:07:00
26,Spotify TXN86132,130.3,entertainment,2026-06-08 16:09:00
26,UPI-PRIYA S-9137@okaxis,374.34,misc,2026-06-09 23:15:00
26,Vi Prepaid REF5549,236.2,recharge,2026-06-10 12:17:00
26,Vi Prepaid REF5549,236.2,recharge,2026-06-10 12:17:00
26,FLIPKART*ORD633950,100.0,transport,2026-06-10 12:32:00
26,FLIPKART*ORD639350,100.0,transport,2026-06-10 12:32:00
26,Amazon/UPI/952640501,800.94,shopping,2026-06-10 14:19:00
26,mAazonUPI/952640501,800.94,shopping,2026-06-10 14:19:00
26,CLOlegE fee PORTal TXN41888,50.0,education,2026-06-10 17:18:00
26,UPI-ROOMMATE SPLIT-9637@okaxis,345.38,misc,2026-06-10 23:19:00
26,Campus Canteen T,406.56,food,2026-06-11 17:56:00
26,uBer Moto,81.64,transport,2026-06-12 06:43:00
26,UPI-UNKNOWN UPI-6809@okaxis,322.7,misc,2026-06-12 11:39:00
26,Swiggy Instamart TXN5,135.31,food,2026-06-12 12:30:00
26,UPI-RAHUL K-6665@okaxis,664.09,misc,2026-06-12 12:51:00
26,MEESHO TXN6,456.84,shopping,2026-06-12 15:20:00
26,Zomato,289.69,food,2026-06-12 19:59:00
26,REDBUS/UPI/478871849,466.55,transport,2026-06-13 18:36:00
26,REDBUS/UPI/478817849,466.55,transport,2026-06-13 18:36:00
26,MESs FeE REF7521,88.51,food,2026-06-14 16:28:00
26,MESs FE ERF7521,88.51,food,2026-06-14 16:28:00
26,RAPIDO*ORD850691,107.06,transport,2026-06-14 20:02:00
26,AJIO*ORD81462,100.0,shopping,2026-06-19 19:32:00
26,Swiggy Instamart,295.24,food,2026-06-20 07:04:00
26,SWIGGY INSTAMART/UPI/938761759,350.05,food,2026-06-20 19:02:00
26,UPI-RAHUL K-5593@okaxis,333.81,misc,2026-06-20 19:52:00
26,PRIME VIDEO,392.46,entertainment,2026-06-21 16:30:00
26,UPI-RAHUL K-9922@okaxis,50.0,misc,2026-06-21 17:59:00
26,Flipkart TXN88781,1344.88,shopping,2026-06-21 21:27:00
26,UPI-FRIEND REPAYMENT-8576@okaxis,226.59,misc,2026-06-23 21:06:00
26,RAPIDO TXN77448,227.08,transport,2026-06-27 08:54:00
26,WIIF BILL,324.1,recharge,2026-06-27 15:51:00
26,Petrol Pump TXN98042,326.01,transport,2026-07-01 13:33:00
26,Vi Prepaid/UPI/646216108,341.18,recharge,2026-07-01 14:06:00
26,Vi Prepaid/UPI6/46216108,341.18,recharge,2026-07-01 14:06:00
26,COLLEGE FEE PORTAL/UPI/835212269,89.89,education,2026-07-01 17:30:00
26,Vi PrEPaiD/UPI/238871,598.7,recharge,2026-07-01 22:28:00
26,Vi PrEPaiD/UPI/238871,598.7,recharge,2026-07-01 22:28:00
26,IRCTC,210.67,transport,2026-07-01 23:09:00
26,UPI-ROOMMATE SPLIT-7756@okaxis,827.28,misc,2026-07-02 08:47:00
26,Pg Rent Payment,8818.19,rent,2026-07-02 20:14:00
26,Pg Rent Paymnt,8818.19,rent,2026-07-02 20:14:00
26,UdeMy TXN72,771.42,education,2026-07-02 20:24:00
26,UdeMy TNX72,771.42,education,2026-07-02 20:24:00
26,JIO RECHARGE/UPI/519647337,170.66,recharge,2026-07-03 15:15:00
26,JIO RECHARGE/UPI/519647337,170.66,recharge,2026-07-03 15:15:00
26,UPI-RAHUL K-4629@okaxis,344.45,misc,2026-07-03 18:05:00
26,pg rent pAYmeNT REF2594,6722.35,rent,2026-07-03 18:25:00
26,Prime Video,184.32,entertainment,2026-07-03 21:16:00
26,Prmie Video,184.32,entertainment,2026-07-03 21:16:00
26,Printout ShopO*RD8636,50.0,education,2026-07-04 12:49:00
26,Printout ShopO*RD8636,50.0,education,2026-07-04 12:49:00
26,flIpkArT TXN,539.2,shopping,2026-07-04 13:14:00
26,mEEsHo/UPI/727368394,185.43,shopping,2026-07-04 15:50:00
26,Myntra TXN76562,357.1,shopping,2026-07-04 17:44:00
26,Mynra TXN76562,357.1,shopping,2026-07-04 17:44:00
26,WIFI BILL,248.85,recharge,2026-07-04 18:23:00
26,WIFI BIILL,248.85,recharge,2026-07-04 18:23:00
26,ZOMATO REF9409,74.37,food,2026-07-04 21:14:00
26,ZOMATO REF6157,133.74,food,2026-07-04 23:18:00
26,AIRTEL PREPAID/UPI/652577839,357.45,recharge,2026-07-05 06:16:00
26,AIRETL PREPAID/UPI/652577839,357.45,recharge,2026-07-05 06:16:00
26,wiFi BIlL*ORD947020,191.82,recharge,2026-07-05 07:25:00
26,JIO RECHARGE*ORD723411,393.6,recharge,2026-07-05 08:46:00
26,JIO RECHARGE*ORD723411,393.6,recharge,2026-07-05 08:46:00
26,FLIPKart*ORD532265,100.0,shopping,2026-07-05 21:35:00
26,Flipkart REF5204,100.0,shopping,2026-07-06 06:43:00
26,myNtra,476.61,shopping,2026-07-06 09:30:00
26,WIFI BILL TXN88652,415.2,recharge,2026-07-09 07:37:00
26,SPOTIFY,169.73,entertainment,2026-07-09 08:23:00
26,SSPOTIFY,169.73,entertainment,2026-07-09 08:23:00
26,spotIFy/UPI/356682937,326.77,entertainment,2026-07-10 07:43:00
26,WIFI BILL/UPI/518919508,435.01,recharge,2026-07-10 12:52:00
26,Zomato,362.65,food,2026-07-10 14:11:00
26,swigGY,136.81,food,2026-07-11 14:44:00
26,swigGY,136.81,food,2026-07-11 14:44:00
26,OLa auTo/UPI/316378131,233.86,transport,2026-07-11 19:43:00
26,LOa auTo/UPI/31378131,233.86,transport,2026-07-11 19:43:00
26,Meesho REF118,989.36,shopping,2026-07-12 22:37:00
26,WIFI BILL/UPI/622,99.0,recharge,2026-07-13 10:08:00
26,Ola Auto,112.19,transport,2026-07-14 12:19:00
26,UPI-RAHUL K-4340@okaxis,856.82,misc,2026-07-14 22:22:00
26,UPI-RAHUL K-1269@okaxis,50.0,misc,2026-07-15 12:03:00
26,mYnTrA*ORD197077,1129.41,shopping,2026-07-16 19:36:00
26,mYnTrA*ORD19777,1129.41,shopping,2026-07-16 19:36:00
26,AmaZOn,1213.84,shopping,2026-07-17 16:22:00
26,AmZaOn,1213.84,shopping,2026-07-17 16:22:00
26,HOTSTAR/UPI/2054153,308.55,entertainment,2026-07-18 09:50:00
26,Wifi Bill*ORD126166,234.09,recharge,2026-07-18 21:50:00
26,ZomATo,348.78,food,2026-07-19 07:19:00
26,ZmoATo,348.78,food,2026-07-19 07:19:00
26,Udemy REF93,1183.64,education,2026-07-20 12:54:00
26,Ola Auto REF4228,121.03,transport,2026-07-20 22:31:00
26,Ola Auto REF4228,121.03,transport,2026-07-20 22:31:00
26,AMAZON TXN62624,100.0,shopping,2026-07-21 20:44:00
26,COURSERA REF7901,105.06,education,2026-07-22 14:54:00
26,METRO CARD RECHARGE,202.35,transport,2026-07-25 08:16:00
26,MMETRO CARD RECHARGE,202.35,transport,2026-07-25 08:16:00
26,PArkiNG feE/UPI/417564464,323.86,transport,2026-07-26 06:27:00
26,PArkiNG feE/UPI/41754464,323.86,transport,2026-07-26 06:27:00
26,sPotifY/UPI/317957771,79.0,entertainment,2026-07-27 20:47:00
26,Irctc TXN85089,20.0,transport,2026-07-28 15:36:00
26,UPI-PRIYA S-9175@okaxis,122.69,misc,2026-07-28 22:12:00
26,AMAZON,187.06,shopping,2026-08-01 07:39:00
26,AMAZON,187.06,shopping,2026-08-01 07:39:00
26,Udemy TXN34319,1074.87,education,2026-08-01 18:59:00
26,Udmy  TXN34319,1074.87,education,2026-08-01 18:59:00
26,UPI-PRIYA S-4495@okaxis,201.47,misc,2026-08-02 13:14:00
26,Zomato/UPI/534381034,203.96,food,2026-08-02 13:16:00
26,Zomato/UPI/534831034,203.96,food,2026-08-02 13:16:00
26,Udemy*ORD786809,809.93,education,2026-08-02 19:41:00
26,lANLdORD TRANsFeR,6351.56,rent,2026-08-02 23:31:00
26,lANLdORD TRANsFeR,6351.56,rent,2026-08-02 23:31:00
26,mEEHsO,719.51,shopping,2026-08-03 07:28:00
26,Pg Rent Payment,11169.95,rent,2026-08-03 11:14:00
26,PRINtoUt SHOp/UPI/343686792,92.45,education,2026-08-03 11:30:00
26,PRINtot SHOp/UPI/343686792,92.45,education,2026-08-03 11:30:00
26,UPI-PRIYA S-4219@okaxis,50.0,misc,2026-08-03 16:10:00
26,hostel FEe*ORD2707,8101.72,rent,2026-08-04 06:52:00
26,hosetl FEe*OORD2707,8101.72,rent,2026-08-04 06:52:00
26,LANDLORD TRANSFER,5245.78,rent,2026-08-04 09:09:00
26,LANDLORD TRANSFER,5245.78,rent,2026-08-04 09:09:00
26,LANDLORD TRANSFER REF9411,8909.07,rent,2026-08-04 12:36:00
26,LANDLORD TRANSFR REF9411,8909.07,rent,2026-08-04 12:36:00
26,Udemy,1234.15,education,2026-08-04 15:06:00
26,Uedmy,1234.15,education,2026-08-04 15:06:00
26,LANDLORD TRANSFER/UPI/356483204,5443.01,rent,2026-08-04 17:01:00
26,pG ReNt paYmE,5918.54,rent,2026-08-04 17:51:00
26,pG ReNt pYmE,5918.54,rent,2026-08-04 17:51:00
26,Hostel Fee*ORD807762,4000.0,rent,2026-08-04 18:44:00
26,LANDLORD TRANSFER,4969.37,rent,2026-08-05 09:49:00
26,Irctc,96.62,transport,2026-08-05 10:42:00
26,ZOMATO,179.6,food,2026-08-05 19:01:00
26,mAazon,578.17,shopping,2026-08-05 22:12:00
26,ZoMATo,316.73,food,2026-08-05 23:36:00
26,ZoMTo,316.73,food,2026-08-05 23:36:00
26,Hotstar,155.24,entertainment,2026-08-06 16:15:00
26,nETFliX TXN16618,184.76,entertainment,2026-08-08 07:29:00
26,Flipkart TXN37584,627.44,shopping,2026-08-08 11:08:00
26,UPI-FRIEND REPAYMENT-2631@okaxis,129.28,misc,2026-08-09 20:02:00
26,AMAZON/UPI/49263,593.17,shopping,2026-08-10 10:52:00
26,UPI-RAHUL K-2112@okaxis,50.0,misc,2026-08-12 17:34:00
26,Prime Video/UPI/705548832,191.35,entertainment,2026-08-13 09:02:00
26,UPI-PRIYA S-6139@okaxis,1014.94,misc,2026-08-13 11:27:00
26,PRINTOUT SHOP*ORD605415,939.02,education,2026-08-13 19:46:00
26,Vi Preapid,571.87,recharge,2026-08-15 15:50:00
26,Vi Prepaid,571.87,recharge,2026-08-15 15:50:00
26,JiO rEcHaRge,99.0,recharge,2026-08-16 10:56:00
26,College Fee Portal/U,50.0,education,2026-08-16 15:47:00
26,College Fee Portal/U,50.0,education,2026-08-16 15:47:00
26,AiRTeL PrEPaID,99.0,recharge,2026-08-22 11:13:00
26,AiRTeL PrEPaDI,99.0,recharge,2026-08-22 11:13:00
26,UPI-ROOMMATE SPLIT-9540@okaxis,196.42,misc,2026-08-22 17:16:00
26,IJO RECHARGE*ORD426643,214.71,recharge,2026-08-28 21:46:00
26,CAMPUS CANTEEN*ORD376839,231.77,food,2026-08-28 22:01:00
26,CAMPUS ACNTEEN*ORD376839,231.77,food,2026-08-28 22:01:00
27,UBER*ORD80054,88.18,transport,2026-04-01 07:22:00
27,UPI-FRIEND REPAYMENT-1273@okaxis,422.58,misc,2026-04-02 08:48:00
27,Vi Prepaid,299.52,recharge,2026-04-02 11:03:00
27,LANDLORD TRANSFER REF1,6003.02,rent,2026-04-02 12:56:00
27,LANDLORD TRANSFER REF1,6003.02,rent,2026-04-02 12:56:00
27,Hostel Fee,8213.9,rent,2026-04-03 07:53:00
27,PG RENT PAYMENT RE4F384,6994.29,rent,2026-04-03 12:30:00
27,PG RNT PAYMENT RE4F384,6994.29,rent,2026-04-03 12:30:00
27,Pg Rent Payment,5071.61,rent,2026-04-03 12:41:00
27,Pg Ret Payment,5071.61,rent,2026-04-03 12:41:00
27,Ola REF2501,202.73,transport,2026-04-03 15:05:00
27,Ola REF501,202.73,transport,2026-04-03 15:05:00
27,Hostel Fee*ORD858374,4614.79,rent,2026-04-03 17:25:00
27,vI PrepaId TXN90543,382.01,recharge,2026-04-03 18:53:00
27,Hostel Fee/UPI/644331229,5645.79,rent,2026-04-03 19:15:00
27,Hostel Fee/UPI/644331229,5645.79,rent,2026-04-03 19:15:00
27,Pg Rent Payment/UPI/423374888,7175.25,rent,2026-04-03 23:29:00
27,Pg Rent Pamyent/UPI/423374888,7175.25,rent,2026-04-03 23:29:00
27,Petrol Pump*ORD90668,20.0,transport,2026-04-04 08:25:00
27,PRinTOut sHOp*ORD194715,350.65,education,2026-04-04 13:12:00
27,PG RENT PAYMENT ,4087.21,rent,2026-04-05 11:12:00
27,Campus Canteen REF4831,193.7,shopping,2026-04-05 12:29:00
27,MYNTRA/UPI/657408080,1283.98,shopping,2026-04-05 16:44:00
27,Printuot Shop REF9874,1202.18,education,2026-04-07 10:54:00
27,Prinutot Shop REF9874,1202.18,education,2026-04-07 10:54:00
27,UPI-PRIYA S-8859@okaxis,475.79,misc,2026-04-07 19:41:00
27,Redbus,134.82,recharge,2026-04-08 06:34:00
27,MEeshO*ORD873,637.8,shopping,2026-04-08 12:00:00
27,Exam Fee Payment,50.0,education,2026-04-08 13:34:00
27,COURSERA/UPI/25,712.87,education,2026-04-10 20:02:00
27,COUURSERA/UPI/25,712.87,education,2026-04-10 20:02:00
27,meSs FEe,229.03,food,2026-04-11 16:52:00
27,Dominos,230.12,food,2026-04-13 22:34:00
27,Dominos,230.12,food,2026-04-13 22:34:00
27,COLLEGE FEE PORTAL/UPI/392571876,180.59,education,2026-04-15 20:29:00
27,MEss fEE TXN37730,373.79,food,2026-04-17 13:56:00
27,Netflix,293.24,entertainment,2026-04-18 16:27:00
27,Ntfliix,293.24,entertainment,2026-04-18 16:27:00
27,ZOMATO/UPI/549900150,195.97,food,2026-04-18 21:33:00
27,ZOMATO//UPI/549900150,195.97,food,2026-04-18 21:33:00
27,sWIGgy INstAma,270.07,food,2026-04-18 23:43:00
27,sWIGgyy INstAma,270.07,food,2026-04-18 23:43:00
27,Printout Shop REF8821,702.56,education,2026-04-20 15:36:00
27,Airtel PREPAiD REF4637,99.0,recharge,2026-04-22 13:46:00
27,Amazon TXN90804,100.0,shopping,2026-04-22 21:19:00
27,UPI-UNKNOWN UPI-6654@okaxis,124.91,misc,2026-04-24 15:30:00
27,zoMaTO REF4707,508.09,food,2026-04-25 21:40:00
27,Swiggy Instamart REF766,346.92,food,2026-04-27 11:40:00
27,SPOTIFY,306.38,entertainment,2026-04-28 06:04:00
27,UPI-PRIYA S-7582@okaxis,372.8,misc,2026-04-28 22:01:00
27,Swiggy*ORD56473,54.52,education,2026-05-01 09:04:00
27,Jio Recharge*OR,355.47,recharge,2026-05-01 17:53:00
27,Swiggy/UPI/844845117,79.4,food,2026-05-01 20:40:00
27,BooKmyShOw,79.0,entertainment,2026-05-02 08:20:00
27,BooKmSyhw,79.0,entertainment,2026-05-02 08:20:00
27,Pg Rent Payment/UPI/442107386,7923.95,rent,2026-05-02 08:26:00
27,Pg Rent Payment/UPI/442107386,7923.95,rent,2026-05-02 08:26:00
27,LANDLORD TRANSFER,9251.26,rent,2026-05-02 10:50:00
27,SWIGGY INSTAMART/UPI/415755074,40.0,food,2026-05-02 12:48:00
27,Netflix TXN46512,200.65,entertainment,2026-05-02 13:38:00
27,UBER,189.78,transport,2026-05-02 22:17:00
27,pg reNt pAyMENt REF8138,6633.96,rent,2026-05-03 09:43:00
27,swIgGY INsTam,355.82,food,2026-05-03 12:14:00
27,Swiggy TXN,359.44,food,2026-05-03 15:24:00
27,wSigg TXN,359.44,food,2026-05-03 15:24:00
27,UPI-MESS SECRETARY-8101@okaxis,50.0,misc,2026-05-03 16:00:00
27,UPI-PRIYA S-4522@okaxis,50.0,misc,2026-05-03 18:04:00
27,AIRTEL PREPAID TXN22490,117.09,recharge,2026-05-03 19:19:00
27,exAm Fee pAYMENt,204.26,recharge,2026-05-03 22:14:00
27,Myntra,100.0,shopping,2026-05-03 22:23:00
27,laNdlorDt raNSFER TXN79007,4000.0,rent,2026-05-03 22:56:00
27,landLOrD tarNSFER,8555.77,rent,2026-05-03 23:19:00
27,HOSTEL FEE/UPI/695535103,5634.27,rent,2026-05-04 07:45:00
27,HOSETL FE/UPI/6955535103,5634.27,rent,2026-05-04 07:45:00
27,MYNTRA,949.55,shopping,2026-05-04 08:09:00
27,Pg Rent Payment,5778.4,rent,2026-05-04 08:41:00
27,Pg Ren ttPament,5778.4,rent,2026-05-04 08:41:00
27,SPOTIFY/UPI/457493132,97.41,entertainment,2026-05-04 09:20:00
27,Printout Shop*ORD345769,1899.06,education,2026-05-04 09:29:00
27,Printout Shop*ORD347569,1899.06,education,2026-05-04 09:29:00
27,COLLEGE FEE PORTAL,50.0,education,2026-05-04 09:40:00
27,MYNTRA TXN616,1301.3,shopping,2026-05-04 12:09:00
27,LANDLORD TRANSFER/UPI/398798822,9029.2,rent,2026-05-04 12:16:00
27,HOSTEL FEE TXN32983,6056.99,rent,2026-05-04 13:28:00
27,UPI-FRIEND REPAYMENT-2546@okaxis,273.42,misc,2026-05-04 17:04:00
27,UDEMY,263.2,education,2026-05-04 18:33:00
27,PRINTOUT SHOP/UP/I395730973,50.0,education,2026-05-04 22:35:00
27,PG reNT paYmenT,7442.08,rent,2026-05-05 08:07:00
27,JIO RECHARGE*ORD777760,99.0,recharge,2026-05-05 08:50:00
27,pG ReNt pAyMeNT,6300.14,rent,2026-05-05 11:23:00
27,Ji OreChaRgE REF2185,99.0,recharge,2026-05-05 14:27:00
27,Amazon/UPI/719533608,535.46,shopping,2026-05-06 06:48:00
27,Petrol Pump,104.31,transport,2026-05-06 08:03:00
27,Petrlo Puump,104.31,transport,2026-05-06 08:03:00
27,Printout Sohp,798.13,education,2026-05-06 10:49:00
27,Uedmy,1192.6,education,2026-05-06 14:05:00
27,AirTeL PREPaID REF9925,99.0,recharge,2026-05-06 16:31:00
27,FLiPKaRt REF8803,100.0,shopping,2026-05-07 07:16:00
27,iRCTc/UPI/904134595,20.0,transport,2026-05-07 09:13:00
27,iRCTc/UPI/904134595,20.0,transport,2026-05-07 09:13:00
27,meesHo TXN17459,895.72,shopping,2026-05-07 09:44:00
27,AMAZON,1054.56,food,2026-05-07 13:38:00
27,COUrSERa*ORD74890,50.0,education,2026-05-07 14:17:00
27,Printout Shop/UPI/33,641.36,education,2026-05-07 14:35:00
27,Cafe Coffee Day TXN27310,133.32,food,2026-05-07 15:47:00
27,PRInTout ShoP REF8,231.3,education,2026-05-07 19:12:00
27,CafE CofFeE day,181.8,food,2026-05-08 12:09:00
27,jio RECHArGe,353.98,recharge,2026-05-08 21:22:00
27,Campus Canteen*ORD585673,122.24,food,2026-05-08 21:53:00
27,Campus Cateen*ORD585673,122.24,food,2026-05-08 21:53:00
27,zOMaTO TXN9,206.24,food,2026-05-09 08:55:00
27,zOMaTOTXN9,206.24,food,2026-05-09 08:55:00
27,Ajio REF8490,915.34,shopping,2026-05-09 13:29:00
27,METRO CARD ,164.9,transport,2026-05-09 15:48:00
27,Netflix,79.0,entertainment,2026-05-09 20:10:00
27,NNetflx,79.0,entertainment,2026-05-09 20:10:00
27,COURSERA/UPI/193789989,50.0,education,2026-05-10 09:27:00
27,COURSERA/UUPI/193789989,50.0,education,2026-05-10 09:27:00
27,UPI-PRIYA S-4201@okaxis,452.57,misc,2026-05-10 12:49:00
27,sWigGY INstAmaRt REF1164,40.0,food,2026-05-10 16:05:00
27,sWigGY INstAmaR tREF1164,40.0,food,2026-05-10 16:05:00
27,OLa auTO/UPI/163338612,327.11,transport,2026-05-10 18:42:00
27,UPI-UNKNOWN UPI-8357@okaxis,50.0,misc,2026-05-10 20:48:00
27,CTIY BUS P,193.75,transport,2026-05-11 14:54:00
27,CAFE COFFEE DAY/UPI/620746829,66.22,food,2026-05-11 18:28:00
27,AMAZON,408.51,shopping,2026-05-12 12:59:00
27,UPI-ROOMMATE SPLIT-9017@okaxis,434.39,misc,2026-05-12 16:52:00
27,Spotify,132.8,entertainment,2026-05-12 17:16:00
27,Meesho REF5752,318.28,shopping,2026-05-13 10:10:00
27,Wifi Bill,270.28,recharge,2026-05-14 14:24:00
27,UPI-FRIEND REPAYMENT-7780@okaxis,115.49,misc,2026-05-15 10:49:00
27,UPI-ROOMMATE SPLIT-9700@okaxis,50.0,misc,2026-05-16 13:32:00
27,SPOtify,199.41,entertainment,2026-05-16 19:11:00
27,SPOtiyf,199.41,entertainment,2026-05-16 19:11:00
27,jIO reCHARGe*ORD931240,200.11,recharge,2026-05-18 07:00:00
27,jIO reCHARGe*ORD931240,200.11,recharge,2026-05-18 07:00:00
27,COuRseRa,974.8,education,2026-05-18 20:07:00
27,UPI-ROOMMATE SPLIT-9372@okaxis,248.69,misc,2026-05-19 15:46:00
27,UBER MOTO*ORD539791,20.0,transport,2026-05-20 14:53:00
27,Netflix*ORD,256.45,entertainment,2026-05-21 16:49:00
27,Netflix*ORD,256.45,entertainment,2026-05-21 16:49:00
27,Boomkyshow,185.64,entertainment,2026-05-22 16:51:00
27,Boomkyshow,185.64,entertainment,2026-05-22 16:51:00
27,UPI-MESS SECRETARY-4230@okaxis,772.76,misc,2026-05-22 21:18:00
27,COURSERA*OR,703.2,education,2026-05-23 16:11:00
27,Meesho TXN55965,225.14,shopping,2026-05-24 12:17:00
27,fLIpKart,239.09,shopping,2026-05-25 12:54:00
27,UPI-RAHUL K-9140@okaxis,613.66,misc,2026-05-25 15:42:00
27,paRkINg fEE TXN44790,129.8,transport,2026-05-25 16:33:00
27,paRkINg fEET XN44790,129.8,transport,2026-05-25 16:33:00
27,UDMEY,716.7,education,2026-05-26 15:29:00
27,UDEMY,716.7,education,2026-05-26 15:29:00
27,UPI-ROOMMATE SPLIT-7454@okaxis,698.91,misc,2026-05-26 18:33:00
27,UBer omTo,68.38,transport,2026-05-27 08:42:00
27,UBer omTo,68.38,transport,2026-05-27 08:42:00
27,PRINTOUT SHOP,464.81,education,2026-05-28 15:59:00
27,UPI-ROOMMATE SPLIT-5829@okaxis,660.69,misc,2026-05-28 22:17:00
27,UPI-MESS SECRETARY-8888@okaxis,50.0,misc,2026-05-28 23:26:00
27,airTel Pre,481.07,recharge,2026-06-01 20:17:00
27,IRCTC,113.28,transport,2026-06-02 17:13:00
27,Campus Canteen REF1520,50.58,food,2026-06-02 21:37:00
27,CampusCCanteen REF1520,50.58,food,2026-06-02 21:37:00
27,Pg Rent Payment,5796.35,rent,2026-06-03 08:33:00
27,Prime Video/UPI/892654934,301.06,entertainment,2026-06-03 14:36:00
27,Hostel Fee REF4863,7029.4,rent,2026-06-03 15:36:00
27,Hstel eFe REF4863,7029.4,rent,2026-06-03 15:36:00
27,Airtel Prepaid*ORD631663,336.84,recharge,2026-06-03 19:21:00
27,Airtel PrepaidORD631663,336.84,recharge,2026-06-03 19:21:00
27,VI PREPAID REF945,319.01,recharge,2026-06-03 22:51:00
27,HOsTel fEe,6937.99,rent,2026-06-04 10:20:00
27,HOsTTl fEe,6937.99,rent,2026-06-04 10:20:00
27,NetFlIx TXN64557,79.0,entertainment,2026-06-04 14:30:00
27,UPI-ROOMMATE SPLIT-5613@okaxis,93.35,misc,2026-06-04 21:32:00
27,HosTel fEE REF4217,8679.53,rent,2026-06-05 07:01:00
27,UBer motO,208.97,transport,2026-06-05 09:43:00
27,Mess Fee REF4468,40.0,food,2026-06-05 10:10:00
27,Printout Shop,892.18,education,2026-06-05 11:12:00
27,PrintouthSop,892.18,education,2026-06-05 11:12:00
27,Cafe Coffee Day TXN86876,369.15,food,2026-06-05 12:32:00
27,Landlord Transf,7424.58,rent,2026-06-05 14:57:00
27,Landlord Trsnf,7424.58,rent,2026-06-05 14:57:00
27,UPI-FRIEND REPAYMENT-3978@okaxis,50.0,misc,2026-06-05 19:49:00
27,UPI-FRIEND REPAYMENT-8659@okaxis,50.0,misc,2026-06-05 20:19:00
27,HoStEl FEe TXN99976,6491.03,food,2026-06-05 21:17:00
27,HoStEl FEe TTXN99976,6491.03,food,2026-06-05 21:17:00
27,NETFLIX,230.9,entertainment,2026-06-06 07:54:00
27,NNEFTIX,230.9,entertainment,2026-06-06 07:54:00
27,Cafe Coffee Day,281.4,food,2026-06-06 19:55:00
27,zomAto,397.6,food,2026-06-06 23:58:00
27,BOOKMYSHOW,168.76,entertainment,2026-06-07 06:33:00
27,UPI-UNKNOWN UPI-7192@okaxis,50.0,misc,2026-06-07 10:23:00
27,SWIGGY INSTAMART TXN28296,169.87,food,2026-06-08 13:26:00
27,OLA AUTO,167.45,transport,2026-06-09 08:25:00
27,udemY,817.56,education,2026-06-09 11:00:00
27,UPI-ROOMMATE SPLIT-5615@okaxis,152.27,misc,2026-06-09 17:20:00
27,MYNTRA,1496.17,shopping,2026-06-10 07:21:00
27,Amazon/UPI/598415748,722.16,shopping,2026-06-10 14:20:00
27,Amzon/UPI//598415748,722.16,shopping,2026-06-10 14:20:00
27,COurSeRa,1153.21,education,2026-06-10 16:49:00
27,parKING fEe,320.96,transport,2026-06-12 22:30:00
27,NETFLIX,127.78,entertainment,2026-06-13 15:41:00
27,NETFLIX,127.78,entertainment,2026-06-13 15:41:00
27,COURSERA,50.0,education,2026-06-13 20:46:00
27,NETFLIX,124.71,entertainment,2026-06-14 06:33:00
27,Cafe Coffee Day TXN55829,391.82,food,2026-06-14 20:08:00
27,UBER,65.55,transport,2026-06-15 11:19:00
27,UBER,65.55,transport,2026-06-15 11:19:00
27,UPI-FRIEND REPAYMENT-2256@okaxis,50.0,misc,2026-06-15 12:02:00
27,UPI-UNKNOWN UPI-3751@okaxis,412.02,misc,2026-06-15 12:08:00
27,UBER/UPI/351879233,58.61,transport,2026-06-16 08:47:00
27,UBER/PUI/351879233,58.61,transport,2026-06-16 08:47:00
27,iRctC*ORD782616,20.0,transport,2026-06-16 14:38:00
27,UPI-RAHUL K-9240@okaxis,332.98,misc,2026-06-17 14:50:00
27,UPI-PRIYA S-4309@okaxis,50.0,misc,2026-06-17 23:19:00
27,CitY bus paSs/UPI/324668267,255.87,transport,2026-06-21 09:26:00
27,PETROL PUM,336.15,transport,2026-06-24 22:09:00
27,COLLEGE FEE PORTAL,50.0,education,2026-06-26 12:32:00
27,COLEEG FEE PORTAL,50.0,education,2026-06-26 12:32:00
27,UPI-RAHUL K-3162@okaxis,229.0,misc,2026-06-26 12:34:00
27,Mess Fee/UPI/997951324,183.87,food,2026-06-28 16:49:00
27,CAMPUS CAN,177.6,food,2026-07-01 08:37:00
27,Ajio TXN85,345.75,shopping,2026-07-01 15:10:00
27,COURsEra*ORD299072,1444.56,education,2026-07-01 19:34:00
27,LANDLORD TRANSFER,6595.07,rent,2026-07-02 06:37:00
27,LANDLRD TRASNFER,6595.07,rent,2026-07-02 06:37:00
27,COLLEGE FEE P,947.57,education,2026-07-02 09:47:00
27,HOSTEL FEE RE,5679.98,rent,2026-07-02 13:00:00
27,OHSTEL FEE RE,5679.98,rent,2026-07-02 13:00:00
27,LaNdLOrD traNsFeR*ORD401330,9146.73,rent,2026-07-02 13:45:00
27,Vi Prepaid,449.22,recharge,2026-07-02 15:34:00
27,ViP reppaid,449.22,recharge,2026-07-02 15:34:00
27,PG rENT paYMEnt,4684.82,rent,2026-07-02 15:48:00
27,ZOmATo TXN22789,408.45,food,2026-07-02 21:50:00
27,ZOmATo TXN2289,408.45,food,2026-07-02 21:50:00
27,PIRME VIDEO*ORD584346,218.06,entertainment,2026-07-03 11:05:00
27,PIMEE VIDEO*ORD854346,218.06,entertainment,2026-07-03 11:05:00
27,Hostel Fee,6676.32,rent,2026-07-03 22:06:00
27,Exam Fee Pay,97.42,education,2026-07-04 11:14:00
27,Campus Cant,115.36,food,2026-07-04 15:37:00
27,Landlord Transfer,7403.77,rent,2026-07-04 16:41:00
27,Hostel Fee/UPI/74,9391.27,rent,2026-07-04 17:46:00
27,CafE cOffeE day,217.73,food,2026-07-04 20:34:00
27,pG rENt PAyMeNt*ORD856137,6609.95,rent,2026-07-04 21:08:00
27,UbER,20.0,transport,2026-07-04 21:41:00
27,MESS FEE*ORD270865,40.0,food,2026-07-04 22:40:00
27,UPI-RAHUL K-9757@okaxis,50.0,misc,2026-07-04 23:13:00
27,Pg Rent Payment*ORD719261,7155.31,rent,2026-07-05 10:10:00
27,Pg Rent ayment*ORD719261,7155.31,rent,2026-07-05 10:10:00
27,Swiggy Instamart,416.28,food,2026-07-05 18:34:00
27,Swiggy Instamart,416.28,food,2026-07-05 18:34:00
27,UPI-MESS SECRETARY-6040@okaxis,375.12,misc,2026-07-05 22:53:00
27,UPI-RAHUL K-5838@okaxis,468.69,misc,2026-07-06 08:38:00
27,SWIGGY INSTAMART/UPI/416817708,180.73,recharge,2026-07-07 17:29:00
27,EXAM EFE PAYMENT/UPI/386131496,50.0,education,2026-07-07 23:33:00
27,OLAA UTO/UPI/279739362,134.04,transport,2026-07-08 08:46:00
27,Rapido/UPI/534697175,234.87,transport,2026-07-08 13:19:00
27,Campus Cantee,204.86,food,2026-07-08 14:04:00
27,mETROc ArD rEcHaRGe,147.38,transport,2026-07-08 14:07:00
27,Parking Fee/UPI/235765609,327.01,recharge,2026-07-08 18:27:00
27,SPOTIfy REF30,136.81,entertainment,2026-07-09 07:51:00
27,bOoKMySHoW*ORD870106,216.76,entertainment,2026-07-09 16:13:00
27,bOoKMySHoW*ORD870160,216.76,entertainment,2026-07-09 16:13:00
27,JIO RECHARG,99.0,recharge,2026-07-09 17:55:00
27,JIO RECHRAG,99.0,recharge,2026-07-09 17:55:00
27,College Fee Portal,435.07,education,2026-07-09 18:38:00
27,zomATo,375.69,food,2026-07-10 13:19:00
27,zomTo,375.69,food,2026-07-10 13:19:00
27,Mess Fee,315.94,food,2026-07-10 21:11:00
27,Ola Auto/UPI/176955513,126.79,transport,2026-07-11 08:44:00
27,ZOMATO*ORD131875,301.45,food,2026-07-11 14:27:00
27,Mess Fee,275.64,food,2026-07-11 15:23:00
27,UPI-UNKNOWN UPI-5200@okaxis,381.34,misc,2026-07-11 19:40:00
27,Ola TXN84313,304.66,transport,2026-07-12 17:33:00
27,Ola TXN84313,304.66,transport,2026-07-12 17:33:00
27,UPI-RAHUL K-9328@okaxis,50.0,misc,2026-07-12 23:07:00
27,Uber Moto REF8738,326.59,transport,2026-07-13 09:06:00
27,Uber MotoR EF8738,326.59,transport,2026-07-13 09:06:00
27,College Fee Portal*ORD316475,50.0,education,2026-07-14 17:56:00
27,Airtel Prepaid,99.0,recharge,2026-07-14 22:01:00
27,VI PREPAID,156.66,recharge,2026-07-15 06:19:00
27,VI REPAID,156.66,recharge,2026-07-15 06:19:00
27,AIRTEL pREpaId,470.47,recharge,2026-07-15 06:29:00
27,AIRTEL pRpaId,470.47,recharge,2026-07-15 06:29:00
27,METRO CARD RECHARGE/UPI/453470045,126.8,transport,2026-07-15 17:22:00
27,Cafe Coffee Day*ORD285971,274.77,food,2026-07-15 22:43:00
27,Cafe Coffee Day*ORD2859971,274.77,food,2026-07-15 22:43:00
27,Redbus TXN94242,176.21,transport,2026-07-16 11:59:00
27,Rdbus TXN94224,176.21,transport,2026-07-16 11:59:00
27,AJio,1228.0,shopping,2026-07-17 13:11:00
27,NETFLIX REF4083,79.0,entertainment,2026-07-17 20:37:00
27,cAmpus CanteeN/UPI/792296673,381.96,food,2026-07-18 09:33:00
27,cAmpus CanteeN/UPI/792296673,381.96,food,2026-07-18 09:33:00
27,FLIPKART TXN49257,729.38,shopping,2026-07-18 16:03:00
27,FLIPKART TXXN49257,729.38,shopping,2026-07-18 16:03:00
27,Udemy/UPI/519471841,50.0,education,2026-07-21 07:33:00
27,Udemy/UPI/1594471841,50.0,education,2026-07-21 07:33:00
27,OLA*ORD886589,93.63,transport,2026-07-21 19:31:00
27,UPI-FRIEND REPAYMENT-7332@okaxis,276.14,misc,2026-07-24 17:57:00
27,Spotify REF6260,79.0,entertainment,2026-07-25 11:55:00
27,UPI-RAHUL K-1371@okaxis,50.0,misc,2026-07-25 17:03:00
27,irctC/UPI/611079350,407.16,entertainment,2026-07-27 17:37:00
27,UPI-MESS SECRETARY-3751@okaxis,572.7,misc,2026-07-27 21:41:00
27,lanDlORd trANSFEr*ORD287403,7573.65,rent,2026-08-02 09:30:00
27,LANdLORd TrAnSFER TXN63476,5031.76,rent,2026-08-02 11:48:00
27,nETFLiX/UPI/40807057,79.0,entertainment,2026-08-02 13:11:00
27,cAFe coFFEE DAY REF9825,372.54,food,2026-08-02 21:17:00
27,cAFe coFFEE DAY REF9825,372.54,food,2026-08-02 21:17:00
27,HOSTEL FEE REF4863,5859.45,rent,2026-08-02 21:51:00
27,HOSTE LFEE REF4863,5859.45,rent,2026-08-02 21:51:00
27,Myntra,100.0,shopping,2026-08-03 13:29:00
27,UPI-FRIEND REPAYMENT-9632@okaxis,50.0,misc,2026-08-03 16:09:00
27,Uber,71.46,transport,2026-08-04 08:56:00
27,Uber,71.46,transport,2026-08-04 08:56:00
27,JIO RECHARGE*ORD3834,243.78,recharge,2026-08-04 09:04:00
27,JIO RECHREG*ORD3834,243.78,recharge,2026-08-04 09:04:00
27,CAFE COFFEE DAY,219.76,food,2026-08-04 09:57:00
27,CAF ECOFFEE DAY,219.76,food,2026-08-04 09:57:00
27,LANDLORD TRANSFER/UPI/727276197,6409.58,rent,2026-08-04 19:06:00
27,PetrOL PUmp/UPI/994738295,173.12,transport,2026-08-04 19:33:00
27,PetrOL PUm/pUPI/994738295,173.12,transport,2026-08-04 19:33:00
27,Coursera,50.0,education,2026-08-05 13:12:00
27,dOMInOs*ORD955523,48.33,food,2026-08-05 21:17:00
27,bookMYsHOw*ORD495377,79.0,entertainment,2026-08-05 23:18:00
27,bookMYsHOw*ORD495377,79.0,entertainment,2026-08-05 23:18:00
27,SiwGGY/UPI/186260881,354.75,food,2026-08-08 17:55:00
27,Uber/UPI/486857663,122.97,transport,2026-08-09 22:48:00
27,Uber/UPI/48685763,122.97,transport,2026-08-09 22:48:00
27,UPI-FRIEND REPAYMENT-2571@okaxis,521.16,misc,2026-08-12 23:02:00
27,AJIO,354.49,shopping,2026-08-13 17:13:00
27,nEtflIx,120.99,entertainment,2026-08-14 22:20:00
27,nEtflxI,120.99,entertainment,2026-08-14 22:20:00
27,SWGIGY*ORD638741,551.16,food,2026-08-15 07:32:00
27,Swiggy,327.45,food,2026-08-15 14:20:00
27,Swiggy,327.45,food,2026-08-15 14:20:00
27,BOOKMYSHOW TXN94322,248.58,entertainment,2026-08-15 16:49:00
27,BOOKMYSHOW TXN94322,248.58,entertainment,2026-08-15 16:49:00
27,METRO CARD RECHARGE TXN39355,20.0,transport,2026-08-15 18:39:00
27,Airtel Prepaid,190.43,recharge,2026-08-15 21:44:00
27,Airtel Prepaadi,190.43,recharge,2026-08-15 21:44:00
27,UPI-UNKNOWN UPI-7981@okaxis,50.0,misc,2026-08-16 08:10:00
27,UPI-RAHUL K-7222@okaxis,50.0,misc,2026-08-16 17:44:00
27,UPI-UNKNOWN UPI-6609@okaxis,1019.39,misc,2026-08-17 20:50:00
27,Vi Prepaid,99.0,recharge,2026-08-18 23:58:00
27,iV Prepaid,99.0,recharge,2026-08-18 23:58:00
27,Wifi Bill,519.5,recharge,2026-08-19 09:09:00
27,City Bus P,193.85,education,2026-08-19 17:02:00
27,irCTC/UPI/512436675,145.3,transport,2026-08-19 22:49:00
27,mEEshO,1377.72,shopping,2026-08-22 17:20:00
27,mEEhO,1377.72,shopping,2026-08-22 17:20:00
27,mESs Fee*ORD206195,40.0,food,2026-08-25 12:43:00
27,mES Fee*ORD2061955,40.0,food,2026-08-25 12:43:00
27,meESHO,836.77,shopping,2026-08-26 22:03:00
27,meESHO,836.77,shopping,2026-08-26 22:03:00
27,Cafe Coffee Day,527.53,food,2026-08-27 14:13:00
27,Caef Coffee Day,527.53,food,2026-08-27 14:13:00
27,HotStAr REF5,246.01,entertainment,2026-08-27 23:40:00
28,VI PREPAID,355.4,recharge,2026-04-02 12:22:00
28,UPI-MESS SECRETARY-6773@okaxis,204.88,misc,2026-04-02 16:00:00
28,UPI-PRIYA S-2040@okaxis,750.94,misc,2026-04-02 16:55:00
28,PRIME VIDE,309.64,entertainment,2026-04-02 18:30:00
28,JIO RCEHARG,390.41,recharge,2026-04-02 21:23:00
28,IJO RCEHARG,390.41,recharge,2026-04-02 21:23:00
28,AIRTEL PREPAID,268.64,recharge,2026-04-03 08:42:00
28,PG rEnt paYmENt,5613.91,rent,2026-04-03 10:03:00
28,PG RENT PAYMENT TXN56197,5920.02,rent,2026-04-03 16:25:00
28,PG RENT PAYMEN TXN56197,5920.02,rent,2026-04-03 16:25:00
28,AIRTEL PREPAID TXN62760,217.76,recharge,2026-04-04 06:53:00
28,AIRTEL PERPAID TXN62760,217.76,recharge,2026-04-04 06:53:00
28,UDeMy*ORD12073,560.83,education,2026-04-05 09:21:00
28,UDeyM*ORRD12073,560.83,education,2026-04-05 09:21:00
28,courSERA TXN3,418.29,education,2026-04-05 15:34:00
28,courESRA TXN3,418.29,education,2026-04-05 15:34:00
28,Mess Fee TXN79770,171.77,food,2026-04-05 23:05:00
28,zomATo REF,256.02,food,2026-04-06 11:02:00
28,zomATo FE,256.02,food,2026-04-06 11:02:00
28,UPI-FRIEND REPAYMENT-5096@okaxis,50.0,misc,2026-04-06 23:00:00
28,cOURSeRa REF7234,369.33,education,2026-04-07 21:21:00
28,AIRTEL PREPAID*ORD625876,286.13,recharge,2026-04-08 14:15:00
28,AIRTEL PREPAID*ORD652876,286.13,recharge,2026-04-08 14:15:00
28,COLLEGE FEE PORTAL*ORD258587,829.1,education,2026-04-09 06:51:00
28,COLLEGE FEE PORTAL*ORD258587,829.1,education,2026-04-09 06:51:00
28,CourSerA*ORD281198,210.84,education,2026-04-09 09:55:00
28,Namma Metro*ORD11752,84.59,transport,2026-04-09 12:35:00
28,Namma Metro*ORD11725,84.59,transport,2026-04-09 12:35:00
28,UPI-ROOMMATE SPLIT-3536@okaxis,357.32,misc,2026-04-09 14:37:00
28,Printout Shop*ORD18696,50.0,transport,2026-04-09 16:34:00
28,AJIO,100.0,shopping,2026-04-10 11:19:00
28,exAm FEe PAYMenT REF3832,50.0,education,2026-04-10 13:09:00
28,UPI-MESS SECRETARY-4951@okaxis,698.82,misc,2026-04-11 23:34:00
28,UPI-ROOMMATE SPLIT-7673@okaxis,306.45,misc,2026-04-12 09:49:00
28,exam FEe payMEnT/UPI/819909035,70.13,education,2026-04-12 20:29:00
28,exam FEe payMEnTU/PI/819909035,70.13,education,2026-04-12 20:29:00
28,Bookmyshow,85.46,entertainment,2026-04-13 16:25:00
28,Boookmyhow,85.46,entertainment,2026-04-13 16:25:00
28,Wifi Bill,150.15,recharge,2026-04-15 10:17:00
28,Wifi Bill,150.15,recharge,2026-04-15 10:17:00
28,UPI-PRIYA S-5548@okaxis,50.0,misc,2026-04-15 14:01:00
28,WIFI BILL TXN10138,99.0,recharge,2026-04-16 12:07:00
28,WFII BILL TXN10138,99.0,recharge,2026-04-16 12:07:00
28,Airtel Prep,305.35,recharge,2026-04-16 19:19:00
28,UPI-MESS SECRETARY-6859@okaxis,50.0,misc,2026-04-17 19:53:00
28,mesS FeE,115.08,food,2026-04-18 06:50:00
28,AJIO/UPI/27,1418.08,shopping,2026-04-18 07:12:00
28,AIJOUPI/27,1418.08,shopping,2026-04-18 07:12:00
28,BOOKMYSHOW REF5495,79.0,entertainment,2026-04-18 07:18:00
28,BOOKMHSOW REF5495,79.0,entertainment,2026-04-18 07:18:00
28,UBER MOTO REF6315,190.53,transport,2026-04-18 07:51:00
28,Hotstar,304.97,entertainment,2026-04-18 11:21:00
28,otstar,304.97,entertainment,2026-04-18 11:21:00
28,AJIO*ORD205247,594.34,shopping,2026-04-18 13:26:00
28,MYNTRA,799.54,shopping,2026-04-18 23:17:00
28,UPI-FRIEND REPAYMENT-4437@okaxis,50.0,misc,2026-04-19 23:27:00
28,UPI-ROOMMATE SPLIT-9294@okaxis,489.26,misc,2026-04-20 11:06:00
28,PRIntouT sHop,866.16,shopping,2026-04-20 11:15:00
28,IRCTC*ORD376828,368.01,transport,2026-04-23 08:55:00
28,jiO rEchAr,307.86,recharge,2026-04-23 14:03:00
28,jiO rEchAr,307.86,recharge,2026-04-23 14:03:00
28,UPI-RAHUL K-5316@okaxis,50.0,misc,2026-04-24 16:55:00
28,UPI-FRIEND REPAYMENT-1997@okaxis,93.64,misc,2026-04-25 14:54:00
28,UPI-FRIEND REPAYMENT-4332@okaxis,486.57,misc,2026-04-25 19:54:00
28,UPI-PRIYA S-3292@okaxis,508.28,misc,2026-04-28 11:36:00
28,Spotify TXN92297,167.84,entertainment,2026-05-01 11:50:00
28,UPI-PRIYA S-1150@okaxis,545.98,misc,2026-05-01 13:54:00
28,JIO RECHARGE/UPI/270122,220.68,recharge,2026-05-01 18:31:00
28,Zomato,76.09,food,2026-05-01 21:41:00
28,Hostel Fee,7500.05,rent,2026-05-02 07:00:00
28,FLIPKART/UPI/787869,1367.15,shopping,2026-05-02 07:20:00
28,Pg Rent Payment TXN98397,6251.29,rent,2026-05-02 15:57:00
28,Pg Rent Payment XTN98397,6251.29,rent,2026-05-02 15:57:00
28,collegE fee portAl*ORD130498,50.0,education,2026-05-02 17:07:00
28,JIO RECHARGE/UPI/241038225,372.96,recharge,2026-05-02 20:40:00
28,HOSTEL FEE REF3079,8795.75,rent,2026-05-02 21:08:00
28,UPI-MESS SECRETARY-2267@okaxis,429.61,misc,2026-05-02 23:45:00
28,HosteL fEe,7519.18,rent,2026-05-03 06:21:00
28,PRINTOUT SHOP,1470.35,education,2026-05-03 09:38:00
28,CAmpUs CaNteeN TXN52290,224.54,food,2026-05-03 14:50:00
28,CAmpsU CaNteeN TXN52290,224.54,food,2026-05-03 14:50:00
28,Pg Rent Payment,8629.57,rent,2026-05-03 19:11:00
28,Campus Canteen,57.17,food,2026-05-03 20:50:00
28,Campuus Cateen,57.17,food,2026-05-03 20:50:00
28,LANDLROD TRANS,5788.61,rent,2026-05-03 23:22:00
28,Mess Fee/UPI/998995882,40.0,food,2026-05-04 13:31:00
28,SwIggY REF4393,630.96,food,2026-05-04 16:05:00
28,SwIgY REF4393,630.96,food,2026-05-04 16:05:00
28,UPI-FRIEND REPAYMENT-1778@okaxis,50.0,misc,2026-05-04 17:24:00
28,LANDLORD TRANSFER,4000.0,rent,2026-05-04 18:08:00
28,NAMMA METRO,35.45,shopping,2026-05-04 18:09:00
28,NAMA METRO,35.45,shopping,2026-05-04 18:09:00
28,UPI-MESS SECRETARY-4946@okaxis,624.68,misc,2026-05-05 09:01:00
28,EXAM Fee PAymeNt,1390.34,education,2026-05-05 09:32:00
28,FLIPKART/UPI/254710100,1364.38,shopping,2026-05-05 10:06:00
28,FLIPKART/UUPI/25471000,1364.38,shopping,2026-05-05 10:06:00
28,SpOTIFY,79.0,entertainment,2026-05-05 11:32:00
28,PG RENT PAYMENT,7852.41,rent,2026-05-05 14:44:00
28,PG RENT PAYMENT TXN17156,7738.02,rent,2026-05-05 15:07:00
28,PG RENT PAYMENT TXN17156,7738.02,rent,2026-05-05 15:07:00
28,Campus Canteen/UPI/784,185.09,food,2026-05-05 21:09:00
28,spOTify,249.12,entertainment,2026-05-06 10:21:00
28,UDEMY,1681.35,education,2026-05-06 14:54:00
28,AMAZON*ORD21,792.38,shopping,2026-05-06 16:31:00
28,AMAAZO*NORD21,792.38,shopping,2026-05-06 16:31:00
28,UDEMY TXN62578,420.11,education,2026-05-07 12:31:00
28,CollEgE fEE pOrtAl TXN28314,1408.9,education,2026-05-07 22:42:00
28,CollgEE fEE pOrtAl TXN28314,1408.9,education,2026-05-07 22:42:00
28,Mess Fee/UPI/978572,104.66,food,2026-05-08 08:39:00
28,MESS FEE*ORD119807,61.82,food,2026-05-08 08:57:00
28,BOOKMYSHOW REF,140.32,entertainment,2026-05-08 16:04:00
28,Petrol Pump,89.26,transport,2026-05-08 18:45:00
28,MEESHO,1186.27,shopping,2026-05-08 23:54:00
28,Spotify/UPI/347997807,79.0,entertainment,2026-05-09 13:38:00
28,PETROL PUMP,325.47,transport,2026-05-09 18:24:00
28,PETR LPUMP,325.47,transport,2026-05-09 18:24:00
28,BOOKmYSHoW REF1205,308.98,entertainment,2026-05-09 18:50:00
28,BOOKmYSHW REF1205,308.98,entertainment,2026-05-09 18:50:00
28,UPI-ROOMMATE SPLIT-5648@okaxis,50.0,misc,2026-05-09 21:17:00
28,VI PREPAID,294.58,recharge,2026-05-10 17:17:00
28,VII PREPAID,294.58,recharge,2026-05-10 17:17:00
28,Irctc,212.19,transport,2026-05-10 17:59:00
28,rIctc,212.19,transport,2026-05-10 17:59:00
28,Hotstar,79.0,entertainment,2026-05-10 22:13:00
28,Hottar,79.0,entertainment,2026-05-10 22:13:00
28,OlA aUTo,20.0,transport,2026-05-11 21:11:00
28,OlA aUTo,20.0,transport,2026-05-11 21:11:00
28,Exam Fee Payment TXN62548,488.38,education,2026-05-12 10:22:00
28,Exam Fee Payment TXXN62548,488.38,education,2026-05-12 10:22:00
28,Petrol Pump,20.0,transport,2026-05-12 21:04:00
28,Petorl Pmp,20.0,transport,2026-05-12 21:04:00
28,VI PREPAID TXN56185,99.0,recharge,2026-05-12 22:06:00
28,PARKING FEE/UPI/258784044,115.15,transport,2026-05-12 22:44:00
28,PARKING FEE/UPI/258784044,115.15,transport,2026-05-12 22:44:00
28,ajiO,560.24,shopping,2026-05-13 22:45:00
28,AJIO TXN59668,100.0,shopping,2026-05-14 22:32:00
28,UPI-FRIEND REPAYMENT-4266@okaxis,503.87,misc,2026-05-15 16:50:00
28,WIFi bLIl,500.09,recharge,2026-05-15 23:56:00
28,WIF ibLIl,500.09,recharge,2026-05-15 23:56:00
28,pRINTout SHOp REF4053,50.0,education,2026-05-16 17:55:00
28,Swiggy Instamart,40.0,food,2026-05-16 20:07:00
28,Swigy Insstmaart,40.0,food,2026-05-16 20:07:00
28,COLLEGE FEE PORTAL RE,50.0,education,2026-05-16 22:52:00
28,COLLEGE FEE ORTAL RE,50.0,education,2026-05-16 22:52:00
28,UPI-ROOMMATE SPLIT-3334@okaxis,648.86,misc,2026-05-16 23:10:00
28,UPI-PRIYA S-9667@okaxis,50.0,misc,2026-05-17 11:43:00
28,Dominos REF4871,164.97,food,2026-05-18 13:08:00
28,SWIGGY*ORD66320,386.75,food,2026-05-18 19:54:00
28,htostar,337.26,entertainment,2026-05-18 20:12:00
28,Vi Prepaid*ORD422073,273.71,recharge,2026-05-19 09:27:00
28,Vi Prepaid*ORD422073,273.71,recharge,2026-05-19 09:27:00
28,Coursera*ORD262314,569.22,education,2026-05-19 09:34:00
28,Coursera*ORD262314,569.22,education,2026-05-19 09:34:00
28,MESS FEE REF9086,199.44,food,2026-05-19 19:15:00
28,MESSFEE REF9086,199.44,food,2026-05-19 19:15:00
28,HOTSTAR REF1006,234.86,entertainment,2026-05-19 19:42:00
28,COURSERA REF6283,380.77,education,2026-05-19 20:03:00
28,UPI-FRIEND REPAYMENT-4724@okaxis,50.0,misc,2026-05-20 17:24:00
28,AIRTEL PREPAID,216.48,recharge,2026-05-20 20:28:00
28,Swiggy Instamart,40.0,food,2026-05-20 21:49:00
28,OLA AUTO REF801,29.84,transport,2026-05-21 08:20:00
28,UPI-MESS SECRETARY-9860@okaxis,432.77,misc,2026-05-22 18:05:00
28,Zomato/UPI/668799936,162.12,food,2026-05-23 08:01:00
28,UPI-PRIYA S-1072@okaxis,629.64,misc,2026-05-24 13:54:00
28,IRCTC TXN60307,39.34,transport,2026-05-24 18:54:00
28,ICRTC TXXN60307,39.34,transport,2026-05-24 18:54:00
28,uDeMY,648.17,education,2026-05-25 15:03:00
28,UPI-ROOMMATE SPLIT-2296@okaxis,628.83,misc,2026-05-26 10:39:00
28,flIpkArT*ORD674237,1097.12,shopping,2026-05-26 12:50:00
28,jiO RecHarge REF4325,559.63,recharge,2026-05-27 09:47:00
28,jiO RecHarge REF4325,559.63,recharge,2026-05-27 09:47:00
28,SOPTIFY REF2359,441.69,entertainment,2026-05-28 15:27:00
28,Jio Recharge*ORD603508,99.0,recharge,2026-06-01 10:28:00
28,Jio eRcharge*ORD603508,99.0,recharge,2026-06-01 10:28:00
28,ExaM fEE PAyMENT REF3181,324.08,education,2026-06-01 17:50:00
28,ExaM fEE PAMENTR  EF3181,324.08,education,2026-06-01 17:50:00
28,Spotify TXN33059,88.91,entertainment,2026-06-01 19:56:00
28,Pg RENt pAYMenT TXN32919,6576.81,rent,2026-06-02 06:09:00
28,LANDLORD TRANSFER TXN68539,6699.7,rent,2026-06-02 07:06:00
28,FLIPKART,423.05,shopping,2026-06-02 10:43:00
28,Ola,156.94,transport,2026-06-02 21:19:00
28,MYNTRA TXN51442,992.23,shopping,2026-06-03 09:53:00
28,COLLEGE FEE PORTAL/UP,50.0,education,2026-06-03 16:25:00
28,UDEMY REF2,174.62,education,2026-06-03 20:48:00
28,UPI-PRIYA S-6290@okaxis,50.0,misc,2026-06-03 22:49:00
28,UPI-RAHUL K-1438@okaxis,1096.81,misc,2026-06-04 10:22:00
28,zomaTo TXN79582,388.27,food,2026-06-04 13:02:00
28,zomaT TXN79582,388.27,food,2026-06-04 13:02:00
28,PG RENT PAYMENT REF7858,9308.71,rent,2026-06-04 14:44:00
28,P GRENT PAYMENT REF7858,9308.71,rent,2026-06-04 14:44:00
28,Landlord Tra,9358.6,rent,2026-06-04 19:09:00
28,Airtel Prepaid*ORD262537,434.61,recharge,2026-06-04 20:49:00
28,UPI-MESS SECRETARY-2082@okaxis,299.05,misc,2026-06-05 14:16:00
28,Hostel Fee*ORD403449,9098.84,rent,2026-06-05 16:44:00
28,Hostel Fee*ORD403449,9098.84,rent,2026-06-05 16:44:00
28,COLLEGE FEE PORTAL TXN65439,50.0,education,2026-06-05 18:50:00
28,CaMpuS CaNTEEN REF2484,197.02,food,2026-06-06 21:05:00
28,spOtIfy*ORD661161,313.51,entertainment,2026-06-06 23:02:00
28,spOtIfy*ORD661161,313.51,entertainment,2026-06-06 23:02:00
28,PRINTOUT SHOP,665.0,education,2026-06-08 06:21:00
28,COLLEGE FEE PORTAL*ORD389080,817.1,education,2026-06-08 16:05:00
28,AMAZON TXN76834,1138.22,shopping,2026-06-10 10:23:00
28,AMAZZON TXN76834,1138.22,shopping,2026-06-10 10:23:00
28,UPI-MESS SECRETARY-5719@okaxis,50.0,misc,2026-06-10 15:20:00
28,Amazon,439.4,shopping,2026-06-10 23:08:00
28,Aamzon,439.4,shopping,2026-06-10 23:08:00
28,UPI-UNKNOWN UPI-2342@okaxis,50.0,misc,2026-06-13 21:09:00
28,Meesho,100.0,shopping,2026-06-13 21:12:00
28,eMesho,100.0,shopping,2026-06-13 21:12:00
28,UPI-RAHUL K-9784@okaxis,50.0,misc,2026-06-14 14:50:00
28,FLIPKART TXN52176,100.54,shopping,2026-06-14 18:51:00
28,FLIPKART TXN522176,100.54,shopping,2026-06-14 18:51:00
28,UbER MOTO RE3F313,118.13,transport,2026-06-16 06:17:00
28,AIRTEL PREPAID/UPI/942718843,107.66,entertainment,2026-06-17 06:01:00
28,jio rEChARge TXN2914,113.96,recharge,2026-06-17 10:45:00
28,jio rEChARge TXN2914,113.96,recharge,2026-06-17 10:45:00
28,REDbUs REF9916,151.05,transport,2026-06-17 11:56:00
28,RDEbs REF9916,151.05,transport,2026-06-17 11:56:00
28,EXAM FEE PAYMENT/UPI/883806001,1403.72,education,2026-06-17 16:50:00
28,EXMA FEE PAYMENT//UPI/883806001,1403.72,education,2026-06-17 16:50:00
28,FLIPKART/UPI/262029323,993.71,shopping,2026-06-19 15:28:00
28,MYNTRA/UPI/276119411,605.73,shopping,2026-06-20 22:33:00
28,MYNTRA/UIP/276119411,605.73,shopping,2026-06-20 22:33:00
28,COllege FEe PORTal TXN69536,50.0,education,2026-06-22 14:49:00
28,UPI-MESS SECRETARY-4859@okaxis,82.56,misc,2026-06-22 15:55:00
28,UPI-RAHUL K-2120@okaxis,50.0,misc,2026-06-26 08:41:00
28,UPI-ROOMMATE SPLIT-7972@okaxis,50.0,misc,2026-06-27 11:20:00
28,UPI-UNKNOWN UPI-5203@okaxis,371.41,misc,2026-06-28 22:25:00
28,cIty Bus Pass REF6024,20.0,transport,2026-07-01 21:57:00
28,Landlord Transfer,7138.08,rent,2026-07-02 07:37:00
28,lANdLORD traNSferU/PI/226637501,10794.89,rent,2026-07-02 14:17:00
28,Pg Rent Payment/UPI/931147002,7714.36,rent,2026-07-03 09:14:00
28,Pg Rent Payment/UPI/931147002,7714.36,rent,2026-07-03 09:14:00
28,Wifi Bill,136.77,recharge,2026-07-03 13:17:00
28,PRINTOUT SHOP/UPI/36,50.0,education,2026-07-03 15:07:00
28,PRINTOUT SHOP/UPI/36,50.0,education,2026-07-03 15:07:00
28,netFlIx TXN18335,84.57,entertainment,2026-07-03 21:08:00
28,LAnDlorD tRaNsf,5509.61,rent,2026-07-04 13:48:00
28,Redbus,148.52,transport,2026-07-04 14:05:00
28,LANDLORD TRANSFER REF9222,5319.37,rent,2026-07-05 18:13:00
28,Netflix*ORD50,460.66,entertainment,2026-07-05 20:36:00
28,Exam Fee Payment/UPI/890593616,393.09,education,2026-07-06 09:05:00
28,ExamFee Payemnt/UPI/890593616,393.09,education,2026-07-06 09:05:00
28,AJIO REF299,1114.05,shopping,2026-07-06 10:16:00
28,zOMaTo*ORD229324,136.35,food,2026-07-06 10:36:00
28,PRINTOUT SHOP*ORD658025,1560.02,education,2026-07-06 21:57:00
28,MEESHO TXN46893,100.0,shopping,2026-07-07 12:24:00
28,Flipkart,704.54,shopping,2026-07-07 19:09:00
28,Flipkat,704.54,shopping,2026-07-07 19:09:00
28,PETROL PUMP/UPI/9221,59.91,transport,2026-07-08 09:27:00
28,PETROL  PUMP/UPI/9221,59.91,transport,2026-07-08 09:27:00
28,wifI BIlL TXN66812,504.03,recharge,2026-07-08 14:48:00
28,wifI BlL TXN66812,504.03,recharge,2026-07-08 14:48:00
28,Amazon/UPI/5,360.94,shopping,2026-07-08 21:27:00
28,Spotify,95.24,entertainment,2026-07-09 06:55:00
28,UPI-FRIEND REPAYMENT-5627@okaxis,50.0,misc,2026-07-09 16:00:00
28,exam fEE payMENt*ORD481632,50.0,education,2026-07-10 07:58:00
28,AIrTeL pRePaId/UPI/395163078,254.82,recharge,2026-07-10 12:30:00
28,UPI-PRIYA S-4622@okaxis,50.0,misc,2026-07-10 16:30:00
28,CafE cOFFEE da,476.75,food,2026-07-10 21:50:00
28,SwIggY inSTAmRat,298.0,food,2026-07-11 09:01:00
28,MESS FEE/UPI/660471,98.49,food,2026-07-11 19:15:00
28,MESS FEE/UPI/660471,98.49,food,2026-07-11 19:15:00
28,Uebr TXN56975,129.26,transport,2026-07-12 14:07:00
28,Ueb TNX569755,129.26,transport,2026-07-12 14:07:00
28,EXAM FEE PAYMEN,490.84,education,2026-07-13 11:55:00
28,EXAM FEE PAYEMN,490.84,education,2026-07-13 11:55:00
28,PrintoutS hop*ORD693255,554.05,education,2026-07-13 12:39:00
28,PrnitoutS hop*ORD693255,554.05,education,2026-07-13 12:39:00
28,UPI-MESS SECRETARY-8638@okaxis,463.63,misc,2026-07-14 20:14:00
28,IRCTC/UPI/890733921,203.08,transport,2026-07-14 20:51:00
28,IRCTC/PUI/890733921,203.08,transport,2026-07-14 20:51:00
28,UPI-MESS SECRETARY-8858@okaxis,89.38,misc,2026-07-15 10:38:00
28,Coursera,1018.4,education,2026-07-16 07:02:00
28,PRimE viDEO/UPI/50656,546.18,entertainment,2026-07-16 11:14:00
28,Metro Card Recharg,97.71,transport,2026-07-16 12:41:00
28,COLLEGE FEE POR,1056.88,education,2026-07-16 14:04:00
28,booKMYshoW*ORD823451,79.0,entertainment,2026-07-16 14:30:00
28,Myntra TXN20257,100.0,shopping,2026-07-16 22:55:00
28,Myntar TXN20257,100.0,shopping,2026-07-16 22:55:00
28,AIRTEL PREPAID*ORD817778,253.35,recharge,2026-07-17 22:37:00
28,wFII BIlL,99.0,recharge,2026-07-17 23:05:00
28,HOTSTAR TXN42254,141.3,entertainment,2026-07-18 18:52:00
28,UPI-PRIYA S-7321@okaxis,117.92,misc,2026-07-20 12:43:00
28,PRINTOUT SHOP REF61,50.0,education,2026-07-20 23:49:00
28,PRINTOUT SHOP REF61,50.0,education,2026-07-20 23:49:00
28,UPI-UNKNOWN UPI-2710@okaxis,50.0,misc,2026-07-21 10:25:00
28,UDEMY/UPI/371928924,224.39,recharge,2026-07-21 18:13:00
28,UDEMY*ORD9,1507.84,education,2026-07-22 15:47:00
28,UEMY*ORD9,1507.84,education,2026-07-22 15:47:00
28,aMaZOn/UPI/569868013,100.0,shopping,2026-07-22 17:19:00
28,EXAM FEE PAYMENT/UPI/887257460,939.11,education,2026-07-22 19:25:00
28,Cafe Coffee Day,324.9,food,2026-07-24 21:28:00
28,Cafe CoffeeD ay,324.9,food,2026-07-24 21:28:00
28,HotSTar,245.57,entertainment,2026-07-25 11:21:00
28,UPI-PRIYA S-8404@okaxis,50.0,misc,2026-07-26 10:04:00
28,UPI-FRIEND REPAYMENT-5914@okaxis,566.65,misc,2026-07-26 12:00:00
28,Meesho*ORD974999,842.99,shopping,2026-07-26 21:17:00
28,Meesho*ORD979499,842.99,shopping,2026-07-26 21:17:00
28,MYNTra REF8032,601.62,shopping,2026-08-01 21:38:00
28,Redbus,171.64,transport,2026-08-02 10:51:00
28,Rebus,171.64,transport,2026-08-02 10:51:00
28,hoSteL FEe TXN,6449.19,rent,2026-08-02 12:30:00
28,Ajio,100.0,shopping,2026-08-02 13:36:00
28,Ajio,100.0,shopping,2026-08-02 13:36:00
28,BOOKMYSHWO,99.18,entertainment,2026-08-02 21:19:00
28,pG Rent PayMEnt REF3139,5253.92,rent,2026-08-03 12:52:00
28,pG Rent PayEMnt EF3139,5253.92,rent,2026-08-03 12:52:00
28,zOMato REF7377,177.88,food,2026-08-03 13:30:00
28,LANDLORD TRANSFER,7431.35,rent,2026-08-05 10:56:00
28,CAmPUS caNteEN/UPI/733691459,246.18,food,2026-08-05 16:51:00
28,PRintout shoP*ORD519024,50.0,education,2026-08-05 22:19:00
28,PRintout shoP*ORD519024,50.0,education,2026-08-05 22:19:00
28,Flipkart/UPI,874.91,shopping,2026-08-06 07:03:00
28,fLIPkarT REF2176,2414.53,shopping,2026-08-07 11:33:00
28,SWIGGY INSTAMART*ORD438985,40.0,food,2026-08-07 23:06:00
28,Vi Prepaid,196.3,recharge,2026-08-08 06:22:00
28,Netflix TXN66558,79.0,entertainment,2026-08-08 11:29:00
28,Netfix TXN66558,79.0,entertainment,2026-08-08 11:29:00
28,Ola Auto,127.32,transport,2026-08-08 11:43:00
28,Ola Atuo,127.32,transport,2026-08-08 11:43:00
28,Netflix,322.02,entertainment,2026-08-08 20:05:00
28,MeesHo,242.57,shopping,2026-08-09 11:16:00
28,UDEMY TXN44921,50.0,education,2026-08-10 10:20:00
28,SpotiFy,79.0,entertainment,2026-08-10 14:41:00
28,SpotiFy,79.0,entertainment,2026-08-10 14:41:00
28,HOTSTAR,79.0,entertainment,2026-08-10 21:31:00
28,UPI-RAHUL K-8852@okaxis,50.0,misc,2026-08-12 13:37:00
28,SPOTIFY,79.0,rent,2026-08-13 07:43:00
28,PSOTIFY,79.0,rent,2026-08-13 07:43:00
28,MEESHO REF5001,333.36,shopping,2026-08-13 13:14:00
28,MEESHO REF50100,333.36,shopping,2026-08-13 13:14:00
28,SWIGGY,297.14,entertainment,2026-08-13 17:52:00
28,SWGYG,297.14,entertainment,2026-08-13 17:52:00
28,UPI-RAHUL K-4848@okaxis,50.0,misc,2026-08-13 18:47:00
28,Amazon*ORD681460,1155.42,shopping,2026-08-14 11:20:00
28,Ammazon*ORD681460,1155.42,shopping,2026-08-14 11:20:00
28,AmaZon,100.0,shopping,2026-08-14 13:26:00
28,SpoTIFY/UPI/751001595,173.81,entertainment,2026-08-14 16:00:00
28,meESHO,1552.79,shopping,2026-08-15 17:28:00
28,UbER/UPI/430913000,144.69,transport,2026-08-17 20:45:00
28,NETFLIX,243.37,entertainment,2026-08-19 20:53:00
28,NETFIX,243.37,entertainment,2026-08-19 20:53:00
28,Uber,62.52,transport,2026-08-20 13:12:00
28,Netflix*ORD520813,188.25,entertainment,2026-08-21 20:04:00
28,bOokMyShOw REF4414,110.07,entertainment,2026-08-22 09:49:00
28,UPI-MESS SECRETARY-4388@okaxis,835.73,misc,2026-08-27 14:04:00
28,DOMINOS/UPI/7420,117.31,food,2026-08-27 19:38:00
28,DOMINOSU/PII/7420,117.31,food,2026-08-27 19:38:00
29,Cafe Coffee Day,67.62,food,2026-04-01 07:05:00
29,Dominos,369.63,food,2026-04-01 15:16:00
29,HOTSTAR*ORD647,183.16,entertainment,2026-04-01 15:42:00
29,Cafe Coffee ,382.87,food,2026-04-01 17:58:00
29,Mess Fee*ORD,40.0,food,2026-04-01 20:27:00
29,pg REnt pAyMent,6899.08,rent,2026-04-03 19:44:00
29,pg REnt pAyMent,6899.08,rent,2026-04-03 19:44:00
29,UPI-FRIEND REPAYMENT-9944@okaxis,685.91,misc,2026-04-04 16:48:00
29,UPI-ROOMMATE SPLIT-7556@okaxis,492.24,misc,2026-04-04 17:37:00
29,LANDLORD TR,5303.4,rent,2026-04-04 17:51:00
29,LANDLORD TR,5303.4,rent,2026-04-04 17:51:00
29,UPI-ROOMMATE SPLIT-6168@okaxis,398.99,misc,2026-04-04 21:08:00
29,AMAZON,100.0,shopping,2026-04-05 21:05:00
29,UPI-PRIYA S-6858@okaxis,296.13,misc,2026-04-06 08:17:00
29,Spotiyf,79.0,entertainment,2026-04-06 10:14:00
29,CIty BUs pass TXN31063,201.88,transport,2026-04-10 09:58:00
29,METRO CARD RECHARGE*ORD794550,180.88,transport,2026-04-10 16:27:00
29,METRO ACRD RECHARGE*ORD7945550,180.88,transport,2026-04-10 16:27:00
29,UPI-RAHUL K-8132@okaxis,50.0,misc,2026-04-11 16:55:00
29,OLa REF827,74.3,transport,2026-04-12 10:33:00
29,UPI-ROOMMATE SPLIT-4305@okaxis,878.63,misc,2026-04-16 12:57:00
29,MEESHO/UPI/847934068,291.41,shopping,2026-04-16 20:53:00
29,MEESHO/UPI/8479330468,291.41,shopping,2026-04-16 20:53:00
29,AirtelP repaid TXN80510,99.0,recharge,2026-04-17 06:38:00
29,AirtelP repaid TN80510,99.0,recharge,2026-04-17 06:38:00
29,Metro Card Recharge REF4470,146.22,transport,2026-04-17 12:57:00
29,citY bUS PASs,360.11,transport,2026-04-17 17:01:00
29,UPI-MESS SECRETARY-3425@okaxis,651.59,misc,2026-04-18 16:56:00
29,UPI-RAHUL K-4816@okaxis,128.15,misc,2026-04-20 23:00:00
29,UPI-ROOMMATE SPLIT-2366@okaxis,116.06,misc,2026-04-22 12:51:00
29,Udemy/UPI/107841584,911.9,education,2026-04-22 13:34:00
29,Udemy/UPI/10841584,911.9,education,2026-04-22 13:34:00
29,UdEMy/UPI/29995794,50.0,education,2026-04-23 23:09:00
29,UPI-PRIYA S-2827@okaxis,128.41,misc,2026-04-24 12:29:00
29,ZOMATO,578.47,food,2026-04-27 11:04:00
29,Campus Canteen,264.94,food,2026-05-01 14:32:00
29,Campu sCanteen,264.94,food,2026-05-01 14:32:00
29,Swiggy Instamart,223.42,food,2026-05-01 22:03:00
29,Swgigy Istamart,223.42,food,2026-05-01 22:03:00
29,DOMINOS*ORD970255,382.97,food,2026-05-01 22:21:00
29,pg Rent paYmENt/UPI/413170840,5997.32,rent,2026-05-02 11:35:00
29,landLOrd tranSfer,7141.79,rent,2026-05-02 12:03:00
29,PIRNTOUT SHOP,517.05,education,2026-05-02 12:10:00
29,PIRNTOUT SHHOP,517.05,education,2026-05-02 12:10:00
29,LaNDLOrD TRansfeR REF9795,4802.54,rent,2026-05-02 17:22:00
29,LaNDLOrD TRanseR REF9795,4802.54,rent,2026-05-02 17:22:00
29,VI PREPAID,650.04,recharge,2026-05-02 18:26:00
29,UPI-FRIEND REPAYMENT-3335@okaxis,630.56,misc,2026-05-02 22:06:00
29,Pg RenT paYmENT TXN24960,4368.57,rent,2026-05-03 09:03:00
29,HOTSTAR TXN1088,493.66,entertainment,2026-05-03 09:49:00
29,UDEMY,699.33,education,2026-05-03 10:45:00
29,UDDEMY,699.33,education,2026-05-03 10:45:00
29,ajIO/UPI/472421546,1099.06,shopping,2026-05-03 23:26:00
29,ajIO/UPI/72421546,1099.06,shopping,2026-05-03 23:26:00
29,Hostel Fee TXN72,5502.86,rent,2026-05-04 22:45:00
29,Hostel Fee TNX72,5502.86,rent,2026-05-04 22:45:00
29,UPI-MESS SECRETARY-5617@okaxis,514.99,misc,2026-05-04 22:58:00
29,PRIME VIDEO/UPI/264987464,355.68,entertainment,2026-05-05 15:41:00
29,fLiPkart,100.0,shopping,2026-05-06 11:03:00
29,HOTSTAr,79.0,entertainment,2026-05-06 12:35:00
29,flipkarT,314.14,shopping,2026-05-07 14:44:00
29,pRiME vIdeo,285.38,entertainment,2026-05-08 06:42:00
29,pRiEM vIdeo,285.38,entertainment,2026-05-08 06:42:00
29,wifI BiLl TXN19641,264.57,recharge,2026-05-08 23:15:00
29,Uber,337.23,transport,2026-05-08 23:39:00
29,BOOKMYSHOW,79.0,entertainment,2026-05-09 09:25:00
29,Cafe Coffee Da,354.44,food,2026-05-09 22:15:00
29,exAM FEe paymenT REF9767,752.85,education,2026-05-10 15:01:00
29,meeShO TXN36,466.11,shopping,2026-05-10 20:33:00
29,UPI-MESS SECRETARY-6690@okaxis,50.0,misc,2026-05-12 15:56:00
29,UPI-ROOMMATE SPLIT-8256@okaxis,68.62,misc,2026-05-12 20:39:00
29,VI PREPAID ,520.91,recharge,2026-05-13 07:24:00
29,VI PREPAID ,520.91,recharge,2026-05-13 07:24:00
29,Namma Metro REF8549,279.98,transport,2026-05-13 08:13:00
29,Namma Metro E88F549,279.98,transport,2026-05-13 08:13:00
29,MEESHO,511.56,shopping,2026-05-13 11:25:00
29,UBER MOTO/UPI/576934056,270.27,transport,2026-05-13 13:50:00
29,Wifi Bill TXN2,284.81,recharge,2026-05-13 18:23:00
29,Wifi Bill TXN2,284.81,recharge,2026-05-13 18:23:00
29,OLA,20.0,transport,2026-05-13 22:19:00
29,PRINTOUT SHOP TX,194.71,education,2026-05-14 18:12:00
29,UPI-UNKNOWN UPI-2514@okaxis,729.45,misc,2026-05-14 18:56:00
29,Airtel Prepaid REF3531,241.31,recharge,2026-05-15 07:16:00
29,UPI-RAHUL K-3880@okaxis,678.36,misc,2026-05-15 13:21:00
29,SPOTIFY/UPI/377490229,96.75,entertainment,2026-05-16 11:05:00
29,SPOTIFY/UPI/377490229,96.75,entertainment,2026-05-16 11:05:00
29,Swiggy,408.89,food,2026-05-17 19:23:00
29,Sigggy,408.89,food,2026-05-17 19:23:00
29,Swiggy Instamart,402.0,food,2026-05-18 06:35:00
29,Swiggy Instamart,402.0,food,2026-05-18 06:35:00
29,UPI-UNKNOWN UPI-3167@okaxis,276.63,misc,2026-05-18 13:03:00
29,UPI-UNKNOWN UPI-8954@okaxis,279.38,misc,2026-05-18 16:56:00
29,Airtel Prepaid/UPI/382622651,417.5,recharge,2026-05-18 20:24:00
29,AJIO,1304.72,shopping,2026-05-21 13:26:00
29,bOoKmyshOW TXN,79.0,entertainment,2026-05-22 14:34:00
29,UPI-FRIEND REPAYMENT-4942@okaxis,269.0,misc,2026-05-22 23:01:00
29,UPI-UNKNOWN UPI-4268@okaxis,1064.8,misc,2026-05-22 23:34:00
29,UPI-UNKNOWN UPI-2299@okaxis,684.94,misc,2026-05-24 17:03:00
29,WiFi bIlL,246.63,recharge,2026-05-25 15:46:00
29,aJio TXN14637,100.0,shopping,2026-05-26 16:06:00
29,aJio TXN14367,100.0,shopping,2026-05-26 16:06:00
29,PETROL PUMP/UPI/730924845,20.0,rent,2026-05-28 16:00:00
29,PETROL PUMP/UPI/73294845,20.0,rent,2026-05-28 16:00:00
29,AJIO*ORD942463,849.38,shopping,2026-06-01 14:44:00
29,AJO*ORD942463,849.38,shopping,2026-06-01 14:44:00
29,Printout Shop,65.93,education,2026-06-02 12:47:00
29,Printout hSSop,65.93,education,2026-06-02 12:47:00
29,Hostel Fee,9019.86,rent,2026-06-02 17:10:00
29,AJIO,1042.59,shopping,2026-06-03 07:24:00
29,AJIO,1042.59,shopping,2026-06-03 07:24:00
29,Pg eRnt Payment,8309.23,rent,2026-06-03 07:37:00
29,Pg eRnt  Pyment,8309.23,rent,2026-06-03 07:37:00
29,PG RENT PAYMENT/UPI/334522120,7437.07,rent,2026-06-03 16:42:00
29,PG RENT PAYMENT/UPI/334522120,7437.07,rent,2026-06-03 16:42:00
29,HOSTEL FEE*ORD904401,7048.28,rent,2026-06-03 17:57:00
29,Uber,242.28,transport,2026-06-03 22:52:00
29,Uber,242.28,transport,2026-06-03 22:52:00
29,Wifi Bill TXN49543,203.64,recharge,2026-06-04 18:18:00
29,LaNDloRD TransfeR,8098.12,rent,2026-06-05 08:02:00
29,PETrOL PUmp/,149.39,transport,2026-06-05 12:46:00
29,Landlord Transfer/UPI/942356232,9165.51,rent,2026-06-05 18:44:00
29,Landlord Tranfser/UPI/942356232,9165.51,rent,2026-06-05 18:44:00
29,uDeMy*ORD3,50.0,education,2026-06-09 19:37:00
29,prImE vidEO,421.19,entertainment,2026-06-09 19:42:00
29,prImE vidEO,421.19,entertainment,2026-06-09 19:42:00
29,Exam Fee Pa,50.0,education,2026-06-09 22:28:00
29,Eamm Fee Pa,50.0,education,2026-06-09 22:28:00
29,HoTTSAR TXN69014,296.54,entertainment,2026-06-10 09:22:00
29,EXAM FEE PA,1629.22,education,2026-06-10 11:30:00
29,EXAM FEE PAYMENT*ORD416652,1174.28,education,2026-06-10 16:01:00
29,NETLFIX REF2870,383.02,entertainment,2026-06-11 22:50:00
29,NETLFXI REF2870,383.02,entertainment,2026-06-11 22:50:00
29,Amazon REF8202,533.14,shopping,2026-06-12 11:00:00
29,SwiggY INstamAR,178.3,food,2026-06-13 14:21:00
29,SwiggY INsstamAR,178.3,food,2026-06-13 14:21:00
29,UPI-FRIEND REPAYMENT-9820@okaxis,50.0,misc,2026-06-16 14:05:00
29,UPI-FRIEND REPAYMENT-8829@okaxis,313.06,misc,2026-06-16 16:43:00
29,UPI-RAHUL K-7608@okaxis,459.79,misc,2026-06-17 19:26:00
29,Meesho*ORD955268,1007.37,shopping,2026-06-17 20:49:00
29,sWiggY,131.68,food,2026-06-17 22:18:00
29,sWiggY,131.68,food,2026-06-17 22:18:00
29,Exam Fee Paymetn,433.12,education,2026-06-20 15:15:00
29,EXaM FeE pamYent,378.94,education,2026-06-22 19:49:00
29,AIRTEL PREPAID REF,310.72,recharge,2026-06-22 21:31:00
29,AIRTEL REPAID REF,310.72,recharge,2026-06-22 21:31:00
29,UPI-UNKNOWN UPI-5277@okaxis,754.95,misc,2026-06-23 11:00:00
29,Hotsatr,286.12,entertainment,2026-06-23 11:08:00
29,Htosatr,286.12,entertainment,2026-06-23 11:08:00
29,UPI-ROOMMATE SPLIT-7573@okaxis,424.19,misc,2026-06-26 17:58:00
29,Petrlo Pump TXN,86.71,transport,2026-06-27 18:51:00
29,Meesho,100.0,shopping,2026-06-28 20:05:00
29,Meesho,100.0,shopping,2026-06-28 20:05:00
29,COUrSERA,1571.86,education,2026-07-01 09:26:00
29,COUrSERA,1571.86,education,2026-07-01 09:26:00
29,NeFTLix,79.0,entertainment,2026-07-01 13:51:00
29,NNFLTix,79.0,entertainment,2026-07-01 13:51:00
29,EXAM FEE APYMENT REF6040,1321.64,education,2026-07-01 14:34:00
29,meEsHo REF2731,1261.97,shopping,2026-07-01 22:07:00
29,meEso RE2F731,1261.97,shopping,2026-07-01 22:07:00
29,UPI-ROOMMATE SPLIT-1215@okaxis,942.25,misc,2026-07-01 23:42:00
29,PG RENT PAYMENT TXN,7598.49,rent,2026-07-03 14:00:00
29,RAPIDO REF,32.12,transport,2026-07-03 19:04:00
29,sPoTIfY TXN82363,181.83,entertainment,2026-07-03 21:28:00
29,Ajio,1033.19,shopping,2026-07-04 12:12:00
29,Ajiio,1033.19,shopping,2026-07-04 12:12:00
29,PRIME vIdeo,79.0,entertainment,2026-07-04 13:23:00
29,BoOKMysHoW*ORD684944,299.7,entertainment,2026-07-04 15:18:00
29,JIO RECHARGE*ORD176232,209.44,transport,2026-07-05 17:42:00
29,JIO RECHARGE*ORD16232,209.44,transport,2026-07-05 17:42:00
29,aIRtEl prEpaId,271.45,recharge,2026-07-06 15:14:00
29,UPI-RAHUL K-3437@okaxis,217.69,misc,2026-07-06 21:59:00
29,SwiggY/UPI/202199178,265.15,food,2026-07-07 11:15:00
29,College Fee Portal/UPI/568542885,812.17,education,2026-07-08 06:31:00
29,JIo rEchaRge/UPI/946769165,298.7,recharge,2026-07-08 08:00:00
29,vi PrePAId,407.51,recharge,2026-07-09 14:06:00
29,vi PrePAId,407.51,recharge,2026-07-09 14:06:00
29,bookMYshoW/UPI/380776272,96.73,entertainment,2026-07-09 22:43:00
29,bookMYshoWU/PPI/380776272,96.73,entertainment,2026-07-09 22:43:00
29,Jio Recharge,99.0,recharge,2026-07-09 23:28:00
29,BOOKMYSHWO,166.07,entertainment,2026-07-10 09:10:00
29,BOKOMYSHWO,166.07,entertainment,2026-07-10 09:10:00
29,HOTsTAr*ORD312154,79.0,entertainment,2026-07-11 12:20:00
29,Flipkart/UPI/4981,100.0,shopping,2026-07-11 16:12:00
29,lFipkart//UPI/4981,100.0,shopping,2026-07-11 16:12:00
29,coUSreRa,758.52,education,2026-07-11 22:28:00
29,cUSreRa,758.52,education,2026-07-11 22:28:00
29,UdEmY,50.0,education,2026-07-12 13:39:00
29,COURSERA REF3273,541.73,education,2026-07-13 15:44:00
29,COURSERA REF3273,541.73,education,2026-07-13 15:44:00
29,MYNTRA REF245,183.81,shopping,2026-07-15 07:07:00
29,MNRTA REF245,183.81,shopping,2026-07-15 07:07:00
29,IRcTC,20.0,transport,2026-07-15 09:00:00
29,IrctC,210.11,transport,2026-07-15 19:22:00
29,IrctCC,210.11,transport,2026-07-15 19:22:00
29,Amazon/UPI/264139260,1452.68,shopping,2026-07-16 10:52:00
29,UDEMY REF1683,383.57,education,2026-07-16 23:58:00
29,DUEMY RREF1683,383.57,education,2026-07-16 23:58:00
29,uDeMY TXN73785,470.27,education,2026-07-17 23:11:00
29,uDeMY TXN73785,470.27,education,2026-07-17 23:11:00
29,FLiPkarT TXN45450,258.7,shopping,2026-07-18 11:38:00
29,FiPkarT XTN454450,258.7,shopping,2026-07-18 11:38:00
29,Myntra*ORD688852,100.0,shopping,2026-07-19 09:31:00
29,Mnytra*ORD68852,100.0,shopping,2026-07-19 09:31:00
29,Swiggy InstamartO*RD248695,58.03,food,2026-07-19 11:09:00
29,prIME vIdoE,325.17,entertainment,2026-07-20 17:01:00
29,prIM EvIdoE,325.17,entertainment,2026-07-20 17:01:00
29,BoOkmYSHow TXN42050,117.92,entertainment,2026-07-20 18:54:00
29,OLA AUTO,86.17,transport,2026-07-21 23:09:00
29,coUrsera/UPI,50.0,education,2026-07-22 17:40:00
29,Spotify/UPI/973914397,249.12,entertainment,2026-07-24 11:43:00
29,UPI-MESS SECRETARY-5593@okaxis,146.25,misc,2026-07-26 18:02:00
29,Amazon TXN90809,929.36,shopping,2026-08-01 19:55:00
29,UPI-RAHUL K-2775@okaxis,1384.32,misc,2026-08-01 20:23:00
29,Swiggy Instamart*ORD910390,88.85,food,2026-08-01 23:26:00
29,SPOTIFY TXN67598,79.0,entertainment,2026-08-02 06:45:00
29,eMss Fee*ORD603449,40.0,food,2026-08-02 08:14:00
29,priME VidEO/UPI/319679538,200.71,entertainment,2026-08-02 11:52:00
29,MyntRa/UPI/638664517,1050.35,shopping,2026-08-02 18:28:00
29,PRiNtOUT ShoP TXN45370,50.0,education,2026-08-04 08:24:00
29,PRiNtOUT ShP TXN43570,50.0,education,2026-08-04 08:24:00
29,Pg Rent Payment ,4170.81,rent,2026-08-04 10:01:00
29,PgRent Payment ,4170.81,rent,2026-08-04 10:01:00
29,irCTc*ORD672372,291.59,transport,2026-08-04 16:05:00
29,lAnDLord trANSFEr,7079.59,rent,2026-08-04 22:56:00
29,flIPKART/UPI,260.31,shopping,2026-08-04 23:11:00
29,Parking Fee/UPI/854209729,20.0,transport,2026-08-05 08:37:00
29,HOSTEL FEE/UPI/953894951,8297.93,rent,2026-08-05 19:37:00
29,BOOKMYSHOW,82.22,entertainment,2026-08-06 06:01:00
29,Meesho,821.46,shopping,2026-08-06 19:01:00
29,aMaZOn,1679.92,shopping,2026-08-09 08:25:00
29,Flipkart,1277.26,shopping,2026-08-10 06:04:00
29,UPI-PRIYA S-1593@okaxis,50.0,misc,2026-08-11 11:08:00
29,Ubre/UPI/538437297,237.83,transport,2026-08-14 09:14:00
29,Ubre/UPI/538437297,237.83,transport,2026-08-14 09:14:00
29,wIfi biLL,501.57,recharge,2026-08-14 09:38:00
29,Jio Recharge REF2653,178.47,recharge,2026-08-14 09:40:00
29,Jio Recahrge REF2653,178.47,recharge,2026-08-14 09:40:00
29,AJIO/UPI/154491305,571.76,shopping,2026-08-14 12:02:00
29,COLLEGE FEE PORTAL/UPI/692876941,1114.76,education,2026-08-15 16:56:00
29,Swiggy Instamart TXN77300,388.81,food,2026-08-16 15:00:00
29,aMaZOn,1271.73,shopping,2026-08-17 11:48:00
29,UPI-MESS SECRETARY-6711@okaxis,570.05,misc,2026-08-24 14:23:00
29,BOOKMYSHOW TXN90017,133.66,entertainment,2026-08-28 08:34:00
30,Swiggy Instamart/UPI/426566487,234.37,food,2026-04-01 21:48:00
30,hOSTeL fEE,5737.83,rent,2026-04-02 14:21:00
30,CaFe CoFfee dAy,211.08,food,2026-04-02 23:13:00
30,PG RENT PAYMENT TXN95716,6346.32,rent,2026-04-03 09:48:00
30,AmazON TXN85322,100.0,shopping,2026-04-03 21:16:00
30,AmazON TXN853322,100.0,shopping,2026-04-03 21:16:00
30,Exam Fee Pay,1185.92,education,2026-04-03 22:37:00
30,SwiggY*ORD540296,308.65,food,2026-04-04 08:26:00
30,SwiggY*RD540296,308.65,food,2026-04-04 08:26:00
30,Pg Rent Payment*ORD654273,5739.26,rent,2026-04-04 13:14:00
30,Pg Rent Payment*ORD654273,5739.26,rent,2026-04-04 13:14:00
30,myntRA TXN77707,826.89,shopping,2026-04-04 13:41:00
30,hOsTEl fee,8030.86,shopping,2026-04-04 14:34:00
30,hOsTEElf ee,8030.86,shopping,2026-04-04 14:34:00
30,COURSERA TXN38215,774.94,education,2026-04-05 21:36:00
30,SPOTIFY REF2751,339.19,entertainment,2026-04-07 10:18:00
30,SPOTIFY REF22751,339.19,entertainment,2026-04-07 10:18:00
30,COllEge FEe pOrTaL,373.24,education,2026-04-07 15:40:00
30,OLA AUTO TXN19909,20.0,transport,2026-04-07 19:39:00
30,OLA AUTO XTN19909,20.0,transport,2026-04-07 19:39:00
30,Zomato/UPI/645726534,178.31,food,2026-04-07 19:59:00
30,Zomaot/UP/645726534,178.31,food,2026-04-07 19:59:00
30,Coursera,413.85,education,2026-04-08 06:48:00
30,coLlEgE fee POrTaL REF5826,50.0,education,2026-04-08 21:00:00
30,coLlEg Efee POrTaL REF586,50.0,education,2026-04-08 21:00:00
30,Jio Recharge,178.32,recharge,2026-04-09 10:11:00
30,COLlEge fEE poRTaL/UPI/754692663,516.07,education,2026-04-09 10:42:00
30,BOoKMYShoW,114.99,shopping,2026-04-09 22:50:00
30,BOKoMYSoW,114.99,shopping,2026-04-09 22:50:00
30,OLA AUTO,132.08,transport,2026-04-10 10:26:00
30,CFAE COFFEE DAY,202.16,recharge,2026-04-10 12:03:00
30,uDEMy REF6020,355.39,rent,2026-04-10 12:10:00
30,Udemy,755.4,education,2026-04-10 13:56:00
30,Udemy,755.4,education,2026-04-10 13:56:00
30,UPI-PRIYA S-9994@okaxis,339.73,misc,2026-04-11 14:58:00
30,Netflix REF9707,125.23,entertainment,2026-04-12 13:57:00
30,myNTra REF7081,160.35,shopping,2026-04-14 19:18:00
30,UPI-PRIYA S-7441@okaxis,50.0,misc,2026-04-14 21:06:00
30,PRINTOUT SHOP/U,289.27,education,2026-04-15 06:45:00
30,MeESHO*OR2D46341,731.68,shopping,2026-04-15 09:43:00
30,Cafe Coffee Day TXN50538,165.73,food,2026-04-16 20:56:00
30,Cafe Coffee Day TXN50538,165.73,food,2026-04-16 20:56:00
30,UPI-RAHUL K-4956@okaxis,506.46,misc,2026-04-17 14:04:00
30,Udemy,1205.31,education,2026-04-17 18:02:00
30,SPOTIFY TXN90887,442.98,entertainment,2026-04-18 14:45:00
30,sWiGgy iNSTaMarT REF5585,189.2,food,2026-04-20 20:51:00
30,UPI-FRIEND REPAYMENT-3862@okaxis,143.84,misc,2026-04-25 09:34:00
30,FLiPKart,1307.04,shopping,2026-04-25 20:27:00
30,Bookmyshow/UPI/3736,79.0,entertainment,2026-04-27 18:58:00
30,Bookmshhow/UPI/3736,79.0,entertainment,2026-04-27 18:58:00
30,UPI-FRIEND REPAYMENT-8901@okaxis,55.53,misc,2026-04-28 13:57:00
30,ZoMatO REF6042,409.43,food,2026-05-01 10:01:00
30,sWIgGY INStamARt/UPI/555896162,185.46,food,2026-05-01 12:07:00
30,UPI-UNKNOWN UPI-6256@okaxis,895.84,misc,2026-05-01 14:06:00
30,WIfI BIlL TX,317.52,recharge,2026-05-01 19:41:00
30,WIIf BIlL TX,317.52,recharge,2026-05-01 19:41:00
30,Uber Moto,220.76,transport,2026-05-02 06:43:00
30,AMAZON,287.85,entertainment,2026-05-02 07:10:00
30,Pg Rent Payment*ORD748844,4000.0,rent,2026-05-02 08:19:00
30,lAndloRd TRanSFER*ORD474744,8121.17,rent,2026-05-02 08:42:00
30,lAndloRd TRaSnFER*ORD474744,8121.17,rent,2026-05-02 08:42:00
30,PG RENT PAYMENT,6877.16,rent,2026-05-02 10:14:00
30,PG RENT PAYMENTT,6877.16,rent,2026-05-02 10:14:00
30,HOTSTAR*ORD742590,291.16,entertainment,2026-05-02 13:09:00
30,HOSTeL feE*ORD127536,8486.79,rent,2026-05-02 14:38:00
30,HOSTeL feE*OR1D27536,8486.79,rent,2026-05-02 14:38:00
30,Vi rPepaid,189.54,recharge,2026-05-02 16:20:00
30,mEss fEe REF5101,40.0,food,2026-05-02 17:46:00
30,SWIGGY/UPI/842512790,225.4,food,2026-05-02 19:55:00
30,SWIGGY/UI/8224512790,225.4,food,2026-05-02 19:55:00
30,spotIfy REF8429,79.0,entertainment,2026-05-02 20:57:00
30,HOSTeL FEE TXN30282,6575.27,rent,2026-05-02 21:34:00
30,HOSTeL FEE TXN330282,6575.27,rent,2026-05-02 21:34:00
30,Vi Prepaid*ORD6,99.0,recharge,2026-05-02 23:09:00
30,FLIkPaRt,167.61,shopping,2026-05-03 06:03:00
30,Swiggy/UPI/468498584,224.8,food,2026-05-03 08:46:00
30,HOSTEL FEE TXN70158,5837.43,rent,2026-05-03 23:21:00
30,Pg Rent Payment,4000.0,rent,2026-05-04 15:13:00
30,flPiKarT,1014.89,shopping,2026-05-04 17:36:00
30,flPiaarT,1014.89,shopping,2026-05-04 17:36:00
30,Landlord Transfer,8751.61,rent,2026-05-04 19:48:00
30,LandlordT ransfer,8751.61,rent,2026-05-04 19:48:00
30,Cafe Coffee Day REF8984,371.93,food,2026-05-04 22:51:00
30,BOOKMYSHOW REF9566,79.0,entertainment,2026-05-05 12:19:00
30,LANDLORD TRANSFER REF9073,6421.76,rent,2026-05-05 18:07:00
30,Hostel Fee*ORD132210,7237.14,rent,2026-05-05 19:17:00
30,Hostel Fee*ORD238,7050.17,rent,2026-05-05 22:15:00
30,Hostel eFe*ORD238,7050.17,rent,2026-05-05 22:15:00
30,FliPkArT,470.52,shopping,2026-05-05 23:21:00
30,FliPATr,470.52,shopping,2026-05-05 23:21:00
30,CAMPUS CANTEEN TXN12149,275.38,food,2026-05-06 20:57:00
30,CAMPUS CANTEE NTXN12149,275.38,food,2026-05-06 20:57:00
30,prmIE vIdEo,279.07,entertainment,2026-05-06 22:28:00
30,UPI-PRIYA S-6665@okaxis,519.23,misc,2026-05-07 22:27:00
30,EXAM FEE PAYMENT*ORD281854,439.01,education,2026-05-08 19:29:00
30,EXAM FEE PAYMET*ORD281854,439.01,education,2026-05-08 19:29:00
30,Uber REF771,207.09,transport,2026-05-08 21:10:00
30,Vi Prepaid/UPI/765509827,234.35,recharge,2026-05-09 09:19:00
30,Ajio REF9521,1243.54,shopping,2026-05-09 11:57:00
30,WIFI BILL REF8354,290.84,recharge,2026-05-10 20:43:00
30,PrInTouT shoP*ORD670995,887.97,education,2026-05-10 20:55:00
30,PrInTouT shooP*ORD670995,887.97,education,2026-05-10 20:55:00
30,hOtsTaR*ORD265599,79.0,entertainment,2026-05-11 08:46:00
30,OLA*ORD472863,20.0,transport,2026-05-11 19:49:00
30,DOMINOS REF8,204.07,food,2026-05-11 22:44:00
30,DOIMOS REEF8,204.07,food,2026-05-11 22:44:00
30,College Fee Porta,365.64,education,2026-05-12 08:03:00
30,College Fe ePoorta,365.64,education,2026-05-12 08:03:00
30,Wifi Bill REF3783,121.83,recharge,2026-05-12 08:06:00
30,Vi Prpeaid REF7,516.32,recharge,2026-05-12 09:22:00
30,PRIME VIDEO REF93,282.99,entertainment,2026-05-12 11:09:00
30,REDBuS REF1034,187.17,rent,2026-05-12 11:12:00
30,RAPIDO*ORD9,129.79,transport,2026-05-12 14:07:00
30,COLlEgE Fee PORTal,50.0,education,2026-05-12 17:20:00
30,UPI-ROOMMATE SPLIT-6669@okaxis,50.0,misc,2026-05-13 18:21:00
30,NETFLIX,283.03,entertainment,2026-05-13 20:47:00
30,UPI-FRIEND REPAYMENT-7440@okaxis,50.0,misc,2026-05-14 14:42:00
30,College Fee Portal,50.0,education,2026-05-16 16:01:00
30,MEESHO TXN24521,807.22,shopping,2026-05-17 14:30:00
30,DOMINOS TXN,152.29,food,2026-05-17 15:54:00
30,DOMINOS TNX,152.29,food,2026-05-17 15:54:00
30,JIO RECHARGE ,294.68,recharge,2026-05-18 06:25:00
30,JIORECHAGRE ,294.68,recharge,2026-05-18 06:25:00
30,NAMMA METRO*ORD175095,314.95,transport,2026-05-18 08:50:00
30,Irctc REF6368,193.16,transport,2026-05-18 15:02:00
30,rIctc REF6368,193.16,transport,2026-05-18 15:02:00
30,ubER,20.0,transport,2026-05-18 15:23:00
30,ubER,20.0,transport,2026-05-18 15:23:00
30,swigGy InSTAmArt REF7740,485.7,food,2026-05-18 22:15:00
30,Myntra/UPI/261066338,442.68,shopping,2026-05-18 23:36:00
30,Myntra/UPI/261066383,442.68,shopping,2026-05-18 23:36:00
30,aMazoN*ORD104211,1333.19,shopping,2026-05-19 22:28:00
30,hotStAr,79.0,entertainment,2026-05-20 08:54:00
30,Coursera*ORD737775,483.79,shopping,2026-05-20 12:27:00
30,PRIME VIDOE,498.24,entertainment,2026-05-20 22:15:00
30,COLLEGE FEE PORTAL,494.09,education,2026-05-21 09:34:00
30,COLLEGE FEE PORTAL,494.09,education,2026-05-21 09:34:00
30,UPI-UNKNOWN UPI-4644@okaxis,50.0,misc,2026-05-21 12:36:00
30,UPI-RAHUL K-8893@okaxis,1246.97,misc,2026-05-21 21:13:00
30,METRO CARD RECHARGE/UPI/740519390,222.44,transport,2026-05-22 19:02:00
30,Swiggy Instamart TXN26803,203.76,food,2026-05-22 22:57:00
30,boOKMYshow*ORD255,186.45,entertainment,2026-05-24 19:14:00
30,sWiggy*ORD959,146.08,food,2026-05-27 15:48:00
30,UPI-MESS SECRETARY-5821@okaxis,412.49,misc,2026-05-28 20:50:00
30,UPI-FRIEND REPAYMENT-4342@okaxis,761.88,misc,2026-05-28 21:03:00
30,UPI-PRIYA S-5340@okaxis,50.0,misc,2026-06-01 20:47:00
30,Hostel Fee*ORD283899,7240.97,rent,2026-06-02 07:47:00
30,Redbus,20.0,transport,2026-06-02 22:01:00
30,Pg Rent Payme,7993.39,rent,2026-06-03 13:08:00
30,Pg Rent Payme,7993.39,rent,2026-06-03 13:08:00
30,Printout Shop,50.0,education,2026-06-03 17:26:00
30,Printout Shop,50.0,education,2026-06-03 17:26:00
30,PETROL PUMP/UPI/117748299,336.62,transport,2026-06-03 20:49:00
30,PETROL UPMP/PI/117748299,336.62,transport,2026-06-03 20:49:00
30,PG ReNT PayMeNt/UPI/493321643,8090.19,rent,2026-06-04 07:27:00
30,HOSTEL FEE*ORD617,9531.32,rent,2026-06-04 07:42:00
30,Hostel Fee/UPI/171663233,7367.67,rent,2026-06-04 09:36:00
30,nEtFlIX,178.19,entertainment,2026-06-04 17:24:00
30,Campus Canteen/UPI/526909553,221.96,food,2026-06-04 23:00:00
30,PetrOl Pump*ORD631223,282.81,transport,2026-06-05 06:29:00
30,hOSTeL FEe,6923.8,rent,2026-06-05 08:36:00
30,hOSeTTL Fe,6923.8,rent,2026-06-05 08:36:00
30,LANDLORD TRANSFER/UPI/359714501,5441.33,rent,2026-06-05 19:58:00
30,PG RENT PAYMEN,6057.78,rent,2026-06-05 20:46:00
30,UDEMY REF5053,566.53,education,2026-06-06 20:02:00
30,UPI-FRIEND REPAYMENT-7443@okaxis,579.58,misc,2026-06-07 12:11:00
30,SWIGGY,167.11,food,2026-06-07 14:57:00
30,hoTstar,647.65,entertainment,2026-06-07 18:47:00
30,OLA,20.0,transport,2026-06-08 07:06:00
30,OLA,20.0,transport,2026-06-08 07:06:00
30,UPI-FRIEND REPAYMENT-7054@okaxis,50.0,misc,2026-06-08 11:10:00
30,COLLEGE FEE PORTAL REF3037,812.92,food,2026-06-08 14:27:00
30,COLLEGE FEE PORTAL REF3037,812.92,food,2026-06-08 14:27:00
30,Campus Cant,163.02,food,2026-06-08 21:00:00
30,HOTSTAR,79.0,entertainment,2026-06-08 21:34:00
30,Swiggy*ORD702962,40.0,food,2026-06-09 08:31:00
30,SWIGGY INSTAM,298.93,food,2026-06-09 21:45:00
30,MynTRa,547.94,shopping,2026-06-10 10:05:00
30,MnyTa,547.94,shopping,2026-06-10 10:05:00
30,OLA*ORD8445,20.0,transport,2026-06-13 11:14:00
30,AIRTEL PREPAID TXN14030,442.96,recharge,2026-06-13 14:02:00
30,AIRTEEL PREPAID TXN14030,442.96,recharge,2026-06-13 14:02:00
30,EXAM FEE PAYMENT REF7487,50.0,education,2026-06-15 14:39:00
30,HOTSTAR,171.39,entertainment,2026-06-16 14:55:00
30,UPI-ROOMMATE SPLIT-8147@okaxis,122.56,misc,2026-06-20 17:28:00
30,AirtlE PREpAID REF3786,211.44,recharge,2026-06-20 19:41:00
30,UPI-PRIYA S-3812@okaxis,50.0,misc,2026-06-21 13:21:00
30,UPI-MESS SECRETARY-5507@okaxis,252.94,misc,2026-06-21 21:26:00
30,Petrol Pump/UPI/313711173,79.03,transport,2026-06-25 15:20:00
30,Petrol uPmp/UPI/13711173,79.03,transport,2026-06-25 15:20:00
30,Coursera,50.0,education,2026-07-01 13:05:00
30,oCursera,50.0,education,2026-07-01 13:05:00
30,BOokmySHoW,79.0,entertainment,2026-07-02 11:34:00
30,NAMmA meTro REF9653,444.28,transport,2026-07-02 16:28:00
30,NetflIX/UPI/907426716,81.51,entertainment,2026-07-02 18:15:00
30,PG RENT PAYMENT,5417.94,rent,2026-07-02 18:57:00
30,SPOTIFY/UPI/736144618,207.45,entertainment,2026-07-02 19:40:00
30,SPOTIFY/UPI/73144618,207.45,entertainment,2026-07-02 19:40:00
30,Jio Recharge TXN94235,247.67,recharge,2026-07-03 07:16:00
30,Jio Rechargge TXN49235,247.67,recharge,2026-07-03 07:16:00
30,DOMINOS TXN99762,40.0,food,2026-07-03 07:31:00
30,PG RENT PAYMENT REF7101,9154.64,rent,2026-07-03 08:58:00
30,Landlord Transfer,7354.21,rent,2026-07-03 15:38:00
30,HOSTEL FEE,5944.13,rent,2026-07-03 19:17:00
30,HOSTLE FEE,5944.13,rent,2026-07-03 19:17:00
30,HOSTEL FEE,8154.95,rent,2026-07-03 21:32:00
30,VI PREPAID,411.28,recharge,2026-07-03 23:45:00
30,Coursera,50.0,education,2026-07-04 10:43:00
30,Cousrrera,50.0,education,2026-07-04 10:43:00
30,Pg Rent Payment,6876.11,rent,2026-07-04 16:11:00
30,P Rent Paymetn,6876.11,rent,2026-07-04 16:11:00
30,College Fee,473.35,education,2026-07-04 21:45:00
30,PG ReNT pAymEnt,6899.15,rent,2026-07-05 07:03:00
30,JIO RECHARGE TXN93089,455.21,recharge,2026-07-05 07:45:00
30,PETROL PUMP,227.87,transport,2026-07-05 09:42:00
30,PETTRO LPUMP,227.87,transport,2026-07-05 09:42:00
30,Hostel Fee*ORD304323,6661.29,rent,2026-07-05 12:41:00
30,vI prePaID,545.04,recharge,2026-07-05 12:51:00
30,pg reNT payMENT,8357.44,rent,2026-07-05 21:37:00
30,pg reNT payMNET,8357.44,rent,2026-07-05 21:37:00
30,prINtOUT SHOP,148.62,education,2026-07-06 16:23:00
30,UPI-ROOMMATE SPLIT-4934@okaxis,50.0,misc,2026-07-06 23:30:00
30,VI PREPAID TXN84367,379.52,recharge,2026-07-07 07:14:00
30,Coursera*ORD172431,50.0,education,2026-07-07 10:49:00
30,Coursrea*ORD172431,50.0,education,2026-07-07 10:49:00
30,PRIME VIDEO,157.93,entertainment,2026-07-07 18:12:00
30,UPI-PRIYA S-3400@okaxis,748.6,misc,2026-07-07 23:36:00
30,UPI-RAHUL K-3689@okaxis,50.0,misc,2026-07-08 12:20:00
30,Wifi Bill,244.13,recharge,2026-07-09 06:14:00
30,Campus Canteen REF1913,320.68,food,2026-07-09 09:38:00
30,AjIo*ORD26355,1329.65,shopping,2026-07-09 17:21:00
30,PETROL PUM*PORD300591,388.04,transport,2026-07-10 15:28:00
30,PETROL PUM*PORRD300591,388.04,transport,2026-07-10 15:28:00
30,Hotstar,311.1,entertainment,2026-07-10 22:23:00
30,Netflix REF2838,79.0,entertainment,2026-07-11 13:53:00
30,Netflix REF2838,79.0,entertainment,2026-07-11 13:53:00
30,pRiMe ViDeo/UP/I539473444,191.77,entertainment,2026-07-12 09:46:00
30,pRiMe ViDeo/UP/I539473444,191.77,entertainment,2026-07-12 09:46:00
30,CollEGe FeE pRotAl R,50.0,education,2026-07-12 10:22:00
30,SWIGGY INSTAMART TXN20680,40.0,food,2026-07-13 22:47:00
30,SWIGGY INSTAMART TXN20680,40.0,food,2026-07-13 22:47:00
30,ZOMATOR EF540,267.08,food,2026-07-15 07:37:00
30,ZOMAATR EF540,267.08,food,2026-07-15 07:37:00
30,Cafe Coffee Day/UPI/275212392,116.82,food,2026-07-15 16:19:00
30,CafeCoffee Day/UUPI/275212392,116.82,food,2026-07-15 16:19:00
30,OLA AUTO,151.43,transport,2026-07-15 23:22:00
30,OLA ATUO,151.43,transport,2026-07-15 23:22:00
30,MeeSHO,843.29,shopping,2026-07-16 10:06:00
30,MeeHSO,843.29,shopping,2026-07-16 10:06:00
30,CAMPUS CANTE,222.1,food,2026-07-16 11:42:00
30,Coursera/UIP/6415289,50.0,education,2026-07-16 13:27:00
30,UPI-MESS SECRETARY-7078@okaxis,94.02,misc,2026-07-18 19:49:00
30,Airtel Prepaid/UPI/365842994,407.09,recharge,2026-07-19 12:37:00
30,Swiggy Instamart/UPI/797796716,367.94,food,2026-07-19 14:55:00
30,UBER MOTO REF1113,79.87,transport,2026-07-19 20:53:00
30,UBER MOOR EF1113,79.87,transport,2026-07-19 20:53:00
30,RaPIdo*ORD,140.03,transport,2026-07-22 22:59:00
30,AIRTEL PREPAID/UPI/260186198,133.76,recharge,2026-07-24 10:58:00
30,AIRTEL PREPAID/UI/260186198,133.76,recharge,2026-07-24 10:58:00
30,Prinotut Shop,50.0,education,2026-07-24 11:41:00
30,MEss fEe,355.35,food,2026-07-25 21:43:00
30,Vi Prepaid,99.0,recharge,2026-07-25 22:09:00
30,Vi Prepadi,99.0,recharge,2026-07-25 22:09:00
30,mEtrO carD rEchaRgE REF2672,368.37,transport,2026-07-25 23:57:00
30,mEtrO carD rEchaRgE ERF2672,368.37,transport,2026-07-25 23:57:00
30,Jio Recharge/UPI/452857164,437.46,recharge,2026-07-28 11:14:00
30,Coursera TXN49029,1237.26,education,2026-08-01 15:29:00
30,Hostel Fee TXN1,7952.99,rent,2026-08-02 11:24:00
30,Hostel Fee TXN1,7952.99,rent,2026-08-02 11:24:00
30,Hostel Fee,4080.21,rent,2026-08-02 17:57:00
30,Swiggy*ORD215409,40.0,food,2026-08-02 20:33:00
30,Swiggy*ORD215049,40.0,food,2026-08-02 20:33:00
30,JiO rEchARgE,321.2,recharge,2026-08-02 22:49:00
30,JiO rEchARgE,321.2,recharge,2026-08-02 22:49:00
30,PG RENT PAYMENT/UPI/626081539,4286.1,rent,2026-08-03 09:24:00
30,PG RNET PAYMENT/UPI/6626081539,4286.1,rent,2026-08-03 09:24:00
30,HOSTEL FEE*ORD756419,8865.14,rent,2026-08-03 15:54:00
30,Hostel Fee TXN39545,7533.01,rent,2026-08-04 07:03:00
30,HOSTEL FEE REF2556,5607.67,rent,2026-08-04 10:00:00
30,jIo recHArge TXN42134,286.74,recharge,2026-08-04 11:01:00
30,Exam Fee Payme,115.81,education,2026-08-04 20:55:00
30,Exam Fee Payyme,115.81,education,2026-08-04 20:55:00
30,myNTrA/PUI,163.85,shopping,2026-08-04 23:15:00
30,Hostel Fee*ORD495036,9308.8,rent,2026-08-05 07:01:00
30,HostelFee*ORD495036,9308.8,rent,2026-08-05 07:01:00
30,LanDLORd TrAnSfer/UPI/875227681,5323.11,rent,2026-08-05 08:03:00
30,LanLORd TrAnSfer/UPI/875227618,5323.11,rent,2026-08-05 08:03:00
30,UPI-MESS SECRETARY-3816@okaxis,396.72,misc,2026-08-05 14:21:00
30,VI PREPAID,426.74,recharge,2026-08-05 22:40:00
30,VI PREPIAD,426.74,recharge,2026-08-05 22:40:00
30,UDEMY*ORD661124,2165.83,education,2026-08-06 20:37:00
30,Myntra,761.96,shopping,2026-08-08 08:06:00
30,amAOzn TXN78988,272.0,shopping,2026-08-08 23:18:00
30,amAOzn  TXN7888,272.0,shopping,2026-08-08 23:18:00
30,vI PrePAID,356.14,recharge,2026-08-09 13:19:00
30,vI PerPAID,356.14,recharge,2026-08-09 13:19:00
30,SWIGGY,267.46,food,2026-08-09 17:15:00
30,SWIGGY,267.46,food,2026-08-09 17:15:00
30,Myntra,424.87,shopping,2026-08-09 21:59:00
30,UBER MOTO REF7022,322.36,transport,2026-08-11 16:18:00
30,UBER MOTO EF7022,322.36,transport,2026-08-11 16:18:00
30,IRCTc/UPI/118309354,23.98,transport,2026-08-13 07:59:00
30,PARkInG FEe,272.6,transport,2026-08-13 19:24:00
30,COLLEGE FEE PORTAL*ORD950473,834.69,education,2026-08-13 20:45:00
30,UPI-RAHUL K-2843@okaxis,420.56,misc,2026-08-14 09:20:00
30,SWIGGY INSTAMART,283.87,food,2026-08-17 20:19:00
30,SIGGY INSTAMART,283.87,food,2026-08-17 20:19:00
30,WiFI bILL,181.68,recharge,2026-08-19 07:55:00
30,wIfI BilL T,232.35,recharge,2026-08-21 06:15:00
30,wII BBilL T,232.35,recharge,2026-08-21 06:15:00
30,UDEMY,1821.57,education,2026-08-21 10:47:00
30,DOMINOS*ORD162743,156.06,food,2026-08-22 20:54:00
30,DOMINOS*ORD16273,156.06,food,2026-08-22 20:54:00
30,aiRTeL pREPAiD REF2522,99.0,recharge,2026-08-25 06:00:00
30,aiRTeL RpEPAiD REF2522,99.0,recharge,2026-08-25 06:00:00
30,WIFI bILl,311.22,recharge,2026-08-28 20:18:00
31,HoSTEl fEE,6653.41,rent,2026-04-02 12:16:00
31,HoSTEl fEE,6653.41,rent,2026-04-02 12:16:00
31,hOsTLe fee/UPI/569842405,7995.47,rent,2026-04-03 10:38:00
31,Landlord Transfer TXN73145,5212.19,rent,2026-04-03 18:15:00
31,Hostel Fee/UPI/568724147,5860.49,rent,2026-04-03 21:21:00
31,Vi Prepaid,364.63,recharge,2026-04-04 12:02:00
31,prime vide,309.61,entertainment,2026-04-04 16:52:00
31,priim ivde,309.61,entertainment,2026-04-04 16:52:00
31,PG RENT PAYMENT,9915.29,rent,2026-04-05 09:47:00
31,PG RENT PAYMENT,9915.29,rent,2026-04-05 09:47:00
31,nETflix,104.57,entertainment,2026-04-05 15:52:00
31,EnTfllix,104.57,entertainment,2026-04-05 15:52:00
31,Swiggy,136.05,food,2026-04-05 21:55:00
31,Swiggy,136.05,food,2026-04-05 21:55:00
31,EXam Fee PaymEnT,118.39,education,2026-04-06 09:12:00
31,CITY BUS PASS,252.19,transport,2026-04-06 10:56:00
31,CTY BSU PASS,252.19,transport,2026-04-06 10:56:00
31,MYNTrA TXN42712,199.78,shopping,2026-04-06 17:44:00
31,MYNrA TXN42712,199.78,shopping,2026-04-06 17:44:00
31,BOOKMYSHOW,225.92,recharge,2026-04-08 13:12:00
31,BOOKMYSHOW,225.92,recharge,2026-04-08 13:12:00
31,CiTY Bus PAss/UPI/975545617,95.84,transport,2026-04-08 17:25:00
31,CiTY Bus PAss/UPI/975545617,95.84,transport,2026-04-08 17:25:00
31,Swiggy REF3166,214.88,food,2026-04-09 15:02:00
31,Swiggy REFF3166,214.88,food,2026-04-09 15:02:00
31,Jio rEcHarGE TXN10529,166.71,recharge,2026-04-10 07:26:00
31,CAFE COFFEE DAY*ORD819348,40.0,food,2026-04-10 17:52:00
31,CAFE COFFEE DAY*ODR819348,40.0,food,2026-04-10 17:52:00
31,SWIGGY,222.53,food,2026-04-10 22:32:00
31,CAMPUS CANTEEN/UPI,389.49,food,2026-04-11 19:20:00
31,CAMPPU SCANTEEN/PI,389.49,food,2026-04-11 19:20:00
31,Ola Auto,40.84,transport,2026-04-12 12:44:00
31,FlipkarT/UPI,141.04,shopping,2026-04-12 19:34:00
31,VI PREPAID*ORD247990,509.19,recharge,2026-04-14 19:37:00
31,PRIM EVIDEO,376.67,entertainment,2026-04-15 11:30:00
31,Prime Video TXN34113,356.83,entertainment,2026-04-15 17:26:00
31,Ajio,1359.73,shopping,2026-04-16 20:26:00
31,UPI-FRIEND REPAYMENT-5028@okaxis,383.54,misc,2026-04-17 13:14:00
31,UPI-RAHUL K-4773@okaxis,50.0,misc,2026-04-17 21:31:00
31,FLIPKART TXN31096,238.92,shopping,2026-04-17 21:45:00
31,UPI-UNKNOWN UPI-1078@okaxis,97.8,misc,2026-04-18 09:32:00
31,Meesho,713.23,shopping,2026-04-19 13:23:00
31,CAFE Coffee dAY*ORD366067,277.67,food,2026-04-20 17:27:00
31,AIRTEL PREPAID,408.93,recharge,2026-04-22 07:50:00
31,UPI-FRIEND REPAYMENT-9675@okaxis,323.29,misc,2026-04-23 17:02:00
31,jio rEcHaRGE,405.7,recharge,2026-04-23 19:12:00
31,jio rEcHHaRGE,405.7,recharge,2026-04-23 19:12:00
31,fLipkarT*ORD938,192.26,shopping,2026-04-24 08:12:00
31,UPI-UNKNOWN UPI-2326@okaxis,142.62,misc,2026-04-24 23:25:00
31,Meesho,100.0,shopping,2026-04-26 21:43:00
31,Meseho,100.0,shopping,2026-04-26 21:43:00
31,Cafe Coffee Day/UPI/946167263,194.23,food,2026-05-01 14:52:00
31,PRINTOUT SHOP ,485.43,education,2026-05-01 14:59:00
31,PRINTOUT HHSOP ,485.43,education,2026-05-01 14:59:00
31,Hostel Fee/UPI/6034119,5038.34,rent,2026-05-02 06:37:00
31,Hostl Fee/UPI/66034119,5038.34,rent,2026-05-02 06:37:00
31,Spotify/UPI/363145058,79.0,entertainment,2026-05-02 12:43:00
31,Spotify/UPI/363145058,79.0,entertainment,2026-05-02 12:43:00
31,UBeR,20.0,transport,2026-05-02 17:12:00
31,UBeR,20.0,transport,2026-05-02 17:12:00
31,LANDLORD TRANSFER REF8018,5298.74,rent,2026-05-02 23:24:00
31,WIFI BILL,99.0,education,2026-05-03 07:22:00
31,WIFIBILL,99.0,education,2026-05-03 07:22:00
31,UPI-ROOMMATE SPLIT-8777@okaxis,529.62,misc,2026-05-03 20:36:00
31,MYNTRA REF1059,525.51,shopping,2026-05-03 21:23:00
31,MYNTRA REFF1059,525.51,shopping,2026-05-03 21:23:00
31,Landlord Transfer TXN34375,7066.09,rent,2026-05-04 06:49:00
31,Landlord Transfer TX33475,7066.09,rent,2026-05-04 06:49:00
31,Pg Rent Payment TXN75397,6482.34,entertainment,2026-05-04 07:28:00
31,Pg Rent Paymetn TXN753977,6482.34,entertainment,2026-05-04 07:28:00
31,Printout Shop TXN83491,1219.32,education,2026-05-04 09:49:00
31,PrnitoutShop TXN834991,1219.32,education,2026-05-04 09:49:00
31,Pg Rent Payment,6357.52,rent,2026-05-04 13:25:00
31,Jio Recharge,458.3,recharge,2026-05-04 15:43:00
31,Ji oRecharge,458.3,recharge,2026-05-04 15:43:00
31,Jio Recharge*ORD259986,99.0,recharge,2026-05-04 17:12:00
31,Jo Recharge*ORD529986,99.0,recharge,2026-05-04 17:12:00
31,Pg Rent Payment/UPI/,8543.77,rent,2026-05-04 17:48:00
31,Pg Rent Paymnt/UPI/,8543.77,rent,2026-05-04 17:48:00
31,UPI-ROOMMATE SPLIT-1558@okaxis,484.51,misc,2026-05-04 21:49:00
31,SPOTIFY TXN42022,372.42,entertainment,2026-05-05 08:43:00
31,SPOTIFY TN42022,372.42,entertainment,2026-05-05 08:43:00
31,Netflix,245.87,entertainment,2026-05-05 09:41:00
31,NNetflix,245.87,entertainment,2026-05-05 09:41:00
31,PG RENT PAYMENT,6984.3,rent,2026-05-05 15:57:00
31,UPI-ROOMMATE SPLIT-2091@okaxis,50.0,misc,2026-05-05 20:39:00
31,PG RENT PAYMENT TXN18067,6628.18,rent,2026-05-05 21:06:00
31,OLA TXN73135,233.94,transport,2026-05-05 22:33:00
31,zOMAto/UPI/673877893,40.0,food,2026-05-06 20:03:00
31,Jio Recharge/UPI/582922199,201.02,recharge,2026-05-07 21:45:00
31,amaozn/UPI/659148120,847.69,shopping,2026-05-08 15:13:00
31,zomatO,167.43,food,2026-05-08 18:52:00
31,MeESHo REF3688,848.52,shopping,2026-05-09 07:44:00
31,MeEHSo REF3688,848.52,shopping,2026-05-09 07:44:00
31,MSES FEE,453.18,food,2026-05-09 09:35:00
31,NETFLIX/UPI/161232921,523.32,entertainment,2026-05-09 14:05:00
31,NTFLIX/UPI//161232921,523.32,entertainment,2026-05-09 14:05:00
31,Cafe Coffee Day,496.13,food,2026-05-09 20:14:00
31,Cafe Coffee Day,496.13,food,2026-05-09 20:14:00
31,NETFLIXT XN67222,304.98,entertainment,2026-05-09 20:49:00
31,NETLIXT XN76222,304.98,entertainment,2026-05-09 20:49:00
31,CITY BUS PASS,223.1,transport,2026-05-10 06:31:00
31,EXAM FEE PAYM,628.81,education,2026-05-10 10:00:00
31,Vi PrepaidR EF4247,99.0,recharge,2026-05-10 13:59:00
31,Exam Fee Payment/UPI/642971976,423.83,education,2026-05-12 07:39:00
31,Exam Fee Payment/UPI/642971976,423.83,education,2026-05-12 07:39:00
31,JIO RECHARGE,330.96,recharge,2026-05-13 07:06:00
31,College Fee Portal*ORD640615,50.0,education,2026-05-13 07:52:00
31,Ajio,252.01,shopping,2026-05-13 20:33:00
31,BOokMysHow,227.15,entertainment,2026-05-13 21:32:00
31,Netfilx,297.3,entertainment,2026-05-14 08:36:00
31,Netfilx,297.3,entertainment,2026-05-14 08:36:00
31,PriMe VIDeO REF2,240.0,entertainment,2026-05-14 09:57:00
31,OLa auTO TXN74196,291.6,transport,2026-05-14 18:39:00
31,OLa auTO TXN74916,291.6,transport,2026-05-14 18:39:00
31,meSs fEE/UPI/324110286,285.0,food,2026-05-15 15:49:00
31,cAFE COfFee day TXN6,285.87,food,2026-05-15 23:20:00
31,Hotstar TXN52527,132.59,entertainment,2026-05-16 12:37:00
31,Mess Fee*ORD734704,111.89,food,2026-05-18 11:42:00
31,Mess Fee*ORD73704,111.89,food,2026-05-18 11:42:00
31,UPI-UNKNOWN UPI-3942@okaxis,256.05,misc,2026-05-18 12:00:00
31,HOTSTAR/UPI/236479239,191.7,entertainment,2026-05-18 12:44:00
31,udeMy REF3886,521.43,education,2026-05-18 20:23:00
31,Ajio REF118,807.06,shopping,2026-05-18 21:09:00
31,UPI-ROOMMATE SPLIT-9762@okaxis,50.0,misc,2026-05-20 14:45:00
31,mnYtRA,698.72,shopping,2026-05-22 07:38:00
31,FLIpkarT REF912,536.53,shopping,2026-05-22 15:08:00
31,meeSHO,1115.83,shopping,2026-05-22 15:25:00
31,meeHSO,1115.83,shopping,2026-05-22 15:25:00
31,Myntra*ORD,493.66,shopping,2026-05-24 11:36:00
31,Mnrta*ORD,493.66,shopping,2026-05-24 11:36:00
31,AmAZoN,936.22,shopping,2026-05-25 09:43:00
31,mAAZoN,936.22,shopping,2026-05-25 09:43:00
31,mynTrA*ORD,1176.11,shopping,2026-05-26 18:42:00
31,mynTrA*ORD,1176.11,shopping,2026-05-26 18:42:00
31,Bookmyshow REF3911,177.01,entertainment,2026-05-27 06:29:00
31,Spotify TXN,79.0,entertainment,2026-05-27 10:35:00
31,Spotify TXN,79.0,entertainment,2026-05-27 10:35:00
31,UPI-FRIEND REPAYMENT-3641@okaxis,50.0,misc,2026-05-28 11:35:00
31,Spotify*OR,79.0,entertainment,2026-06-01 11:16:00
31,Spotfiy*OR,79.0,entertainment,2026-06-01 11:16:00
31,UPI-PRIYA S-2385@okaxis,484.43,misc,2026-06-01 13:06:00
31,OLA AUTO,330.33,transport,2026-06-01 13:35:00
31,Myntra,100.0,transport,2026-06-02 07:51:00
31,Swiggy REF9260,211.89,food,2026-06-02 08:19:00
31,mesS FEE/UPI/356476754,467.09,food,2026-06-02 13:49:00
31,mesS FE/EUPI/356476754,467.09,food,2026-06-02 13:49:00
31,hOstel FEE*ORD330822,7932.02,rent,2026-06-02 16:28:00
31,hOstel FEE*ORD330822,7932.02,rent,2026-06-02 16:28:00
31,HOSTLE FEE,6856.99,rent,2026-06-02 18:43:00
31,PG RENT PAYMENT TXN94918,5145.28,rent,2026-06-02 18:48:00
31,PG RENT PAYMENT TXN94918,5145.28,rent,2026-06-02 18:48:00
31,Parking Fee,91.93,transport,2026-06-02 19:33:00
31,LANDLORD TRA,6515.44,rent,2026-06-03 06:56:00
31,LANDLORD TRANSFER,6367.96,rent,2026-06-03 14:53:00
31,HOSTEL FEE,8422.21,rent,2026-06-03 16:58:00
31,HOSTEL EE,8422.21,rent,2026-06-03 16:58:00
31,Hostel Fee REF1454,8911.66,rent,2026-06-04 11:29:00
31,Hostel Fee REF1454,8911.66,rent,2026-06-04 11:29:00
31,MEESHO TXN23161,195.16,shopping,2026-06-04 13:07:00
31,PG RENT PAYME,6449.14,rent,2026-06-04 21:11:00
31,PG RENT PAYME,6449.14,rent,2026-06-04 21:11:00
31,Landlord Transfer,6541.07,rent,2026-06-05 20:56:00
31,Landlrod ransfer,6541.07,rent,2026-06-05 20:56:00
31,OLA auTo,298.46,transport,2026-06-06 10:12:00
31,OLA auT,298.46,transport,2026-06-06 10:12:00
31,PRINTOUT SHOP,577.31,education,2026-06-06 21:42:00
31,Amazon*ORD759653,122.01,shopping,2026-06-07 14:09:00
31,Amazo*nORD759653,122.01,shopping,2026-06-07 14:09:00
31,Myntra TXN10743,633.98,shopping,2026-06-07 19:39:00
31,PRINTOUT SHOP*ORD98,64.72,education,2026-06-07 23:03:00
31,PRINTOUT  SHOP*ORD98,64.72,education,2026-06-07 23:03:00
31,FLIPKART/UPI/621558956,341.61,shopping,2026-06-07 23:25:00
31,FLIPKART/UPI/621558956,341.61,shopping,2026-06-07 23:25:00
31,mAazon,347.16,shopping,2026-06-08 07:51:00
31,mAaon,347.16,shopping,2026-06-08 07:51:00
31,CAMPUS CANTEEN RE,156.86,food,2026-06-08 10:14:00
31,WiFi bill TXN6630,509.55,recharge,2026-06-09 08:17:00
31,College FeeP ortal/UPI/637783590,212.76,education,2026-06-09 08:39:00
31,AIRTel prepAID*ORD707025,279.31,recharge,2026-06-09 10:50:00
31,AIIRTel prepAIDORD707025,279.31,recharge,2026-06-09 10:50:00
31,SWIGGY INSTAMART REF4846,111.84,food,2026-06-09 11:21:00
31,Meesho REF8347,100.0,shopping,2026-06-09 17:55:00
31,OLA AUTO,243.15,transport,2026-06-09 19:54:00
31,OLA UAATO,243.15,transport,2026-06-09 19:54:00
31,eXam FEe pA,197.31,education,2026-06-10 10:16:00
31,eXamm FEe pA,197.31,education,2026-06-10 10:16:00
31,HOTSTAR,496.69,entertainment,2026-06-10 12:06:00
31,Campus Cante,308.32,food,2026-06-12 13:14:00
31,Swiggy TXN17673,232.76,food,2026-06-13 06:07:00
31,Amazon,1160.81,shopping,2026-06-14 15:35:00
31,Airtel Prepaid REF8210,197.01,recharge,2026-06-15 13:12:00
31,aiRTeL PRePAid,537.79,recharge,2026-06-15 18:15:00
31,VI prEPaID,99.0,recharge,2026-06-15 19:02:00
31,CAMPUS CANTEEN/UPI/920741099,40.0,food,2026-06-16 09:39:00
31,CAMPUS CANTEEN/UPI/92074199,40.0,food,2026-06-16 09:39:00
31,Aijo REF3724,124.97,shopping,2026-06-17 23:40:00
31,EXAM FEEP AYMENT TXN53810,1137.31,education,2026-06-18 13:09:00
31,Printout Sho,264.7,education,2026-06-18 14:11:00
31,Printout Soh,264.7,education,2026-06-18 14:11:00
31,AJIO,1029.75,shopping,2026-06-20 12:38:00
31,PArKinG FEE,119.46,transport,2026-06-22 19:37:00
31,Hotstar*ORD476100,79.0,entertainment,2026-06-22 20:56:00
31,SWIGGY REF4408,40.0,food,2026-06-23 14:10:00
31,ZOMATO,261.15,food,2026-06-23 18:23:00
31,ZOOAMTO,261.15,food,2026-06-23 18:23:00
31,FlIPKARt/UPI/779802713,118.32,shopping,2026-06-24 10:15:00
31,FlIPKARt/UPI/7779802713,118.32,shopping,2026-06-24 10:15:00
31,PRINTOUT HSOP,50.0,education,2026-06-26 07:16:00
31,PARKING FEE*ORD310150,207.04,education,2026-06-26 21:18:00
31,Cafe Coffee,610.91,food,2026-06-27 08:24:00
31,CafeCoffee,610.91,food,2026-06-27 08:24:00
31,PaRKIng fEe,95.04,transport,2026-06-27 14:01:00
31,Swiggy*ORD751782,330.35,food,2026-06-28 15:38:00
31,bOOkMYshoW,250.28,entertainment,2026-07-01 06:29:00
31,bOOkMYshoW,250.28,entertainment,2026-07-01 06:29:00
31,COuRSErA*ORD384207,1550.36,education,2026-07-01 14:55:00
31,AIrTel PrEPAiD TXN70800,341.48,recharge,2026-07-01 15:09:00
31,AITTrel PrEPAiD XN70800,341.48,recharge,2026-07-01 15:09:00
31,prIME VIdeo,169.03,entertainment,2026-07-01 16:58:00
31,prIME IVdeo,169.03,entertainment,2026-07-01 16:58:00
31,Amazon,249.83,shopping,2026-07-01 18:51:00
31,Ammazon,249.83,shopping,2026-07-01 18:51:00
31,PRINTOUT SHOP,682.31,education,2026-07-01 23:01:00
31,UDEMY TXN6,407.12,education,2026-07-01 23:33:00
31,flIPKArT REF1969,699.91,shopping,2026-07-02 14:05:00
31,MYNtra*ORD936882,1026.71,shopping,2026-07-02 14:32:00
31,Hotstar*ORD527794,327.81,entertainment,2026-07-02 17:24:00
31,oHtsar*ORDD527794,327.81,entertainment,2026-07-02 17:24:00
31,LANDLORD TRANSFER*ORD401585,7131.96,rent,2026-07-02 20:20:00
31,LANDLORD TRANSER*ORD4001585,7131.96,rent,2026-07-02 20:20:00
31,hosTEl Fee,4772.22,rent,2026-07-02 23:08:00
31,hosTEl Feee,4772.22,rent,2026-07-02 23:08:00
31,Airtel Prepaid/UPI/780261070,452.37,recharge,2026-07-03 20:39:00
31,WifI BiLl TXN96946,185.28,recharge,2026-07-04 10:26:00
31,WifI BiLl TXN96946,185.28,recharge,2026-07-04 10:26:00
31,SWIGGY NISTAMART REF6465,182.99,recharge,2026-07-04 20:51:00
31,HOSTEL FeE RE,7925.0,rent,2026-07-04 21:02:00
31,SWIGGY,333.2,food,2026-07-04 21:08:00
31,SWIGGY,333.2,food,2026-07-04 21:08:00
31,PG RENT PAYMENT,8891.27,rent,2026-07-05 08:38:00
31,PG RENT PAYMENT TXN80217,6394.93,rent,2026-07-05 13:12:00
31,PG RENT PAYMENT XN80217,6394.93,rent,2026-07-05 13:12:00
31,ciTY Bus PAss TXN66737,128.45,transport,2026-07-05 14:20:00
31,AJIO,316.33,shopping,2026-07-05 16:27:00
31,LANDLORD TRANSFER TXN94418,4000.0,rent,2026-07-05 19:25:00
31,bOoKMysHoW*ORD545606,142.9,entertainment,2026-07-05 20:26:00
31,MyNtra REF1426,262.2,shopping,2026-07-06 10:16:00
31,MyNtra REF4126,262.2,shopping,2026-07-06 10:16:00
31,OLA,404.95,transport,2026-07-06 11:41:00
31,ajIo/UPI/214742524,1512.85,shopping,2026-07-06 14:59:00
31,Amazon*ORD737675,417.62,shopping,2026-07-07 07:31:00
31,Amazon*ORD737675,417.62,shopping,2026-07-07 07:31:00
31,Myntra,400.51,shopping,2026-07-07 11:08:00
31,MYNTRA,758.6,shopping,2026-07-07 19:33:00
31,COURSERA/UPI/209201923,1034.9,education,2026-07-08 15:33:00
31,AiRTel PRePaID REF7999,369.24,recharge,2026-07-08 15:56:00
31,Bookmyshow,79.0,entertainment,2026-07-08 19:27:00
31,COURSERA,1407.85,education,2026-07-08 22:41:00
31,neTfLIx,247.68,entertainment,2026-07-09 15:43:00
31,nefTLIx,247.68,entertainment,2026-07-09 15:43:00
31,SpOtifY,332.39,entertainment,2026-07-09 20:40:00
31,CAMPUS CANTEEN ,111.61,food,2026-07-10 16:31:00
31,CAMPUS CANTENE ,111.61,food,2026-07-10 16:31:00
31,CAmPUs CANTeeN*ORD426813,255.09,food,2026-07-10 16:50:00
31,CAmPUs CANTeeN*ORD426813,255.09,food,2026-07-10 16:50:00
31,Namma Metro REF6434,150.21,transport,2026-07-10 17:59:00
31,UBER,22.89,transport,2026-07-10 18:31:00
31,UBER,22.89,transport,2026-07-10 18:31:00
31,Priem Video,79.0,entertainment,2026-07-10 22:52:00
31,vI pRePAid TXN95692,183.96,recharge,2026-07-11 08:00:00
31,AIRTEL PREPAID TXN42203,203.36,recharge,2026-07-11 14:30:00
31,flIpKARt,1522.43,education,2026-07-12 11:35:00
31,Rapido,20.0,transport,2026-07-12 14:52:00
31,mYntrA,100.0,shopping,2026-07-12 23:35:00
31,cOLLEGe FEe portAl*ORD694812,605.26,recharge,2026-07-13 10:39:00
31,WIFI BILL TXN44326,99.0,recharge,2026-07-14 11:45:00
31,JIO RECHARGE,99.0,recharge,2026-07-14 12:51:00
31,JIO  RECHARE,99.0,recharge,2026-07-14 12:51:00
31,JIO RECHARGE RE,139.59,recharge,2026-07-14 14:40:00
31,JIO RECHARGER  E,139.59,recharge,2026-07-14 14:40:00
31,FLIPKART/UPI/54440,710.92,shopping,2026-07-14 17:06:00
31,primE vIdEo,447.44,entertainment,2026-07-14 18:29:00
31,primEvIEdoo,447.44,entertainment,2026-07-14 18:29:00
31,CiTy bUS PASs REF2221,89.97,transport,2026-07-15 08:30:00
31,COURSERA TXN32488,843.97,education,2026-07-17 15:10:00
31,Zomato TXN41028,135.63,food,2026-07-17 15:34:00
31,Spotify*ORD984745,280.51,entertainment,2026-07-18 08:48:00
31,Spoify*OORD984745,280.51,entertainment,2026-07-18 08:48:00
31,wiFI bIll TXN9,170.65,recharge,2026-07-18 12:54:00
31,PARKING FEE/UPI/665366280,88.07,transport,2026-07-18 21:55:00
31,meEsho,752.73,shopping,2026-07-19 07:47:00
31,mEesho,752.73,shopping,2026-07-19 07:47:00
31,UPI-RAHUL K-5756@okaxis,642.08,misc,2026-07-19 22:13:00
31,UPI-UNKNOWN UPI-4309@okaxis,50.0,misc,2026-07-21 20:04:00
31,jIO rEchaRGE,244.01,recharge,2026-07-23 09:10:00
31,MeESHO REF7957,100.0,shopping,2026-07-23 13:12:00
31,UDEMY/UPI/6230187,50.0,education,2026-07-24 11:09:00
31,DUEMYY/UPI/6230187,50.0,education,2026-07-24 11:09:00
31,Bookmyshow/UPI/107025741,79.0,entertainment,2026-07-25 12:17:00
31,Bookmyshow/UPI/107025771,79.0,entertainment,2026-07-25 12:17:00
31,UPI-PRIYA S-8030@okaxis,405.72,misc,2026-07-25 16:30:00
31,NETFLIX TXN62207,206.47,entertainment,2026-07-25 19:24:00
31,NETFLIX TNX622007,206.47,entertainment,2026-07-25 19:24:00
31,AJiO/UPI/29491760,1852.42,entertainment,2026-07-25 21:08:00
31,Udemy,50.0,education,2026-07-28 14:34:00
31,Vi Prepaid TXN15263,288.21,recharge,2026-08-02 08:53:00
31,Vi Prepaid TXN1563,288.21,recharge,2026-08-02 08:53:00
31,ubeR,106.99,transport,2026-08-02 09:13:00
31,JIO RECHARGE XTN40480,341.19,recharge,2026-08-02 11:58:00
31,JIO RECARGE XTN40480,341.19,recharge,2026-08-02 11:58:00
31,PG RENT PAYMENT/UPI/710111097,7594.55,rent,2026-08-02 16:52:00
31,PG RENT PPAYMENT/UPI/710111097,7594.55,rent,2026-08-02 16:52:00
31,PG RENT PAYMENT REF285,8226.97,rent,2026-08-02 17:00:00
31,Pg ReNt pAyment/UPI/586079057,5441.17,rent,2026-08-02 23:10:00
31,Pg ReNt pAyment/UPI/586079057,5441.17,rent,2026-08-02 23:10:00
31,PETROL PUMP,254.73,transport,2026-08-03 07:04:00
31,Landlord Transfer/UPI/185274442,5730.25,rent,2026-08-03 15:34:00
31,wIFI BiLL REF8990,99.0,recharge,2026-08-03 21:55:00
31,LAnDloRd TRANSFer,7254.62,rent,2026-08-03 22:06:00
31,ALnDloRd TRANSFer,7254.62,rent,2026-08-03 22:06:00
31,JiO REcHarGe,136.68,recharge,2026-08-04 06:35:00
31,JO REcHarGe,136.68,recharge,2026-08-04 06:35:00
31,CourSeRa/UPI/223042328,50.0,education,2026-08-04 15:27:00
31,iRtCC,124.37,transport,2026-08-05 10:43:00
31,iRttCC,124.37,transport,2026-08-05 10:43:00
31,vi PREpaID/UPI/449180707,230.67,rent,2026-08-05 16:53:00
31,Flipkart REF2080,634.61,shopping,2026-08-06 06:40:00
31,uDeMY REF9521,50.0,education,2026-08-06 07:57:00
31,uDeMY REF9521,50.0,education,2026-08-06 07:57:00
31,UDEMY/UPI/6,50.0,education,2026-08-06 19:49:00
31,WIFI BILL TXN59098,99.0,recharge,2026-08-06 23:15:00
31,WIFI BILL TXN59098,99.0,recharge,2026-08-06 23:15:00
31,MeEShO,100.0,shopping,2026-08-07 10:51:00
31,coURsEra RE,50.0,education,2026-08-07 17:33:00
31,MESS FEE REF,217.83,food,2026-08-07 19:05:00
31,MESSS FEE REF,217.83,food,2026-08-07 19:05:00
31,nEtfLIX/UPI/43383560,79.0,entertainment,2026-08-07 20:41:00
31,METRO CARD RECH,291.18,entertainment,2026-08-07 21:07:00
31,aMAzon,100.0,shopping,2026-08-08 12:18:00
31,aMAzno,100.0,shopping,2026-08-08 12:18:00
31,Bookmyshow/UPI/3,79.0,entertainment,2026-08-08 14:22:00
31,Bookmyshow/UPI/3,79.0,entertainment,2026-08-08 14:22:00
31,sPotiFY REF667,358.38,entertainment,2026-08-08 20:52:00
31,sPotiFY REF667,358.38,entertainment,2026-08-08 20:52:00
31,AiRtEl prePAid*ORD118221,399.14,recharge,2026-08-09 06:52:00
31,UPI-RAHUL K-6281@okaxis,50.0,misc,2026-08-10 13:28:00
31,Bookmyshow*ORD16588,384.65,entertainment,2026-08-10 16:27:00
31,Bookmyshow*ORD16588,384.65,entertainment,2026-08-10 16:27:00
31,UBER MoTO,79.95,transport,2026-08-11 10:48:00
31,COLLEGE FEE PORTAL TXN20931,370.7,education,2026-08-11 14:08:00
31,EXAM fEE PaYMEnt*ORD139209,583.4,education,2026-08-11 17:51:00
31,EXAM fEE PaYMEtn*ORD139209,583.4,education,2026-08-11 17:51:00
31,spOtiFY,280.09,education,2026-08-12 07:21:00
31,spOtiYY,280.09,education,2026-08-12 07:21:00
31,ZOMAto,403.93,food,2026-08-12 09:34:00
31,ZMAtoo,403.93,food,2026-08-12 09:34:00
31,PRIMe vIDEo,175.77,entertainment,2026-08-12 19:01:00
31,WIFI BILL TXN90051,467.04,recharge,2026-08-13 14:35:00
31,Printout Shop/UPI/345191818,541.27,education,2026-08-13 18:11:00
31,AJIO/UPI/269101251,329.92,shopping,2026-08-14 07:24:00
31,AJIO/UPI/26101251,329.92,shopping,2026-08-14 07:24:00
31,UBER,193.56,transport,2026-08-14 21:42:00
31,NETFLIX TXN86726,279.38,entertainment,2026-08-15 10:02:00
31,REDBUS REF4942,266.69,transport,2026-08-15 15:42:00
31,Amazon TXN94687,664.9,shopping,2026-08-15 15:49:00
31,CAFE COFFEE DAY,98.48,food,2026-08-15 16:33:00
31,CAFE COFFEE DAY,98.48,food,2026-08-15 16:33:00
31,vi PREpaId TXN43414,173.64,recharge,2026-08-16 18:21:00
31,PEtRoL PmUp,20.0,transport,2026-08-17 16:49:00
31,PEtRoLPmUp,20.0,transport,2026-08-17 16:49:00
31,aJio*ORD739077,282.59,shopping,2026-08-17 21:52:00
31,aJio*OD7390077,282.59,shopping,2026-08-17 21:52:00
31,MYNTRA,369.03,shopping,2026-08-18 13:39:00
31,MYTNRA,369.03,shopping,2026-08-18 13:39:00
31,MYnTrA/UPI/337182656,1391.87,shopping,2026-08-18 22:09:00
31,AIRTEL PREPAID,234.7,recharge,2026-08-19 21:25:00
31,priNtoUT sHOP REF8553,174.76,education,2026-08-20 07:28:00
31,JIO RECHARGE*ORD892136,150.87,recharge,2026-08-24 10:18:00
31,REDBUS REF496,20.0,transport,2026-08-24 12:07:00
31,RAPIDO TXN90441,20.0,transport,2026-08-24 15:42:00
31,RAPIDO TX9N041,20.0,transport,2026-08-24 15:42:00
31,College Fee Portal,50.0,education,2026-08-26 15:05:00
31,College Fee Potral,50.0,education,2026-08-26 15:05:00
31,Vi Prepaid,322.8,recharge,2026-08-26 19:50:00
31,RAPIDO TXN96678,20.0,transport,2026-08-27 18:28:00
31,Namma Metro*ORD900305,20.0,transport,2026-08-27 19:36:00
32,Printout Shop,822.6,education,2026-04-01 14:46:00
32,Printout hop,822.6,education,2026-04-01 14:46:00
32,ColleGE fEe PortAl REF4917,183.02,education,2026-04-02 08:17:00
32,ColleGE Efe PortAl REF4917,183.02,education,2026-04-02 08:17:00
32,COURSERA REF9662,1511.22,education,2026-04-02 08:44:00
32,COURERAA REF9662,1511.22,education,2026-04-02 08:44:00
32,CAFe CofFEE DAY,242.79,food,2026-04-03 22:44:00
32,UPI-RAHUL K-8816@okaxis,50.0,misc,2026-04-04 11:36:00
32,PRiMe VIdEo,588.29,entertainment,2026-04-04 14:11:00
32,PRMieVIddEo,588.29,entertainment,2026-04-04 14:11:00
32,VI PREPAID,309.24,recharge,2026-04-04 23:17:00
32,VI PRPEAIDD,309.24,recharge,2026-04-04 23:17:00
32,UPI-PRIYA S-5975@okaxis,335.76,misc,2026-04-05 10:55:00
32,Cafe Coffee Day,429.3,food,2026-04-05 15:35:00
32,UPI-UNKNOWN UPI-5212@okaxis,678.12,misc,2026-04-05 19:04:00
32,Wifi Bill*ORD774245,410.94,recharge,2026-04-05 21:22:00
32,Vi Prepaid REF6349,394.8,recharge,2026-04-06 13:37:00
32,Vi Prepaid REF6394,394.8,recharge,2026-04-06 13:37:00
32,uBER MotO/UPI/814816462,53.73,transport,2026-04-06 15:01:00
32,College Fee Portal*ORD779037,50.0,education,2026-04-08 06:39:00
32,College Fee Poral*ORD7790037,50.0,education,2026-04-08 06:39:00
32,eXAm feE paYMeNt*ORD346462,149.33,education,2026-04-08 08:00:00
32,eXAm feE pYaMeNt*ORD346462,149.33,education,2026-04-08 08:00:00
32,udEMy,50.0,education,2026-04-09 07:25:00
32,duEMy,50.0,education,2026-04-09 07:25:00
32,SWIGGY REF9747,165.18,food,2026-04-10 10:42:00
32,mEEshO/UPI/160393408,248.44,shopping,2026-04-10 14:40:00
32,mEEshO/PI/160393408,248.44,shopping,2026-04-10 14:40:00
32,Exam Fee Payment,1261.34,education,2026-04-10 22:00:00
32,Ola,89.44,transport,2026-04-10 22:54:00
32,Ola,89.44,transport,2026-04-10 22:54:00
32,flipkaRT,284.07,shopping,2026-04-12 11:33:00
32,flipaRT,284.07,shopping,2026-04-12 11:33:00
32,CampUs cAnteEN REF6611,275.16,food,2026-04-12 21:50:00
32,Cafe Coffee Day,40.0,food,2026-04-13 06:51:00
32,Cae Coffee Day,40.0,food,2026-04-13 06:51:00
32,Netflix,345.26,entertainment,2026-04-15 13:38:00
32,Neftlix,345.26,entertainment,2026-04-15 13:38:00
32,WiFi BIlL TXN70503,99.0,recharge,2026-04-15 15:08:00
32,AIRtel pREPaid REF2681,323.8,recharge,2026-04-16 17:57:00
32,Prime Video/UPI/907856821,306.67,entertainment,2026-04-18 10:13:00
32,Prime Video/UPI/907858621,306.67,entertainment,2026-04-18 10:13:00
32,UPI-PRIYA S-1804@okaxis,78.97,misc,2026-04-21 09:13:00
32,Airtel Prepaid TXN25910,121.99,recharge,2026-04-21 14:20:00
32,Artel Prepaid XTN25910,121.99,recharge,2026-04-21 14:20:00
32,UPI-UNKNOWN UPI-7556@okaxis,303.09,misc,2026-04-22 13:42:00
32,UPI-FRIEND REPAYMENT-3042@okaxis,122.96,misc,2026-04-24 09:34:00
32,COURSERA REF8732,50.0,education,2026-04-26 17:26:00
32,CAMPUS CANTEEN*ORD,80.39,food,2026-05-01 12:32:00
32,SWIGGY/UPI/545450375,359.21,food,2026-05-01 12:37:00
32,EXAM FEE PAYMENT TXN12018,849.85,education,2026-05-01 15:24:00
32,EXAM FEE PAYMENT TXN12018,849.85,education,2026-05-01 15:24:00
32,MEESHo TXN10173,1377.8,shopping,2026-05-01 17:06:00
32,UPI-UNKNOWN UPI-3809@okaxis,50.0,misc,2026-05-01 19:08:00
32,AJIO,457.76,shopping,2026-05-01 21:15:00
32,AJJIO,457.76,shopping,2026-05-01 21:15:00
32,PG RENT PAYMENT*ORD285620,5990.64,rent,2026-05-02 07:31:00
32,PARKING FEE/UPI/325521738,329.16,transport,2026-05-02 08:22:00
32,PARKINGF EE/UPI/325521738,329.16,transport,2026-05-02 08:22:00
32,AIRTEL PREPAID/UPI/84440,243.81,recharge,2026-05-02 10:23:00
32,AIRTEL PREPAID/UIP/84440,243.81,recharge,2026-05-02 10:23:00
32,EXAM FEE PAYMENT*ORD1649,50.0,education,2026-05-02 10:23:00
32,pRIME VIdEo,79.0,entertainment,2026-05-02 13:26:00
32,pRIME VIdEo,79.0,entertainment,2026-05-02 13:26:00
32,laNdlorD TrAnsfer REF3281,8491.84,rent,2026-05-02 14:24:00
32,Netflix,79.0,education,2026-05-02 18:47:00
32,HOTSTAR,385.84,entertainment,2026-05-02 21:37:00
32,HTSTAAR,385.84,entertainment,2026-05-02 21:37:00
32,Pg REnT pAy,6550.46,rent,2026-05-03 12:43:00
32,Pg EnT Apy,6550.46,rent,2026-05-03 12:43:00
32,Pg REnT pa,6014.45,rent,2026-05-03 13:34:00
32,FlIpKArt/UPI/510009273,618.31,shopping,2026-05-03 15:25:00
32,FlIpKArt/PUI/510009273,618.31,shopping,2026-05-03 15:25:00
32,Jio Recharge,212.9,recharge,2026-05-03 15:39:00
32,Jio Rceharge,212.9,recharge,2026-05-03 15:39:00
32,UPI-ROOMMATE SPLIT-9362@okaxis,567.02,misc,2026-05-03 20:06:00
32,COURSERA REF5022,50.0,education,2026-05-03 20:34:00
32,CRUSERA REF5022,50.0,education,2026-05-03 20:34:00
32,Hostel Fee,9363.81,rent,2026-05-03 22:23:00
32,Hoseetl Fee,9363.81,rent,2026-05-03 22:23:00
32,Udemy/UPI/796244,50.0,education,2026-05-04 07:06:00
32,UUdemy/UPI/796244,50.0,education,2026-05-04 07:06:00
32,UPI-MESS SECRETARY-6893@okaxis,50.0,misc,2026-05-04 08:03:00
32,CAMPUS CANTEEN,296.02,food,2026-05-04 14:30:00
32,CAMPUS CNETEN,296.02,food,2026-05-04 14:30:00
32,laNDLORd TRansFEr,5857.36,rent,2026-05-04 22:34:00
32,CAMPUS CANTEEN*ORD718587,150.02,food,2026-05-05 06:08:00
32,CAMPUS CANTEENO*RD718587,150.02,food,2026-05-05 06:08:00
32,UPI-UNKNOWN UPI-6107@okaxis,305.01,misc,2026-05-05 14:36:00
32,lANdlORd TransFeR,7994.26,rent,2026-05-05 15:08:00
32,Udemy,226.01,education,2026-05-05 21:33:00
32,UPI-ROOMMATE SPLIT-3411@okaxis,50.0,misc,2026-05-06 11:39:00
32,Prime Video*ORD306797,313.78,entertainment,2026-05-06 14:00:00
32,Vi Prepaid*ORD1611,140.98,recharge,2026-05-06 20:01:00
32,VI PREPAID,383.98,recharge,2026-05-07 06:15:00
32,VI PREPAID,383.98,recharge,2026-05-07 06:15:00
32,UPI-PRIYA S-1088@okaxis,231.18,misc,2026-05-07 15:21:00
32,Vi Prepaid/UPI/393102258,177.4,recharge,2026-05-08 07:33:00
32,SPOTIFY,79.0,entertainment,2026-05-08 12:04:00
32,SOTFIIY,79.0,entertainment,2026-05-08 12:04:00
32,UPI-RAHUL K-2921@okaxis,366.1,misc,2026-05-08 16:58:00
32,Zomato*ORD330097,435.92,food,2026-05-08 17:08:00
32,UPI-MESS SECRETARY-6279@okaxis,214.18,misc,2026-05-08 21:48:00
32,Uber,78.36,transport,2026-05-09 06:40:00
32,Uber/UPI/248781059,126.47,transport,2026-05-09 07:53:00
32,Ubeer/PI/248781059,126.47,transport,2026-05-09 07:53:00
32,sPOTIFy/UPI/487120207,246.73,entertainment,2026-05-09 10:22:00
32,Jio Recharge,299.91,recharge,2026-05-09 12:37:00
32,Joi Recharge,299.91,recharge,2026-05-09 12:37:00
32,Amazon TXN49157,483.27,shopping,2026-05-09 21:46:00
32,Amazon TXN49157,483.27,shopping,2026-05-09 21:46:00
32,MYNTRA REF8313,891.4,food,2026-05-09 22:59:00
32,MNYTRA REF8313,891.4,food,2026-05-09 22:59:00
32,FLIPKART TXN24859,959.18,shopping,2026-05-10 08:21:00
32,FLIPKATR TXN24859,959.18,shopping,2026-05-10 08:21:00
32,JiO rEChARgE,118.36,recharge,2026-05-10 08:37:00
32,UPI-ROOMMATE SPLIT-4816@okaxis,180.19,misc,2026-05-10 10:14:00
32,MEEsho,569.93,shopping,2026-05-10 13:25:00
32,JIO RECHAGRE,299.98,recharge,2026-05-10 16:03:00
32,JIO RECHGARE,299.98,recharge,2026-05-10 16:03:00
32,HotSTAr TXN6129,201.31,entertainment,2026-05-10 16:19:00
32,Uber,22.92,transport,2026-05-10 21:32:00
32,ZOMATO,506.23,food,2026-05-11 14:00:00
32,UPI-MESS SECRETARY-4358@okaxis,50.0,misc,2026-05-11 22:11:00
32,NETFLIX/UPI/684219657,307.61,entertainment,2026-05-12 10:01:00
32,UPI-RAHUL K-1980@okaxis,213.95,misc,2026-05-12 14:42:00
32,AMAZON REF7253,1191.79,shopping,2026-05-12 16:00:00
32,wiFI BiLL REF4646,242.83,recharge,2026-05-12 16:24:00
32,Bookmyshow/U,293.97,recharge,2026-05-13 11:18:00
32,WIfI BiLL TXN21,99.0,food,2026-05-13 14:16:00
32,FlIpkART,1201.86,shopping,2026-05-13 21:56:00
32,UPI-ROOMMATE SPLIT-4030@okaxis,875.27,misc,2026-05-15 13:58:00
32,UDEMY,600.6,education,2026-05-15 15:56:00
32,UUDEMY,600.6,education,2026-05-15 15:56:00
32,CITY BUS PASS REF4836,199.16,transport,2026-05-16 11:42:00
32,CITY BUS PASS REF4836,199.16,transport,2026-05-16 11:42:00
32,REDBUS,121.93,transport,2026-05-16 14:20:00
32,REDBUUS,121.93,transport,2026-05-16 14:20:00
32,Swiggy Instamart REF8778,346.32,food,2026-05-17 19:59:00
32,Swwiggy Intamart REF8778,346.32,food,2026-05-17 19:59:00
32,UPI-MESS SECRETARY-9673@okaxis,50.0,misc,2026-05-18 10:56:00
32,AJIo,1409.98,shopping,2026-05-19 23:09:00
32,AJIo,1409.98,shopping,2026-05-19 23:09:00
32,Wifi biLL,99.0,recharge,2026-05-20 10:33:00
32,Udemy,1179.49,education,2026-05-20 21:55:00
32,Udemy,1179.49,education,2026-05-20 21:55:00
32,UPI-FRIEND REPAYMENT-2774@okaxis,513.11,misc,2026-05-21 14:18:00
32,BOOKMYSHOW TXN80867,79.0,entertainment,2026-05-23 08:10:00
32,BOOKMYSHOW TXN80867,79.0,entertainment,2026-05-23 08:10:00
32,NEtFLiX/UPI/8806074,334.75,entertainment,2026-05-26 07:40:00
32,UPI-UNKNOWN UPI-4318@okaxis,50.0,misc,2026-05-26 11:16:00
32,WIFI BILL,249.39,recharge,2026-05-26 14:47:00
32,UPI-ROOMMATE SPLIT-7151@okaxis,771.37,misc,2026-05-28 14:04:00
32,Airtel Prepaid,346.28,recharge,2026-05-28 15:43:00
32,Spotify TXN92865,158.92,entertainment,2026-06-01 11:09:00
32,CoURSerA,413.13,education,2026-06-01 21:29:00
32,CoRUSerA,413.13,education,2026-06-01 21:29:00
32,UPI-FRIEND REPAYMENT-3023@okaxis,50.0,misc,2026-06-01 21:42:00
32,Namma Metro/UPI/580054573,335.13,shopping,2026-06-02 13:31:00
32,Ajio TXN26198,447.92,shopping,2026-06-02 15:39:00
32,Ajio TX26198,447.92,shopping,2026-06-02 15:39:00
32,HOSTEL FEE,7899.18,rent,2026-06-02 19:39:00
32,HOSETL FEE,7899.18,rent,2026-06-02 19:39:00
32,UPI-ROOMMATE SPLIT-7901@okaxis,350.22,misc,2026-06-02 20:50:00
32,Airtel Prepaid,294.0,recharge,2026-06-03 15:10:00
32,Meesho,2005.17,shopping,2026-06-03 19:53:00
32,Meesho,2005.17,shopping,2026-06-03 19:53:00
32,mYNtRA*ORD90219,909.94,shopping,2026-06-03 20:46:00
32,UPI-MESS SECRETARY-2427@okaxis,321.62,misc,2026-06-04 19:55:00
32,Zomato REF,40.0,food,2026-06-05 07:29:00
32,Zomato REF,40.0,food,2026-06-05 07:29:00
32,UPI-RAHUL K-9021@okaxis,1227.05,misc,2026-06-05 15:39:00
32,UPI-FRIEND REPAYMENT-9363@okaxis,50.0,misc,2026-06-06 16:19:00
32,Wifi Bill,359.47,recharge,2026-06-07 18:05:00
32,Mess Fee,40.02,food,2026-06-07 21:10:00
32,Mess Fee,40.02,food,2026-06-07 21:10:00
32,UPI-ROOMMATE SPLIT-1041@okaxis,50.0,misc,2026-06-07 22:52:00
32,oLA aUTo TXN24219,179.22,transport,2026-06-08 09:02:00
32,VI PREPAID/UPI/702598532,462.86,recharge,2026-06-09 12:41:00
32,VI PREPID/UPI/702598532,462.86,recharge,2026-06-09 12:41:00
32,UPI-ROOMMATE SPLIT-8402@okaxis,825.69,misc,2026-06-09 20:30:00
32,BOOKMYSHOW,272.27,entertainment,2026-06-12 10:50:00
32,swIgGy*ORD438639,449.21,food,2026-06-12 23:21:00
32,AAMZON,100.0,shopping,2026-06-13 16:14:00
32,AAMZON,100.0,shopping,2026-06-13 16:14:00
32,Bookmyshow TXN32189,286.41,entertainment,2026-06-13 20:11:00
32,vI PrePAiD XTN75289,458.79,recharge,2026-06-14 09:16:00
32,HOTStar/UPI/559978575,211.5,entertainment,2026-06-14 20:13:00
32,zoMaTo/UPI/147679594,40.0,food,2026-06-14 21:08:00
32,zoMaToUPI/147679594,40.0,food,2026-06-14 21:08:00
32,Flipkart,708.85,shopping,2026-06-14 22:18:00
32,Flippkat,708.85,shopping,2026-06-14 22:18:00
32,CUOrSEra,590.17,education,2026-06-16 18:57:00
32,CUOrEra,590.17,education,2026-06-16 18:57:00
32,UPI-MESS SECRETARY-6655@okaxis,50.0,misc,2026-06-16 19:43:00
32,UPI-UNKNOWN UPI-8128@okaxis,50.0,misc,2026-06-16 23:51:00
32,City uBs Pass/UPI/581583519,169.98,transport,2026-06-19 15:24:00
32,City uBs Pass/UPI/85158519,169.98,transport,2026-06-19 15:24:00
32,aMAzON*ORD802870,650.9,shopping,2026-06-19 21:26:00
32,UPI-ROOMMATE SPLIT-9740@okaxis,624.01,misc,2026-06-21 10:37:00
32,Cafe Coffee Day,272.17,transport,2026-06-21 13:21:00
32,NETFLIX REF1409,85.31,entertainment,2026-06-22 19:44:00
32,Jio Recharge TXN45435,128.52,recharge,2026-06-24 07:32:00
32,Jio Recharge/UPI/818385533,307.86,recharge,2026-06-25 10:03:00
32,Jio Rechrage/UPI/818385533,307.86,recharge,2026-06-25 10:03:00
32,UPI-ROOMMATE SPLIT-1728@okaxis,542.92,misc,2026-06-27 08:09:00
32,UPI-RAHUL K-9130@okaxis,585.31,misc,2026-06-28 17:53:00
32,CITY buS pAss/UPI/123503313,203.3,transport,2026-07-01 08:11:00
32,College Fee Portal,486.59,education,2026-07-01 08:57:00
32,College Fee Portal,486.59,education,2026-07-01 08:57:00
32,UPI-ROOMMATE SPLIT-9545@okaxis,50.0,misc,2026-07-01 13:58:00
32,Zomato*ORD902812,191.39,food,2026-07-01 21:26:00
32,hoSTEL fEe,6913.25,rent,2026-07-03 15:37:00
32,hoSETL  fEe,6913.25,rent,2026-07-03 15:37:00
32,Landlord Transfer,7089.54,rent,2026-07-03 18:46:00
32,vi pRepAID*OR2D,130.98,recharge,2026-07-03 20:02:00
32,HOSTEL FEE,6043.29,rent,2026-07-03 21:06:00
32,Campus Canteen TXN42096,583.84,food,2026-07-04 13:25:00
32,Campus Canteen TXN420966,583.84,food,2026-07-04 13:25:00
32,Pg Rent Payment,7159.27,rent,2026-07-04 15:03:00
32,campuS cAnTeen/UPI/248583718,215.76,food,2026-07-04 16:40:00
32,soptIfY,196.2,entertainment,2026-07-04 18:56:00
32,sotIfY,196.2,entertainment,2026-07-04 18:56:00
32,bOOkMYsHOw,571.03,entertainment,2026-07-04 20:31:00
32,BoOkMysHOw/UPI/556793757,122.08,entertainment,2026-07-05 17:37:00
32,Pg Rent Payment REF3465,8691.68,rent,2026-07-05 20:36:00
32,CAFE COFFEE DAY,344.79,food,2026-07-05 23:11:00
32,CAFEC OFFEE DAY,344.79,food,2026-07-05 23:11:00
32,College Fee Portal REF6089,208.1,education,2026-07-07 12:30:00
32,College Fee Portal REF5356,50.0,education,2026-07-07 18:10:00
32,Coursera TXN86749,1116.15,education,2026-07-07 18:54:00
32,OLA AUTO,222.3,transport,2026-07-07 20:43:00
32,VI PREPAID/UPI/896983153,182.47,recharge,2026-07-08 18:52:00
32,VI PREPAID/UPI/869983153,182.47,recharge,2026-07-08 18:52:00
32,PRIME VIDEO REF1281,209.01,entertainment,2026-07-08 19:32:00
32,MYNTRA REF4857,140.57,shopping,2026-07-09 07:00:00
32,MYNTRA REF4857,140.57,shopping,2026-07-09 07:00:00
32,CAMPUS CANTEEN REF5414,425.5,transport,2026-07-10 16:36:00
32,MESS FEE,383.31,food,2026-07-10 20:13:00
32,UPI-FRIEND REPAYMENT-9230@okaxis,77.89,misc,2026-07-12 13:38:00
32,caMPuS CantEEN,317.14,food,2026-07-12 17:23:00
32,UPI-UNKNOWN UPI-5481@okaxis,376.76,misc,2026-07-14 23:51:00
32,boOKMySHow,332.28,entertainment,2026-07-15 19:44:00
32,UPI-UNKNOWN UPI-8129@okaxis,235.78,misc,2026-07-16 19:16:00
32,METRO CARD RECHARGE/UPI/685413001,274.81,transport,2026-07-18 08:45:00
32,DOMINOS,179.34,food,2026-07-18 11:34:00
32,DOMINOS,179.34,food,2026-07-18 11:34:00
32,ZOMATO*ORD569530,40.0,food,2026-07-19 10:46:00
32,AmAZoN*ORD138820,536.11,shopping,2026-07-20 18:44:00
32,MYNTRA,179.99,shopping,2026-07-20 23:33:00
32,COURSERA*ORD690282,50.0,education,2026-07-21 20:30:00
32,Namma Metro,247.89,transport,2026-07-22 08:39:00
32,College Fee Portal ,444.32,education,2026-07-24 15:42:00
32,CCollege Fee Portal ,444.32,education,2026-07-24 15:42:00
32,jOI reCHarGe,267.1,recharge,2026-07-24 17:10:00
32,UPI-ROOMMATE SPLIT-4646@okaxis,50.0,misc,2026-07-25 19:37:00
32,UPI-RAHUL K-6370@okaxis,50.0,misc,2026-07-25 22:32:00
32,WIFI BILL,111.24,recharge,2026-07-27 20:00:00
32,WFI IBLL,111.24,recharge,2026-07-27 20:00:00
32,Uber*ORD584,168.17,transport,2026-08-01 07:44:00
32,FLipkArT R,402.9,shopping,2026-08-02 08:24:00
32,FLikArT R,402.9,shopping,2026-08-02 08:24:00
32,FLIpKaRT*ORD881985,791.92,shopping,2026-08-03 13:30:00
32,FLIpKaRT*ORD881985,791.92,shopping,2026-08-03 13:30:00
32,AJio*ORD783521,201.82,shopping,2026-08-03 14:41:00
32,Landlord Transfer,8116.88,rent,2026-08-05 07:07:00
32,COLLEGE FEE PORTAL,362.26,education,2026-08-05 08:12:00
32,HOSTEL FEE,7962.92,rent,2026-08-05 08:29:00
32,LANDLORD T,5275.44,rent,2026-08-05 08:57:00
32,LAANDLRD T,5275.44,rent,2026-08-05 08:57:00
32,UPI-MESS SECRETARY-3671@okaxis,1100.97,misc,2026-08-05 18:46:00
32,HOSTEL FEE/UPI/318682979,6709.59,rent,2026-08-05 21:40:00
32,Ajio,949.5,shopping,2026-08-05 21:53:00
32,Landlord Transfer/UPI/512034582,6594.6,recharge,2026-08-05 23:07:00
32,Landdlord Transfer/UPI/512304582,6594.6,recharge,2026-08-05 23:07:00
32,AIRTEL PREPAID,282.66,recharge,2026-08-06 17:44:00
32,AMAZON,425.65,shopping,2026-08-06 23:37:00
32,MAAZN,425.65,shopping,2026-08-06 23:37:00
32,Airtel Prepaid REF5396,126.3,recharge,2026-08-07 08:14:00
32,Bookmyshow REF8405,171.18,entertainment,2026-08-08 06:29:00
32,Bookmyshow REF8405,171.18,entertainment,2026-08-08 06:29:00
32,UPI-RAHUL K-1952@okaxis,937.19,misc,2026-08-08 16:39:00
32,hoTSTaR RE,208.67,recharge,2026-08-08 17:23:00
32,hoTSTaR RE,208.67,recharge,2026-08-08 17:23:00
32,SPOTIFY,146.86,entertainment,2026-08-08 18:37:00
32,METRO CARD RECHARGE REF1836,80.53,transport,2026-08-09 18:40:00
32,FLIPKART REF,1131.25,shopping,2026-08-09 20:49:00
32,OLA AUTO,164.11,transport,2026-08-10 09:36:00
32,OLA UTO,164.11,transport,2026-08-10 09:36:00
32,Cafe Coffee Day,241.72,food,2026-08-10 10:00:00
32,Cafe Cfofee Day,241.72,food,2026-08-10 10:00:00
32,MESS FEE,279.91,food,2026-08-10 10:01:00
32,UPI-MESS SECRETARY-3696@okaxis,141.89,misc,2026-08-10 12:15:00
32,MeSs fEE TXN16984,195.08,food,2026-08-10 21:13:00
32,MeSsfEE TXN16984,195.08,food,2026-08-10 21:13:00
32,UPI-UNKNOWN UPI-2869@okaxis,444.09,misc,2026-08-11 15:07:00
32,AMAZON REF4928,767.13,rent,2026-08-11 18:55:00
32,VI PREPAID,355.52,recharge,2026-08-11 21:46:00
32,VIRPEPAID,355.52,recharge,2026-08-11 21:46:00
32,mEeSho TX5N542,1076.67,shopping,2026-08-12 17:48:00
32,mEeSho TX5N542,1076.67,shopping,2026-08-12 17:48:00
32,zomAtO,461.23,entertainment,2026-08-13 15:39:00
32,UPI-PRIYA S-4647@okaxis,176.97,misc,2026-08-13 19:27:00
32,Swiggy,449.5,food,2026-08-13 20:33:00
32,wSiggy,449.5,food,2026-08-13 20:33:00
32,UPI-ROOMMATE SPLIT-1336@okaxis,327.88,misc,2026-08-14 15:19:00
32,EXAM FEE PAYMENT/UP,353.31,education,2026-08-14 16:48:00
32,PriNTOut SHOP/UPI/611285341,234.43,education,2026-08-14 18:45:00
32,UPI-FRIEND REPAYMENT-1839@okaxis,120.85,misc,2026-08-14 18:57:00
32,udemy REF4853,182.97,education,2026-08-17 09:25:00
32,UPI-PRIYA S-8074@okaxis,169.34,misc,2026-08-17 22:11:00
32,UPI-UNKNOWN UPI-5137@okaxis,886.08,misc,2026-08-20 11:02:00
32,Uber TXN48383,102.21,transport,2026-08-20 19:11:00
32,SWIGGY INSTAMART,40.0,food,2026-08-24 20:05:00
32,MESS FEE,300.79,food,2026-08-25 15:30:00
32,hOtsTAR REF8543,354.84,entertainment,2026-08-25 23:12:00
32,UPI-FRIEND REPAYMENT-3914@okaxis,563.26,misc,2026-08-26 16:12:00
32,UPI-RAHUL K-3822@okaxis,50.0,misc,2026-08-26 18:31:00
32,UPI-PRIYA S-4437@okaxis,50.0,misc,2026-08-27 19:31:00
33,UDeMY,365.76,transport,2026-04-01 08:44:00
33,UDEMY TXN25042,256.75,education,2026-04-01 11:43:00
33,fliPkARt TXN77797,100.0,shopping,2026-04-02 14:22:00
33,fliPkARt TXN77797,100.0,shopping,2026-04-02 14:22:00
33,Printout Shop,685.16,education,2026-04-02 17:32:00
33,PrintouthSop,685.16,education,2026-04-02 17:32:00
33,uBER,396.5,transport,2026-04-02 19:46:00
33,HOTSTAR REF7651,465.38,entertainment,2026-04-03 09:58:00
33,LANDLORD TRANSFER REF9942,6111.3,rent,2026-04-03 14:54:00
33,LANDLORD TTRANSFER REF9942,6111.3,rent,2026-04-03 14:54:00
33,mess fEe,51.16,food,2026-04-04 11:00:00
33,Printout Shop*ORD260179,50.0,food,2026-04-04 21:19:00
33,LanDLOrD TRa,6468.69,rent,2026-04-05 15:11:00
33,LanDLOrDT Ra,6468.69,rent,2026-04-05 15:11:00
33,UPI-PRIYA S-4372@okaxis,723.98,misc,2026-04-06 23:39:00
33,MYNTRA,1080.09,shopping,2026-04-07 18:50:00
33,MYNTAR,1080.09,shopping,2026-04-07 18:50:00
33,City Bus Pa,72.87,transport,2026-04-09 19:53:00
33,JIO RECHARGE,162.69,recharge,2026-04-09 20:05:00
33,DOMINOS,295.78,rent,2026-04-10 13:19:00
33,COlLege FeE pOrtAl*ORD76191,1171.35,education,2026-04-10 17:13:00
33,MyntrA REF14,141.21,shopping,2026-04-10 21:12:00
33,SWIGGY/UPI/856191121,95.96,food,2026-04-11 19:02:00
33,sWIGgY INsTaMaRT REF6015,79.91,food,2026-04-12 08:03:00
33,sWIGY INsTaMaRT REF6015,79.91,food,2026-04-12 08:03:00
33,COlLeGe feE pOrtAl,484.96,education,2026-04-12 16:43:00
33,UPI-UNKNOWN UPI-8012@okaxis,366.66,misc,2026-04-13 12:53:00
33,PRINTOUT SHOP REF,50.0,education,2026-04-13 18:34:00
33,PRINTOUT SHOPR EF,50.0,education,2026-04-13 18:34:00
33,UbER MOTO,167.74,transport,2026-04-13 23:49:00
33,UbER MTOO,167.74,transport,2026-04-13 23:49:00
33,aMazon,1055.13,shopping,2026-04-16 17:11:00
33,aaazon,1055.13,shopping,2026-04-16 17:11:00
33,Redbus/UPI/983499347,215.35,transport,2026-04-16 19:11:00
33,Udemy,1102.4,education,2026-04-17 16:04:00
33,AmaZon,1012.54,shopping,2026-04-18 09:55:00
33,HOTSTAR,79.0,entertainment,2026-04-18 09:55:00
33,HTOSAR,79.0,entertainment,2026-04-18 09:55:00
33,MeEsOh,1413.41,shopping,2026-04-18 18:09:00
33,Netflix TXN69702,609.78,entertainment,2026-04-19 10:42:00
33,Wifi Bill,299.06,recharge,2026-04-19 13:32:00
33,rapiDo TXN58352,20.0,transport,2026-04-19 14:46:00
33,rapiDo TTXN58352,20.0,transport,2026-04-19 14:46:00
33,MESS FEE*ORD556436,40.0,food,2026-04-19 23:00:00
33,REDBUS,94.93,transport,2026-04-20 08:29:00
33,RDUBS,94.93,transport,2026-04-20 08:29:00
33,EXAM FEE PAYMENT REF3004,750.71,education,2026-04-20 12:57:00
33,EXAM FEE PAYMENT REF3004,750.71,education,2026-04-20 12:57:00
33,UPI-UNKNOWN UPI-6767@okaxis,50.0,misc,2026-04-20 13:56:00
33,Vi PRepaiD*ORD474444,309.86,recharge,2026-04-20 21:59:00
33,cAfe cofFEE DaY,100.29,food,2026-04-24 16:08:00
33,cAfe cofFEE DaY,100.29,food,2026-04-24 16:08:00
33,PRIME VIDEO R,603.63,entertainment,2026-04-28 07:33:00
33,PRIME VIDEO R,603.63,entertainment,2026-04-28 07:33:00
33,UPI-ROOMMATE SPLIT-7255@okaxis,192.74,misc,2026-04-28 23:38:00
33,UPI-RAHUL K-6366@okaxis,50.0,misc,2026-05-01 13:16:00
33,zOMato*ORD6,203.12,food,2026-05-01 16:37:00
33,zOMatto*ORD6,203.12,food,2026-05-01 16:37:00
33,sPOtifY*ORD414935,261.33,entertainment,2026-05-01 22:37:00
33,laNDLorD traNsFeR,8756.65,rent,2026-05-02 07:50:00
33,PG RENT PAY,6522.76,rent,2026-05-02 14:34:00
33,CAFE COFFEE DAY,40.0,food,2026-05-02 16:49:00
33,CAFEC OFEE DAY,40.0,food,2026-05-02 16:49:00
33,pETROl Pump*ORD418445,117.56,transport,2026-05-02 17:34:00
33,pETROl Pump*ORD418445,117.56,transport,2026-05-02 17:34:00
33,Flipkart,1041.58,shopping,2026-05-02 18:03:00
33,Flipkraat,1041.58,shopping,2026-05-02 18:03:00
33,Redbus/UPI/833341278,267.1,transport,2026-05-02 22:38:00
33,DomiNOs,274.43,food,2026-05-02 23:35:00
33,VI PREPAID,173.41,recharge,2026-05-03 06:42:00
33,rEdBUs,20.0,transport,2026-05-03 07:52:00
33,hostEl fEE*ORD401093,9396.1,rent,2026-05-03 09:38:00
33,hostEll fEE*ORD041093,9396.1,rent,2026-05-03 09:38:00
33,pG REnT paYMeNT,7901.1,rent,2026-05-03 13:51:00
33,HOSTEL FEE,8699.21,rent,2026-05-03 14:48:00
33,HSOTE FEE,8699.21,rent,2026-05-03 14:48:00
33,Bookmyshow TXN43,111.42,entertainment,2026-05-03 18:52:00
33,nAMmA METRo R,203.38,transport,2026-05-04 08:04:00
33,Pg rent payMENt REF9335,8933.8,rent,2026-05-04 08:05:00
33,Pg rent payMENt RE9335,8933.8,rent,2026-05-04 08:05:00
33,aIjo TXN99,259.93,shopping,2026-05-04 11:45:00
33,Landlord Transfer/UPI/508126414,8965.91,rent,2026-05-04 13:10:00
33,Landlord Transfer/UIP/508126414,8965.91,rent,2026-05-04 13:10:00
33,Airtel Prepaid TXN81275,297.06,recharge,2026-05-04 13:47:00
33,Airtel Prepaid TXN1275,297.06,recharge,2026-05-04 13:47:00
33,Hostel Fee,6429.94,rent,2026-05-04 19:18:00
33,UPI-MESS SECRETARY-2807@okaxis,224.12,misc,2026-05-04 20:48:00
33,EXAm fee PAYMENt,50.0,education,2026-05-05 06:17:00
33,PRIEM VIDE,138.8,entertainment,2026-05-05 07:09:00
33,LANDLORD TRANS,5640.68,rent,2026-05-05 10:33:00
33,HOSTEL FEE,6392.81,rent,2026-05-05 11:29:00
33,HOSEL FEE,6392.81,rent,2026-05-05 11:29:00
33,VI PREPAID/UPI/493652070,99.0,recharge,2026-05-05 15:49:00
33,V PREPAID/UPI/493652070,99.0,recharge,2026-05-05 15:49:00
33,LANDLORD TRANSFER REF8210,5115.15,education,2026-05-05 16:29:00
33,FLIPKART/UPI/350199021,1326.02,shopping,2026-05-05 19:39:00
33,MYNRTA TXN78774,510.81,shopping,2026-05-05 21:27:00
33,MYNRTA TXN78774,510.81,shopping,2026-05-05 21:27:00
33,aJIo/UPI/208291680,459.77,shopping,2026-05-06 06:02:00
33,hoTstAR TXN80768,110.95,entertainment,2026-05-06 06:56:00
33,prIme VIDEo/U,96.13,entertainment,2026-05-06 07:31:00
33,oLa TXN50687,246.67,transport,2026-05-06 13:03:00
33,Prime Video*ORD185067,148.19,rent,2026-05-06 14:59:00
33,Jio Recharge,298.14,recharge,2026-05-06 22:41:00
33,Jio Recharge,298.14,recharge,2026-05-06 22:41:00
33,Myntra REF3,817.53,shopping,2026-05-07 14:30:00
33,NAMMA METRO REF98,267.34,transport,2026-05-07 15:47:00
33,NAMA METRO REF98,267.34,transport,2026-05-07 15:47:00
33,MEss EFe,40.0,food,2026-05-07 21:25:00
33,MEss FEe,40.0,food,2026-05-07 21:25:00
33,Flipkart/UPI/164252045,932.39,shopping,2026-05-08 10:34:00
33,Ajio,1699.7,shopping,2026-05-09 08:18:00
33,Ajio,1699.7,shopping,2026-05-09 08:18:00
33,PRIME VIDEO,129.32,entertainment,2026-05-09 11:13:00
33,Myntra TXN70226,695.66,shopping,2026-05-09 11:19:00
33,Mntra TXNN70226,695.66,shopping,2026-05-09 11:19:00
33,Petrol Pump,284.52,transport,2026-05-09 12:59:00
33,FliPkaRt/UPI/311703103,1017.63,shopping,2026-05-09 14:30:00
33,FliPkaRt/UPI/3311703103,1017.63,shopping,2026-05-09 14:30:00
33,Airtel Prepaid REF3807,261.99,recharge,2026-05-09 18:11:00
33,Ola,37.03,transport,2026-05-09 20:08:00
33,PrimE Video,79.0,entertainment,2026-05-09 22:48:00
33,Prim Vidoe,79.0,entertainment,2026-05-09 22:48:00
33,MESS FEE,180.15,food,2026-05-10 07:17:00
33,MEESS FE,180.15,food,2026-05-10 07:17:00
33,nEtFliX/UPI/409942718,180.33,entertainment,2026-05-10 14:49:00
33,CAFE COFFEE DAY,62.47,food,2026-05-10 16:10:00
33,aiRtEl pREpaID REF4094,451.89,recharge,2026-05-11 13:40:00
33,jIo REchARGE,271.3,recharge,2026-05-11 14:34:00
33,iRctC,151.06,transport,2026-05-12 12:29:00
33,UPI-PRIYA S-9637@okaxis,50.0,misc,2026-05-12 18:50:00
33,VI PREPAID*ORD367198,346.7,recharge,2026-05-13 11:28:00
33,Wifi Bill/UP,341.24,recharge,2026-05-13 12:28:00
33,Wif iBill/UP,341.24,recharge,2026-05-13 12:28:00
33,ZOMATO REF2608,40.0,food,2026-05-13 23:29:00
33,MEESHO,629.38,shopping,2026-05-14 19:17:00
33,Prime Video*ORD327835,334.54,entertainment,2026-05-14 21:02:00
33,Meehso,100.0,shopping,2026-05-14 22:41:00
33,Meheo,100.0,shopping,2026-05-14 22:41:00
33,MEESHO REF5409,1468.54,shopping,2026-05-15 11:16:00
33,MEESHO RRE5409,1468.54,shopping,2026-05-15 11:16:00
33,ZOMATO REF1605,40.0,food,2026-05-15 13:38:00
33,city BUS P,20.0,transport,2026-05-15 21:17:00
33,cit BUS PP,20.0,transport,2026-05-15 21:17:00
33,Vi Prepaid,151.78,recharge,2026-05-16 09:46:00
33,Vi  Prepaid,151.78,recharge,2026-05-16 09:46:00
33,UPI-RAHUL K-5319@okaxis,639.83,misc,2026-05-16 19:26:00
33,Swiggy Instamart,152.0,food,2026-05-17 12:41:00
33,MESS FEE TXN18086,558.63,food,2026-05-17 12:45:00
33,MESSS FE TNX18086,558.63,food,2026-05-17 12:45:00
33,UBER MOTO/UPI/358744855,283.52,transport,2026-05-17 18:09:00
33,UBERMOT/OUPI/358744855,283.52,transport,2026-05-17 18:09:00
33,SWIGGY INSTAMART*ORD795134,406.26,food,2026-05-17 23:17:00
33,Exam Fee Payment/UPI/196718942,1216.1,education,2026-05-18 08:53:00
33,Exam Fee Payment/UPI1/9618942,1216.1,education,2026-05-18 08:53:00
33,Ajio REF2663,1729.56,shopping,2026-05-18 16:21:00
33,Mess Fee*ORD807639,143.12,food,2026-05-18 20:05:00
33,Mess Fee*ORD807639,143.12,food,2026-05-18 20:05:00
33,Petrol Pump REF1753,141.47,transport,2026-05-18 21:24:00
33,Petrol Pump REF1753,141.47,transport,2026-05-18 21:24:00
33,CAFE COFFEE DA,429.36,food,2026-05-18 23:21:00
33,CAF ECOFFEE DAA,429.36,food,2026-05-18 23:21:00
33,exaM feE pAYMent/UPI/891950593,295.21,education,2026-05-19 15:14:00
33,exaM feE pAYMent/UPI/891950593,295.21,education,2026-05-19 15:14:00
33,cafe cOFfEE DaY/UPI/881835421,55.66,food,2026-05-21 19:42:00
33,SWIGGY INSTAMART REF2,260.32,food,2026-05-22 18:50:00
33,SWIGGY INSTAMARTREFF2,260.32,food,2026-05-22 18:50:00
33,SWIGGY*ORD689670,78.23,food,2026-05-24 13:58:00
33,UPI-RAHUL K-5007@okaxis,589.22,misc,2026-05-24 19:46:00
33,FLIPKART,334.77,shopping,2026-05-27 19:13:00
33,FIPKART,334.77,shopping,2026-05-27 19:13:00
33,AMAzoN REF1730,1036.42,shopping,2026-05-28 10:38:00
33,redbuS*ORD964421,199.39,transport,2026-05-28 12:49:00
33,FLIPKART*ORD292375,692.8,shopping,2026-05-28 19:31:00
33,UPI-ROOMMATE SPLIT-6648@okaxis,50.0,misc,2026-05-28 20:49:00
33,UPI-UNKNOWN UPI-8200@okaxis,334.21,misc,2026-05-28 22:57:00
33,BOOKMYSHOW,250.15,entertainment,2026-05-28 23:05:00
33,VI PREPAID*ORD643053,232.97,recharge,2026-06-01 06:59:00
33,caMpus cantEeN,253.34,food,2026-06-01 09:15:00
33,Vi Prepaid,203.07,recharge,2026-06-01 17:05:00
33,VVi Preapid,203.07,recharge,2026-06-01 17:05:00
33,Exam Fee Payment,50.0,education,2026-06-02 12:25:00
33,CITY BUS PASS TXN41330,107.75,transport,2026-06-02 12:48:00
33,CITY BUS PASST XN41330,107.75,transport,2026-06-02 12:48:00
33,UPI-RAHUL K-4924@okaxis,50.0,misc,2026-06-02 23:56:00
33,HOSTEL FEE*ORD346902,7855.73,rent,2026-06-03 07:48:00
33,cAFe coffEe Day/UPI/454720775,209.8,food,2026-06-04 12:30:00
33,vI pREPAiD TXN88058,404.64,recharge,2026-06-05 07:06:00
33,vI pREPADi TXN88058,404.64,recharge,2026-06-05 07:06:00
33,Landlord Transfer*ORD943887,9247.02,rent,2026-06-05 09:40:00
33,Hostel Fee/UPI/542976270,7152.58,rent,2026-06-05 11:59:00
33,oHstelFee//UPI/542976270,7152.58,rent,2026-06-05 11:59:00
33,nETfliX,104.45,entertainment,2026-06-05 13:57:00
33,raPidO/UPI/861444046,188.97,transport,2026-06-05 19:36:00
33,raPidO/UPI/681444046,188.97,transport,2026-06-05 19:36:00
33,DOMINOS*ORD166716,102.29,food,2026-06-06 12:18:00
33,DOMINOS*OORD167616,102.29,food,2026-06-06 12:18:00
33,Coursera,1672.6,education,2026-06-07 21:53:00
33,Courera,1672.6,education,2026-06-07 21:53:00
33,UdEmy*ORD584051,173.57,education,2026-06-08 07:24:00
33,UdEmy*ORD558051,173.57,education,2026-06-08 07:24:00
33,BOOKmYshOw,287.21,entertainment,2026-06-08 08:16:00
33,BOOKmsYhOOw,287.21,entertainment,2026-06-08 08:16:00
33,MYNTRA TXN42326,232.44,shopping,2026-06-08 13:46:00
33,MYNTRA TXN42326,232.44,shopping,2026-06-08 13:46:00
33,Wifi Bill*ORD458,241.62,recharge,2026-06-08 15:57:00
33,Wifi Bill*OR4D58,241.62,recharge,2026-06-08 15:57:00
33,Uber Moto/UPI/377150609,219.67,transport,2026-06-08 16:55:00
33,OLA,415.18,transport,2026-06-09 15:55:00
33,OLA,415.18,transport,2026-06-09 15:55:00
33,Ola Auto/UPI/,258.96,transport,2026-06-10 13:27:00
33,AJIO,1476.46,shopping,2026-06-11 12:24:00
33,AJIO,1476.46,shopping,2026-06-11 12:24:00
33,Udemy,986.71,education,2026-06-11 17:41:00
33,Udmey,986.71,education,2026-06-11 17:41:00
33,PETROL PUMP/UPI/218,295.11,transport,2026-06-12 10:35:00
33,CITY bUS PAsS,189.24,transport,2026-06-12 11:28:00
33,CITY bS PAsS,189.24,transport,2026-06-12 11:28:00
33,Zomato,149.42,education,2026-06-12 16:53:00
33,Flipkart TXN19402,1688.89,shopping,2026-06-12 18:30:00
33,BOOKMYHSOW TXN82520,371.68,entertainment,2026-06-15 14:53:00
33,BOOKMYHSOW TXN82520,371.68,entertainment,2026-06-15 14:53:00
33,Vi prePAID REF8475,206.79,recharge,2026-06-16 07:43:00
33,Udemy TXN3967,50.0,education,2026-06-16 16:46:00
33,UdemyT XN3967,50.0,education,2026-06-16 16:46:00
33,Jio Recharge TXN23524,314.65,recharge,2026-06-16 23:39:00
33,Spotify REF4,154.14,entertainment,2026-06-17 22:15:00
33,EXAM FeE paYMEnT,50.0,education,2026-06-18 11:53:00
33,exAM fEe pAYmenT*ORD634146,1206.91,education,2026-06-18 12:43:00
33,Metro Card Recharge*ORD145111,176.48,transport,2026-06-19 08:59:00
33,sWIGgY IntSaMART,484.5,food,2026-06-19 23:13:00
33,College Fee Portal,60.84,education,2026-06-19 23:59:00
33,NAMMA METRO,346.68,transport,2026-06-20 12:21:00
33,MEEsHO*ORD158,633.49,food,2026-06-21 06:00:00
33,mETro CarD rEcHArGe,147.09,transport,2026-06-26 07:39:00
33,MeTRO CArd,65.11,transport,2026-06-26 16:28:00
33,bOokmYshow,79.0,entertainment,2026-07-01 09:36:00
33,UPI-ROOMMATE SPLIT-7517@okaxis,50.0,misc,2026-07-02 09:49:00
33,eXAm EFE payMent TXN21823,50.0,education,2026-07-02 19:05:00
33,PG RENT PAYMENT,6206.63,rent,2026-07-03 06:23:00
33,PG  RENT PYAMET,6206.63,rent,2026-07-03 06:23:00
33,REDBUS*ORD37684,99.16,education,2026-07-03 09:46:00
33,PG RENT PAY,4811.86,rent,2026-07-03 10:02:00
33,Hostel Fee*ORD62462,9001.34,rent,2026-07-03 10:28:00
33,Hostel eFe*ORD62462,9001.34,rent,2026-07-03 10:28:00
33,mEEsHO TXN17106,689.52,shopping,2026-07-03 12:09:00
33,HOtSTaR REF4003,354.66,entertainment,2026-07-03 15:35:00
33,HOtSTaR REF4003,354.66,entertainment,2026-07-03 15:35:00
33,Spotify REF1096,185.15,entertainment,2026-07-03 16:31:00
33,LANDLORD TR,8704.29,rent,2026-07-03 17:35:00
33,Dominos,329.95,food,2026-07-03 17:47:00
33,NETFLIX/UPI/634352143,322.13,entertainment,2026-07-03 22:07:00
33,HSOTEL FEE,5953.95,recharge,2026-07-04 06:22:00
33,HSOTEL FE,5953.95,recharge,2026-07-04 06:22:00
33,jiO rECHarGE,171.85,recharge,2026-07-04 07:40:00
33,HOSTEL FEE,6875.95,rent,2026-07-04 08:07:00
33,HOSTEL EE,6875.95,rent,2026-07-04 08:07:00
33,MYNtRA*ORD661108,505.92,shopping,2026-07-04 11:40:00
33,MYNtRA*ORD661108,505.92,shopping,2026-07-04 11:40:00
33,SPOtiFy,125.63,entertainment,2026-07-04 12:23:00
33,SOPtiy,125.63,entertainment,2026-07-04 12:23:00
33,LANDLORD TRANSFER,7538.58,rent,2026-07-04 17:09:00
33,LANDLOR DTRANSFER,7538.58,rent,2026-07-04 17:09:00
33,Netflix,329.35,entertainment,2026-07-04 19:12:00
33,HOSTE LFEE REF6399,8166.39,rent,2026-07-04 19:30:00
33,pRInTouT ShOP TXN26297,891.26,education,2026-07-04 19:56:00
33,NETFLIX TXN25707,203.1,entertainment,2026-07-05 09:44:00
33,NETFLIXX TXN52707,203.1,entertainment,2026-07-05 09:44:00
33,CAfe cOFfEE dAY,535.57,food,2026-07-05 14:17:00
33,CAfe cOFfEE dAY,535.57,food,2026-07-05 14:17:00
33,Hostel Fee,8707.23,rent,2026-07-05 16:52:00
33,HotelF ee,8707.23,rent,2026-07-05 16:52:00
33,Pg Rent Payment REF8282,7352.7,food,2026-07-05 21:32:00
33,Airtel Preapid,316.05,recharge,2026-07-06 07:38:00
33,WiFi bILl,99.0,recharge,2026-07-06 10:11:00
33,Parking Fee TXN33502,160.06,transport,2026-07-06 19:20:00
33,Wifi Bill,176.56,recharge,2026-07-06 19:51:00
33,WifiB il,176.56,recharge,2026-07-06 19:51:00
33,VI PREPAID*ORD837,645.5,recharge,2026-07-06 20:48:00
33,wIFi BiLL,99.0,recharge,2026-07-06 21:14:00
33,Cafe Coffee Day,174.27,food,2026-07-06 23:50:00
33,Cfae Coffeee Day,174.27,food,2026-07-06 23:50:00
33,Jio Recharg,256.28,entertainment,2026-07-07 18:21:00
33,BOOKMYSHOW,202.59,entertainment,2026-07-07 18:52:00
33,BOOKMYSHOW,202.59,entertainment,2026-07-07 18:52:00
33,Mess Fee,497.95,food,2026-07-07 19:28:00
33,nEtfliX/UPI/486064254,281.2,entertainment,2026-07-07 20:25:00
33,PETROL PUMP REF4730,74.49,transport,2026-07-07 20:43:00
33,Prime Video*ORD762650,79.0,entertainment,2026-07-08 10:11:00
33,Exam Fee Payment/UPI/806404720,50.0,education,2026-07-08 19:44:00
33,ExamF ee Payment/UPI/806404720,50.0,education,2026-07-08 19:44:00
33,FlIPKaRT REF141,883.22,shopping,2026-07-09 07:45:00
33,Dominos/UPI/529522783,228.39,food,2026-07-09 15:12:00
33,Udemy,50.0,education,2026-07-09 16:48:00
33,NETFLIX TXN20182,87.25,entertainment,2026-07-10 06:32:00
33,Mess Fee,231.61,food,2026-07-10 07:01:00
33,Uber REF4773,20.0,shopping,2026-07-10 07:04:00
33,MESS FeE,60.13,food,2026-07-10 10:32:00
33,MES SSFeE,60.13,food,2026-07-10 10:32:00
33,JIO RECHARGE*ORD106409,274.97,recharge,2026-07-10 10:58:00
33,Zomato REF3714,191.67,food,2026-07-10 13:13:00
33,Zoamtoo EF3714,191.67,food,2026-07-10 13:13:00
33,cAMPUs CANTeEN*ORD429173,417.59,food,2026-07-10 21:09:00
33,cAMPU sCANTeEN*ORD42973,417.59,food,2026-07-10 21:09:00
33,BOokMYSHOW,79.0,entertainment,2026-07-10 22:18:00
33,AMAZON,154.24,shopping,2026-07-10 22:58:00
33,sPOtiFy*OR,193.55,entertainment,2026-07-11 09:29:00
33,sOPtiF*OR,193.55,entertainment,2026-07-11 09:29:00
33,UPI-FRIEND REPAYMENT-7000@okaxis,50.0,misc,2026-07-11 15:42:00
33,Uber Moto/UPI,20.0,transport,2026-07-11 19:12:00
33,Uber MotoU/PI,20.0,transport,2026-07-11 19:12:00
33,Swiggy,40.0,food,2026-07-11 21:05:00
33,SwIggY,208.27,food,2026-07-11 21:20:00
33,Cafe Coffee Day,200.82,food,2026-07-11 21:24:00
33,MYNTRA/UPI/769075342,741.51,shopping,2026-07-11 21:35:00
33,MYNTRA/UPI/769075342,741.51,shopping,2026-07-11 21:35:00
33,AIRTEL PREPAID/UPI/250,424.39,recharge,2026-07-12 07:35:00
33,IRCTC/UPI/744866265,20.35,transport,2026-07-12 16:05:00
33,vI PrEpAid,376.92,recharge,2026-07-13 15:43:00
33,vI PrEpid,376.92,recharge,2026-07-13 15:43:00
33,Printout Sh,111.66,education,2026-07-14 15:18:00
33,Printtou tSh,111.66,education,2026-07-14 15:18:00
33,IrCtc,264.38,transport,2026-07-14 23:07:00
33,IrCCtc,264.38,transport,2026-07-14 23:07:00
33,Dominos REF2338,161.91,shopping,2026-07-15 13:36:00
33,IRCT CTXN81391,263.51,transport,2026-07-16 09:57:00
33,Mes sFee,40.0,food,2026-07-16 20:22:00
33,ParKing FEE,20.0,transport,2026-07-17 07:03:00
33,UDeMy TXN47039,50.0,education,2026-07-17 15:26:00
33,UPI-PRIYA S-6388@okaxis,50.0,misc,2026-07-17 23:49:00
33,CAmpUS CANtEEN REF3251,40.0,food,2026-07-18 12:32:00
33,Swiggy/UPI/580462545,430.27,food,2026-07-18 12:38:00
33,CIty BUS P,128.01,entertainment,2026-07-18 14:10:00
33,CtI BUS P,128.01,entertainment,2026-07-18 14:10:00
33,Hotstar REF118,79.0,entertainment,2026-07-18 21:35:00
33,MYNTRA,702.64,shopping,2026-07-18 21:58:00
33,MYNTRA,702.64,shopping,2026-07-18 21:58:00
33,aIrTeL PrEpAI,423.03,recharge,2026-07-19 18:51:00
33,priMe vIDeO,318.85,entertainment,2026-07-19 20:25:00
33,AMAZON*ORD730495,405.42,shopping,2026-07-19 21:09:00
33,AMaZoN REF1208,381.01,shopping,2026-07-19 22:17:00
33,Exam Fee Payment*ORD105475,50.0,education,2026-07-20 08:17:00
33,Petrol Pump,244.69,transport,2026-07-20 19:06:00
33,Petrol Pump,244.69,transport,2026-07-20 19:06:00
33,CAmPuS CantEeN,86.9,food,2026-07-21 20:12:00
33,Jio Recharge/UPI/349826756,315.33,recharge,2026-07-22 22:08:00
33,Jio Recharge/PI/3498266765,315.33,recharge,2026-07-22 22:08:00
33,PRINTOUT SHOP,377.01,education,2026-07-22 23:38:00
33,City Bus Pass TXN81,65.2,transport,2026-07-23 19:55:00
33,Ciity Bus Pass TXN81,65.2,transport,2026-07-23 19:55:00
33,CAFE COfFeE day,40.0,food,2026-07-25 07:33:00
33,Wifi Bill,209.93,recharge,2026-07-26 14:22:00
33,AIRTEL PREPAID TXN65802,234.48,recharge,2026-07-27 19:10:00
33,AIRTEL PREPAIDT XN65802,234.48,recharge,2026-07-27 19:10:00
33,Exam Fee Payment TXN80782,1064.06,education,2026-07-28 07:01:00
33,xEam Fee Payment TXN0782,1064.06,education,2026-07-28 07:01:00
33,UPI-PRIYA S-4884@okaxis,465.91,misc,2026-07-28 09:25:00
33,UBER TXN99760,20.0,transport,2026-08-02 19:14:00
33,mEesHo/UPI/146855827,859.35,shopping,2026-08-03 14:13:00
33,Campus Can,95.56,food,2026-08-04 08:31:00
33,Campus aCn,95.56,food,2026-08-04 08:31:00
33,HOSTEL FEE,7421.79,rent,2026-08-04 16:03:00
33,HOSETL FEE,7421.79,rent,2026-08-04 16:03:00
33,domINoS/UPI/432472532,78.02,food,2026-08-04 22:39:00
33,Swiggy Instamart TXN90068,267.46,food,2026-08-05 15:21:00
33,UDEMY*ORD662434,607.79,education,2026-08-05 20:43:00
33,BOOKMYSHOW,139.05,entertainment,2026-08-06 14:31:00
33,Ola Auto,151.27,transport,2026-08-06 16:57:00
33,Wifi Bill,231.63,recharge,2026-08-06 18:18:00
33,PRIME VIDE OTXN1310,129.98,entertainment,2026-08-06 19:17:00
33,PRIME VIDE OTX1310,129.98,entertainment,2026-08-06 19:17:00
33,SPOTIFY TXN74662,312.79,entertainment,2026-08-06 19:23:00
33,JIO RECHAR,340.62,recharge,2026-08-07 10:33:00
33,JO RECHAR,340.62,recharge,2026-08-07 10:33:00
33,SPOTIFY,152.68,entertainment,2026-08-08 19:15:00
33,aIRtEL prepaID REF66,99.0,recharge,2026-08-08 19:33:00
33,aIRREtL preaID REF66,99.0,recharge,2026-08-08 19:33:00
33,wIfI bilL,99.0,recharge,2026-08-10 09:20:00
33,Vi Prepaid TXN66453,113.72,recharge,2026-08-10 22:52:00
33,Vi PrepaidTXN66453,113.72,recharge,2026-08-10 22:52:00
33,Petrol Pump,122.13,transport,2026-08-14 10:52:00
33,pRIme vIDeO RE,79.0,education,2026-08-14 11:57:00
33,NETFLIX TXN32411,311.85,entertainment,2026-08-15 20:18:00
33,MEesho*ORD234046,643.01,rent,2026-08-15 20:25:00
33,MEesh*oORD234046,643.01,rent,2026-08-15 20:25:00
33,Mess Fee REF8523,197.64,food,2026-08-15 22:30:00
33,Mss Fee REF8523,197.64,food,2026-08-15 22:30:00
33,SPOtify*ORD,267.75,entertainment,2026-08-16 22:24:00
33,SPOtfy*ORD,267.75,entertainment,2026-08-16 22:24:00
33,booKmySHOw*ORD629877,222.18,entertainment,2026-08-20 23:24:00
33,UPI-RAHUL K-8714@okaxis,50.0,misc,2026-08-22 12:00:00
33,Udemy TXN64455,50.0,education,2026-08-22 22:36:00
33,REDBUS REF3,286.83,transport,2026-08-24 19:14:00
33,WIFI BILL REF8004,524.88,recharge,2026-08-26 12:48:00
33,Campus Canteen,42.34,food,2026-08-27 21:49:00
34,Printout Shop TXN87249,386.78,education,2026-04-01 22:52:00
34,Printout Shop TXN87249,386.78,education,2026-04-01 22:52:00
34,hoStel FEE,6787.44,rent,2026-04-02 08:18:00
34,hoStel FE,6787.44,rent,2026-04-02 08:18:00
34,AMAZON TXN57781,377.85,shopping,2026-04-02 09:03:00
34,AMAZNO TXN577881,377.85,shopping,2026-04-02 09:03:00
34,PRIME VIDEO TXN44469,318.94,entertainment,2026-04-02 20:36:00
34,lANDLoRd TrAnSfer TXN39980,5857.09,rent,2026-04-03 11:00:00
34,Spotify/UPI/187745039,122.1,entertainment,2026-04-04 11:56:00
34,LANDLORD T,8316.74,rent,2026-04-05 13:50:00
34,iRctc REF7899,206.07,transport,2026-04-05 18:03:00
34,iRctcR EF7899,206.07,transport,2026-04-05 18:03:00
34,PrImE ViDEO*ORD860702,207.31,entertainment,2026-04-05 19:34:00
34,PrImE ViDEO*ORDD860702,207.31,entertainment,2026-04-05 19:34:00
34,Parking Fee,82.94,transport,2026-04-06 20:31:00
34,Parking Fee,82.94,transport,2026-04-06 20:31:00
34,ANMMA METRO,181.65,transport,2026-04-08 11:18:00
34,NAMMA ETTRO,181.65,transport,2026-04-08 11:18:00
34,fLipKArT,397.79,shopping,2026-04-08 11:37:00
34,fLiKArT,397.79,shopping,2026-04-08 11:37:00
34,hOTstar*ORD106531,245.39,entertainment,2026-04-10 10:48:00
34,hOTstar*ORD106351,245.39,entertainment,2026-04-10 10:48:00
34,SPOTIFY,79.0,recharge,2026-04-10 19:20:00
34,SSPOTIFY,79.0,recharge,2026-04-10 19:20:00
34,PrIntOuT SHop,50.0,education,2026-04-11 08:41:00
34,PRINTOUT SHOP,874.46,education,2026-04-11 15:23:00
34,MESS FEE,453.05,food,2026-04-12 06:50:00
34,MES FEE,453.05,food,2026-04-12 06:50:00
34,Dominos TXN471,371.83,food,2026-04-12 12:53:00
34,COURSERA*ORD114930,2195.69,education,2026-04-15 10:14:00
34,Amazon,100.0,shopping,2026-04-15 17:06:00
34,Amzan,100.0,shopping,2026-04-15 17:06:00
34,Cafe Coffee Day REF3409,307.88,food,2026-04-20 08:15:00
34,Cafe Coffee Day REF3409,307.88,food,2026-04-20 08:15:00
34,SwIgGY TXN98947,216.47,food,2026-04-21 18:15:00
34,SwIgGY TXN989947,216.47,food,2026-04-21 18:15:00
34,UPI-MESS SECRETARY-9707@okaxis,998.34,misc,2026-04-22 10:42:00
34,UPI-MESS SECRETARY-7197@okaxis,589.07,misc,2026-04-23 11:55:00
34,BOoKMyShWo,79.0,entertainment,2026-05-02 14:29:00
34,VI PREpaId/UPI/951868060,346.23,recharge,2026-05-02 19:56:00
34,Netflix,348.18,entertainment,2026-05-02 22:00:00
34,Pg Rent Payment,6997.26,rent,2026-05-03 08:43:00
34,HOSTEL FEE,7514.74,rent,2026-05-03 13:28:00
34,HOSEL  FEE,7514.74,rent,2026-05-03 13:28:00
34,EXAM FEE PAYMENT,50.0,education,2026-05-03 15:02:00
34,NEtFLIX/UPI/160042976,113.0,entertainment,2026-05-03 21:31:00
34,NEtFLIX/UPI/160042976,113.0,entertainment,2026-05-03 21:31:00
34,Spotify/UPI/636201792,79.0,entertainment,2026-05-04 16:20:00
34,Spotify/UPI/636201792,79.0,entertainment,2026-05-04 16:20:00
34,WIFI BILL,472.82,recharge,2026-05-04 18:15:00
34,WIF BILL,472.82,recharge,2026-05-04 18:15:00
34,UPI-FRIEND REPAYMENT-2896@okaxis,541.62,misc,2026-05-04 20:48:00
34,PG RENT PAYMENT,7934.42,entertainment,2026-05-05 10:19:00
34,Ola Auto/UPI/529179684,399.28,transport,2026-05-05 17:00:00
34,Ol aAuto/UPI/529179684,399.28,transport,2026-05-05 17:00:00
34,pG rENT paymENt,7209.97,rent,2026-05-05 18:03:00
34,HoStel fEe/UPI/151356969,7445.74,rent,2026-05-05 23:18:00
34,NETFLIX/UPI/559517919,120.23,entertainment,2026-05-06 15:01:00
34,Campus Canteen,162.6,food,2026-05-06 19:33:00
34,AMAZON TXN707,1268.42,shopping,2026-05-06 19:36:00
34,zomATO,114.55,food,2026-05-06 20:51:00
34,Hotstar,409.25,entertainment,2026-05-07 23:41:00
34,Htttsar,409.25,entertainment,2026-05-07 23:41:00
34,Mess Fee REF8578,204.1,food,2026-05-08 17:18:00
34,Mess Fee REF8578,204.1,food,2026-05-08 17:18:00
34,Bookmyshow/UPI/802844030,420.01,entertainment,2026-05-08 20:54:00
34,Bookmyshow/UPI/802844030,420.01,entertainment,2026-05-08 20:54:00
34,hotSaTR,293.55,entertainment,2026-05-08 21:15:00
34,hotSSaTR,293.55,entertainment,2026-05-08 21:15:00
34,AiRTEl prEpAID REF4515,333.61,recharge,2026-05-08 21:57:00
34,AiRTEl prEpAID REF4515,333.61,recharge,2026-05-08 21:57:00
34,VI PRepAid/UPI/666434429,174.0,recharge,2026-05-09 20:32:00
34,wifi bilL/UPI/429790453,103.26,recharge,2026-05-10 06:16:00
34,REDBUS REF8488,414.78,transport,2026-05-12 15:35:00
34,PRIME VIDEO TXN67565,79.0,entertainment,2026-05-13 11:53:00
34,PRIME VIDEO TXN67565,79.0,entertainment,2026-05-13 11:53:00
34,UPI-PRIYA S-3506@okaxis,50.0,misc,2026-05-13 18:40:00
34,MEESHO REF,257.92,shopping,2026-05-14 09:50:00
34,MEESHO RFF,257.92,shopping,2026-05-14 09:50:00
34,Netflix REF1855,79.0,entertainment,2026-05-15 16:34:00
34,Netflx RFE1855,79.0,entertainment,2026-05-15 16:34:00
34,Swiggy TXN69128,232.76,food,2026-05-15 20:05:00
34,Swiggy TXN69128,232.76,food,2026-05-15 20:05:00
34,OLa aUTo TXN99410,20.0,transport,2026-05-15 21:54:00
34,UPI-PRIYA S-2264@okaxis,678.63,misc,2026-05-17 08:09:00
34,neTFLix,271.84,entertainment,2026-05-17 14:40:00
34,neFTTLix,271.84,entertainment,2026-05-17 14:40:00
34,netFLIX REF6675,142.11,entertainment,2026-05-17 17:29:00
34,netFLIX ERF6675,142.11,entertainment,2026-05-17 17:29:00
34,Zomato REF5315,210.08,food,2026-05-17 22:00:00
34,Zomato RF5315,210.08,food,2026-05-17 22:00:00
34,myNtAR,414.62,shopping,2026-05-17 22:30:00
34,Vi Prepaid*ORD,131.94,recharge,2026-05-18 09:19:00
34,Vi  Prepaid*ODR,131.94,recharge,2026-05-18 09:19:00
34,UPI-UNKNOWN UPI-8048@okaxis,50.0,misc,2026-05-18 10:12:00
34,OLa AUto,269.79,transport,2026-05-18 11:40:00
34,OL AUto,269.79,transport,2026-05-18 11:40:00
34,UPI-UNKNOWN UPI-8514@okaxis,686.78,misc,2026-05-18 15:48:00
34,Jio RECHaRge TXN3,344.83,recharge,2026-05-18 20:20:00
34,cAMpUSC ANteEn,143.92,food,2026-05-18 22:55:00
34,DUEMY,267.56,education,2026-05-20 12:09:00
34,Vi Prepaid,258.08,recharge,2026-05-20 20:58:00
34,CitY buS pAsS,227.24,transport,2026-05-21 08:48:00
34,PRIME VIDEO REF2059,98.94,entertainment,2026-05-21 11:45:00
34,CAFE COFFEE DAY TXN28176,235.08,food,2026-05-21 23:09:00
34,CFE COFFEE DAY TXN28176,235.08,food,2026-05-21 23:09:00
34,UPI-PRIYA S-8207@okaxis,479.77,misc,2026-05-22 23:01:00
34,OLA AUTO,181.5,transport,2026-05-23 18:27:00
34,OLA ATTUO,181.5,transport,2026-05-23 18:27:00
34,Uber*ORD934081,301.66,transport,2026-05-24 08:44:00
34,UPI-UNKNOWN UPI-3562@okaxis,517.85,misc,2026-05-25 20:36:00
34,Namma Metro REF5,159.56,transport,2026-05-26 07:29:00
34,UPI-ROOMMATE SPLIT-8771@okaxis,572.94,misc,2026-05-26 19:41:00
34,WiFi BIlL REF2224,285.98,recharge,2026-05-28 09:33:00
34,jio RECHarGE REF2638,99.0,recharge,2026-05-28 22:58:00
34,jio REHCarGE REF2638,99.0,recharge,2026-05-28 22:58:00
34,Meesho,653.19,shopping,2026-06-01 22:15:00
34,UPI-ROOMMATE SPLIT-3367@okaxis,50.0,misc,2026-06-02 18:46:00
34,COURSERA TXN64742,1203.16,education,2026-06-03 19:22:00
34,CUORSERA TXN64742,1203.16,education,2026-06-03 19:22:00
34,Landlord Transfer/UPI/280644851,8371.12,rent,2026-06-04 09:42:00
34,Landlord Transfer/UPI/280648451,8371.12,rent,2026-06-04 09:42:00
34,Petrol Pump TXN31815,260.52,transport,2026-06-04 16:29:00
34,Ajio REF6257,526.71,shopping,2026-06-06 08:18:00
34,Aijo REF62257,526.71,shopping,2026-06-06 08:18:00
34,FlIpKATr/UPI/196184868,100.0,shopping,2026-06-08 14:15:00
34,Vi Prepaid*ORD681185,101.94,recharge,2026-06-08 16:20:00
34,AJIO/UPI/4,1017.57,shopping,2026-06-08 16:46:00
34,UBER MOTO,92.43,transport,2026-06-08 18:12:00
34,EXAM FEE PAYMENT REF8579,527.69,education,2026-06-09 12:22:00
34,COURSERA,393.79,education,2026-06-09 23:35:00
34,MEESHO,360.51,shopping,2026-06-11 06:42:00
34,MEESOH,360.51,shopping,2026-06-11 06:42:00
34,FLIPKART REF1242,100.0,shopping,2026-06-11 21:58:00
34,FLIPKATR RF1242,100.0,shopping,2026-06-11 21:58:00
34,UPI-PRIYA S-8978@okaxis,308.0,misc,2026-06-14 08:13:00
34,Hotstar TXN58561,298.24,entertainment,2026-06-18 07:09:00
34,UDEMY,295.68,education,2026-06-19 10:30:00
34,Myntra/UPI/978169,1742.87,shopping,2026-06-19 13:23:00
34,primE viDeO/UPI/264284058,338.42,entertainment,2026-06-20 13:21:00
34,OlA REF6068,98.08,transport,2026-06-21 14:01:00
34,Wifi Bill REF2295,105.27,recharge,2026-06-23 20:17:00
34,UPI-FRIEND REPAYMENT-3860@okaxis,50.0,misc,2026-06-24 11:34:00
34,Wifi Bill,492.38,recharge,2026-06-25 19:16:00
34,Wifi Bill,202.5,recharge,2026-07-01 09:33:00
34,Parking Fee,26.97,transport,2026-07-01 19:34:00
34,Jio Recharg,618.98,recharge,2026-07-02 12:48:00
34,iJo Rechharg,618.98,recharge,2026-07-02 12:48:00
34,Flipkrat TX,1210.84,shopping,2026-07-02 14:11:00
34,Landlord Transfer TXN21765,6201.78,rent,2026-07-02 14:52:00
34,VI PREPAID,99.0,recharge,2026-07-02 19:08:00
34,Amazon,784.41,shopping,2026-07-02 23:23:00
34,Amazzn,784.41,shopping,2026-07-02 23:23:00
34,landlord trANSFEr/UPI/925377052,8189.07,rent,2026-07-03 08:23:00
34,Wifi BilL,306.71,recharge,2026-07-03 10:04:00
34,PRINTOUT SHOP,1224.69,education,2026-07-03 11:00:00
34,Pg RENT PaYmeNT REF1744,4785.01,rent,2026-07-03 17:26:00
34,udEmY,50.0,education,2026-07-04 06:57:00
34,uudEmY,50.0,education,2026-07-04 06:57:00
34,lAnDLorD TRANsFeR RE,8586.7,rent,2026-07-04 11:36:00
34,FlIPKArT TXN50942,1363.66,shopping,2026-07-04 14:54:00
34,FLIPKART*ORD944366,764.55,shopping,2026-07-04 17:25:00
34,RAPIDO/UPI/,163.79,transport,2026-07-04 19:46:00
34,ARPPIDO/UPI/,163.79,transport,2026-07-04 19:46:00
34,pG rent pAyMEnT,5398.42,rent,2026-07-04 22:01:00
34,pG rent pAyMEnT,5398.42,rent,2026-07-04 22:01:00
34,hOsTel Fee,6706.85,rent,2026-07-05 07:54:00
34,hsTel Fee,6706.85,rent,2026-07-05 07:54:00
34,Pg Rent Payment TXN96624,5873.92,rent,2026-07-05 11:52:00
34,PG REnt paYMenT,8254.73,rent,2026-07-05 12:59:00
34,PG REn paYMenT,8254.73,rent,2026-07-05 12:59:00
34,UbeR/UPI/104443367,23.27,transport,2026-07-06 07:34:00
34,UbeR/UPI/104443367,23.27,transport,2026-07-06 07:34:00
34,Myntra RFE7769,1509.18,shopping,2026-07-06 17:35:00
34,CITY BUS PASS,20.0,transport,2026-07-07 06:01:00
34,FlIPkaRt,555.4,shopping,2026-07-07 13:37:00
34,FlIPkaRt,555.4,shopping,2026-07-07 13:37:00
34,AMAZOn,390.68,shopping,2026-07-09 20:16:00
34,Printout Shop REF1149,884.01,education,2026-07-10 09:54:00
34,SWIGGY TXN42605,692.83,food,2026-07-10 10:59:00
34,SWIGGY TX426605,692.83,food,2026-07-10 10:59:00
34,Prime Video/UPI/594844920,167.05,entertainment,2026-07-11 21:22:00
34,Jio Recharge*ORD2458,120.36,recharge,2026-07-14 13:14:00
34,PrinTout ShoP/UPI/780601513,966.63,education,2026-07-15 23:43:00
34,PrinTout ShoP/UPI/78060513,966.63,education,2026-07-15 23:43:00
34,Jio Recharge/UPI/,420.34,recharge,2026-07-16 12:53:00
34,Jio Rechrage/UPI/,420.34,recharge,2026-07-16 12:53:00
34,City Bus Pass/UPI/817875228,100.88,transport,2026-07-16 18:27:00
34,WIFI BILL*ORD442373,191.71,recharge,2026-07-17 10:50:00
34,UPI-ROOMMATE SPLIT-6383@okaxis,360.66,misc,2026-07-17 23:33:00
34,MEESHO,488.42,shopping,2026-07-19 09:01:00
34,caFE COfFEE DAY,314.71,recharge,2026-07-19 12:29:00
34,caFE CfOFEE DAY,314.71,recharge,2026-07-19 12:29:00
34,Jio REcHarGE,367.22,recharge,2026-07-24 14:38:00
34,JioREcHarGE,367.22,recharge,2026-07-24 14:38:00
34,NETFLIX,79.0,entertainment,2026-07-25 13:56:00
34,COURSERA TXN85552,50.0,education,2026-07-28 11:30:00
34,Mess Fee*ORD9010,164.02,food,2026-07-28 21:28:00
34,Mess Fee*ORD9010,164.02,food,2026-07-28 21:28:00
34,JIo RecHARge*ORD630516,374.72,recharge,2026-08-01 14:35:00
34,Amazon REF2948,838.63,shopping,2026-08-01 15:47:00
34,AJIO TXN4056,556.39,transport,2026-08-01 16:58:00
34,AJJIO TXN456,556.39,transport,2026-08-01 16:58:00
34,HOSTEL FEE,7208.28,rent,2026-08-03 18:54:00
34,HOSTELF EE,7208.28,rent,2026-08-03 18:54:00
34,Hostel Fee RE,5917.65,rent,2026-08-03 22:32:00
34,Udemy REF353,1546.96,education,2026-08-04 22:15:00
34,WifI BiLl,99.0,recharge,2026-08-05 19:14:00
34,WifI iBLl,99.0,recharge,2026-08-05 19:14:00
34,MEeSHO TXN99177,1376.92,shopping,2026-08-06 13:54:00
34,MEEeSHO XTN99177,1376.92,shopping,2026-08-06 13:54:00
34,Meesho,1166.33,shopping,2026-08-06 20:43:00
34,sWIggy INSTAMaRt/UPI/687440025,131.3,food,2026-08-07 20:01:00
34,Swiggy TXN74533,207.63,food,2026-08-08 16:41:00
34,MESS FEE*ORD447046,40.0,food,2026-08-09 08:53:00
34,MESS FEE*ORD447046,40.0,food,2026-08-09 08:53:00
34,OlA,246.59,transport,2026-08-09 18:02:00
34,EXAM FEE PAY,240.96,education,2026-08-10 17:20:00
34,UDEMY,50.0,education,2026-08-11 22:43:00
34,FLIPKART,1637.04,shopping,2026-08-12 07:53:00
34,FLIKAART,1637.04,shopping,2026-08-12 07:53:00
34,WIFi BiLL,369.71,recharge,2026-08-13 12:40:00
34,NaMMa MEtr,412.85,transport,2026-08-13 19:47:00
34,NMaMa MEtr,412.85,transport,2026-08-13 19:47:00
34,ZOMATO REF2568,76.67,food,2026-08-16 12:09:00
34,mYNTRA*ORD,1163.74,shopping,2026-08-17 10:12:00
34,myNTra/UPI/908276934,1091.2,shopping,2026-08-18 20:18:00
34,campUS caNTEeN,529.5,food,2026-08-22 20:08:00
34,caampUS caNTEeN,529.5,food,2026-08-22 20:08:00
34,sPotiFy,108.01,entertainment,2026-08-23 20:17:00
34,sPotiFy,108.01,entertainment,2026-08-23 20:17:00
34,UPI-FRIEND REPAYMENT-2176@okaxis,50.0,misc,2026-08-24 22:36:00
35,olA,90.85,transport,2026-04-01 07:11:00
35,UPI-FRIEND REPAYMENT-4242@okaxis,533.55,misc,2026-04-01 10:05:00
35,NETFLIX*ORD3,161.26,entertainment,2026-04-01 12:36:00
35,OLA AUTO,50.96,transport,2026-04-02 21:11:00
35,MYNTRA/UPI/217360181,678.26,shopping,2026-04-03 08:47:00
35,BooKmyshoW TXN59267,351.51,entertainment,2026-04-03 12:46:00
35,BoooKmyshoW TXN5967,351.51,entertainment,2026-04-03 12:46:00
35,UPI-RAHUL K-6434@okaxis,293.58,misc,2026-04-04 08:28:00
35,UPI-ROOMMATE SPLIT-3461@okaxis,426.43,misc,2026-04-04 09:32:00
35,Hostel Fee TXN31833,8547.07,rent,2026-04-04 20:20:00
35,HOsTeL fEe RE,8068.72,rent,2026-04-04 22:11:00
35,oZmato,327.68,food,2026-04-05 15:33:00
35,oZmto,327.68,food,2026-04-05 15:33:00
35,CAFE COFFEE DAY TXN79832,340.95,entertainment,2026-04-05 18:05:00
35,CAEFCOFFEE DAY TXN79832,340.95,entertainment,2026-04-05 18:05:00
35,UPI-MESS SECRETARY-4497@okaxis,50.0,misc,2026-04-06 09:26:00
35,VI PREPAID/UPI/125562734,308.23,recharge,2026-04-07 09:20:00
35,VI PREPAID/UPI/125562734,308.23,recharge,2026-04-07 09:20:00
35,AIrTe LPrePaid/UPI/7480,104.46,recharge,2026-04-08 17:07:00
35,WSIGGY INSTAMART TXN47981,597.77,food,2026-04-09 12:53:00
35,COURSERA*ORD620159,489.27,education,2026-04-10 09:07:00
35,CITY BUS PASS/UPI/407133339,20.0,transport,2026-04-10 12:09:00
35,CITY BUS PAS/SUPI/40713339,20.0,transport,2026-04-10 12:09:00
35,CAFE COFFEE DAY,193.72,food,2026-04-10 23:29:00
35,AJIO TXN78419,1481.47,shopping,2026-04-11 10:31:00
35,AJI TXN78419,1481.47,shopping,2026-04-11 10:31:00
35,UPI-UNKNOWN UPI-4020@okaxis,50.0,misc,2026-04-12 11:00:00
35,UPI-FRIEND REPAYMENT-8235@okaxis,50.0,misc,2026-04-12 12:02:00
35,HOTSTAR*ORD629351,202.52,entertainment,2026-04-13 13:52:00
35,myNTRa/UPI/949155856,1470.71,shopping,2026-04-13 22:57:00
35,myNTRa/UPI/94915556,1470.71,shopping,2026-04-13 22:57:00
35,College Fee Portal/UP,297.25,education,2026-04-14 11:17:00
35,College Fee Portal/UP,297.25,education,2026-04-14 11:17:00
35,Printout Shop*ORD184467,50.0,education,2026-04-16 10:26:00
35,UPI-ROOMMATE SPLIT-2147@okaxis,432.95,misc,2026-04-16 12:27:00
35,RAPIOD TXN86786,250.87,transport,2026-04-16 22:41:00
35,RAPIOD TXN86786,250.87,transport,2026-04-16 22:41:00
35,PETROL PUMP R,20.0,transport,2026-04-17 23:52:00
35,PETROL PUMP R,20.0,transport,2026-04-17 23:52:00
35,OLA REF2537,366.92,transport,2026-04-19 16:48:00
35,MYNTRA TXN82667,528.29,shopping,2026-04-20 23:17:00
35,mEeSho,569.96,shopping,2026-04-21 10:25:00
35,UPI-MESS SECRETARY-2646@okaxis,813.64,misc,2026-04-23 10:23:00
35,UPI-MESS SECRETARY-4656@okaxis,334.96,misc,2026-04-23 15:30:00
35,PRIME VIDEO REF9401,147.72,entertainment,2026-04-26 06:40:00
35,PRIME VIDEO REF9401,147.72,entertainment,2026-04-26 06:40:00
35,UPI-UNKNOWN UPI-3962@okaxis,1333.43,misc,2026-04-26 10:59:00
35,AJIO,682.89,shopping,2026-04-26 11:14:00
35,AJJIO,682.89,shopping,2026-04-26 11:14:00
35,UPI-PRIYA S-4911@okaxis,149.43,misc,2026-04-26 13:09:00
35,JiO RechArGe REF9341,224.61,recharge,2026-05-01 09:08:00
35,JiO  RechArGe REF3941,224.61,recharge,2026-05-01 09:08:00
35,parkInG FEE/UIP/312659394,20.0,transport,2026-05-01 09:59:00
35,parkInG FEE/IUP/312659394,20.0,transport,2026-05-01 09:59:00
35,pARKiNG FeE*ORD626013,194.44,transport,2026-05-01 13:24:00
35,pAARKiNG FeE*ORD62603,194.44,transport,2026-05-01 13:24:00
35,AMAZON/UPI/639900364,977.62,shopping,2026-05-01 23:40:00
35,Hostel Fee/UPI/868890162,7527.49,rent,2026-05-02 06:21:00
35,Pg Rent Payment TXN4180,6943.47,rent,2026-05-02 08:24:00
35,FLIPKART/UPI/6,367.86,shopping,2026-05-02 23:36:00
35,FLIPKART/UPI/6,367.86,shopping,2026-05-02 23:36:00
35,ALnDLOrd TRANsFer/UPI/454991788,7852.97,rent,2026-05-03 08:11:00
35,PEtrOl PumP,161.12,rent,2026-05-03 11:35:00
35,PEtrOl PumP,161.12,rent,2026-05-03 11:35:00
35,hoStEl fEE,8014.54,rent,2026-05-03 16:38:00
35,Landlord Transfer,8316.32,rent,2026-05-03 23:56:00
35,LandlordT rannsfer,8316.32,rent,2026-05-03 23:56:00
35,AIRTEL PREPAID,343.8,recharge,2026-05-04 07:05:00
35,pg REnt PAYMEnT/UPI/112640199,6346.15,rent,2026-05-04 11:02:00
35,LANdLOrd TRanSEfR,7574.38,rent,2026-05-04 17:09:00
35,LANdLOrd TRanESfR,7574.38,rent,2026-05-04 17:09:00
35,zOmAto,280.03,food,2026-05-04 17:22:00
35,udEMY REF1,549.77,education,2026-05-04 22:31:00
35,Hotstar,314.37,entertainment,2026-05-05 17:06:00
35,REDBUS,164.81,entertainment,2026-05-05 19:01:00
35,Spotify,79.0,entertainment,2026-05-05 20:33:00
35,Spoiyf,79.0,entertainment,2026-05-05 20:33:00
35,UPI-PRIYA S-9861@okaxis,702.56,misc,2026-05-06 18:02:00
35,UPI-FRIEND REPAYMENT-4774@okaxis,283.63,misc,2026-05-06 18:53:00
35,HOTSTAR REF,318.79,entertainment,2026-05-07 07:11:00
35,UPI-RAHUL K-4881@okaxis,50.0,misc,2026-05-08 09:21:00
35,Printout Shop/UPI/,50.0,education,2026-05-08 11:31:00
35,SPOTFIY,416.12,entertainment,2026-05-08 15:56:00
35,SOTFIY,416.12,entertainment,2026-05-08 15:56:00
35,MESS FEE/U,40.0,food,2026-05-08 17:37:00
35,UPI-FRIEND REPAYMENT-8503@okaxis,226.28,misc,2026-05-09 11:26:00
35,Hotstar/UPI/222852968,205.3,entertainment,2026-05-09 15:16:00
35,Spotify,128.11,entertainment,2026-05-09 15:29:00
35,petROl PUMp,79.29,transport,2026-05-09 23:55:00
35,pteROll PMp,79.29,transport,2026-05-09 23:55:00
35,CAFE COFFEE DAY REF4311,333.35,food,2026-05-10 06:16:00
35,CAFE COFFE EDAY REF4311,333.35,food,2026-05-10 06:16:00
35,Exam feE paYMeNT,50.0,education,2026-05-10 06:41:00
35,Exam efE paYMeNT,50.0,education,2026-05-10 06:41:00
35,Exam Fee Payment*ORD597175,168.39,education,2026-05-10 11:13:00
35,Vi Prepai dREF5467,285.41,recharge,2026-05-10 21:50:00
35,Vi Prrepai dREF5467,285.41,recharge,2026-05-10 21:50:00
35,UBeR,345.62,transport,2026-05-11 23:00:00
35,UBeR,345.62,transport,2026-05-11 23:00:00
35,Swiggy*ORD364972,252.3,food,2026-05-12 08:33:00
35,NETFLIX REF6164,79.0,entertainment,2026-05-13 07:48:00
35,myNtrA,204.78,shopping,2026-05-13 22:40:00
35,MEESHO/UPI/854747280,778.5,shopping,2026-05-14 12:01:00
35,Airtel Prepai,99.0,recharge,2026-05-14 18:56:00
35,Airtel Prepai,99.0,recharge,2026-05-14 18:56:00
35,Redbus REF3064,186.76,transport,2026-05-14 20:46:00
35,RApIdo,264.68,transport,2026-05-15 17:50:00
35,Petrol Pump REF2645,242.46,transport,2026-05-15 20:07:00
35,UPI-MESS SECRETARY-8755@okaxis,1120.83,misc,2026-05-16 12:03:00
35,Zomato REF78,90.04,food,2026-05-17 08:00:00
35,Zomato RF78,90.04,food,2026-05-17 08:00:00
35,UPI-FRIEND REPAYMENT-5053@okaxis,217.66,misc,2026-05-17 08:22:00
35,Spotify/UPI/253493432,79.0,transport,2026-05-18 06:59:00
35,Spotify/UPI253493432,79.0,transport,2026-05-18 06:59:00
35,CAMPUS CANTEEN/UPI/9,142.06,food,2026-05-19 18:39:00
35,rEDBsU TXN9829,143.19,transport,2026-05-20 09:41:00
35,rEDBs UTN9829,143.19,transport,2026-05-20 09:41:00
35,VI PREPAID/,452.85,recharge,2026-05-20 16:52:00
35,jiO reChArgE TXN4,285.08,food,2026-05-20 22:08:00
35,HOTSTAR,162.42,entertainment,2026-05-21 08:11:00
35,UPI-FRIEND REPAYMENT-1975@okaxis,50.0,misc,2026-05-21 23:40:00
35,UPI-UNKNOWN UPI-6157@okaxis,50.0,misc,2026-05-23 09:41:00
35,Vi Prepaid*ORD426412,424.75,recharge,2026-05-24 08:29:00
35,oLA AuTO/UPI/929153045,299.14,rent,2026-05-24 14:52:00
35,Namma Metro,413.21,transport,2026-05-27 09:52:00
35,CITY BUS PASS,162.21,transport,2026-05-28 07:56:00
35,MynTra/UPI/96545347,353.65,shopping,2026-05-28 08:48:00
35,MynTra/PUI/96545347,353.65,shopping,2026-05-28 08:48:00
35,PRIME VIDEO,239.39,entertainment,2026-05-28 13:01:00
35,PIRME VIDEO,239.39,entertainment,2026-05-28 13:01:00
35,Airtel Prepaid,493.96,recharge,2026-05-28 15:04:00
35,Airtel Prepaid,493.96,recharge,2026-05-28 15:04:00
35,UPI-UNKNOWN UPI-7496@okaxis,241.41,misc,2026-05-28 17:23:00
35,Printout Shop,352.73,education,2026-06-02 10:56:00
35,Priintout Shop,352.73,education,2026-06-02 10:56:00
35,CAFE COFFEE DAY REF3,256.51,food,2026-06-02 22:44:00
35,CAFE CFOFEE DAY REF3,256.51,food,2026-06-02 22:44:00
35,Hostel Fee/UPI/787572519,5696.85,rent,2026-06-02 22:58:00
35,Pg Retn Payment,7920.19,rent,2026-06-03 07:56:00
35,Pg Rennt Pyment,7920.19,rent,2026-06-03 07:56:00
35,Wifi Bill/UPI/2,374.57,recharge,2026-06-04 07:17:00
35,Landlord Transfer*ORD980625,6951.24,rent,2026-06-04 16:00:00
35,AjIo REF9067,617.61,shopping,2026-06-04 21:50:00
35,cOURsERa,50.0,education,2026-06-05 08:10:00
35,COLlEgE fEE POrTaLU/PI/135876148,490.28,education,2026-06-05 09:23:00
35,COLlEgE fEE POrTaL/PII/135876148,490.28,education,2026-06-05 09:23:00
35,UPI-RAHUL K-9692@okaxis,377.98,misc,2026-06-05 09:51:00
35,BoOKmYSHOw/UPI/505536160,223.09,entertainment,2026-06-06 13:03:00
35,MEESHO*ORD175471,394.97,shopping,2026-06-06 14:06:00
35,SWiGgy,139.05,food,2026-06-06 18:50:00
35,WSiiGgy,139.05,food,2026-06-06 18:50:00
35,UDEMY,50.0,education,2026-06-07 06:40:00
35,UDEYM,50.0,education,2026-06-07 06:40:00
35,bOOKmYShow,90.26,entertainment,2026-06-08 20:31:00
35,uDEmy,80.2,education,2026-06-09 22:17:00
35,uDDEym,80.2,education,2026-06-09 22:17:00
35,exaM Fee PaYmeNt/UPI/548703867,227.11,education,2026-06-10 21:12:00
35,College Fee Portal*ORD441825,844.61,education,2026-06-12 18:11:00
35,AMAzoN TXN87367,375.04,shopping,2026-06-16 20:32:00
35,Ajio REF3098,696.47,shopping,2026-06-19 17:46:00
35,Bookmyshow/UPI/6,321.56,entertainment,2026-06-19 19:01:00
35,AIRTEL PREPAID*ORD445122,114.13,recharge,2026-06-22 17:23:00
35,Amazon/UPI/9,797.57,shopping,2026-06-23 18:07:00
35,Amazo/nUPI/9,797.57,shopping,2026-06-23 18:07:00
35,UPI-RAHUL K-9701@okaxis,363.05,misc,2026-06-24 13:33:00
35,Airtel Prepaid TXN6225,99.0,recharge,2026-06-24 18:07:00
35,HOSTEL FEE,5342.84,rent,2026-07-02 20:04:00
35,Myntra,816.19,shopping,2026-07-03 19:05:00
35,UPI-FRIEND REPAYMENT-5725@okaxis,287.01,misc,2026-07-03 20:48:00
35,lAnDloRD tRANSFeR TXN20409,4000.0,rent,2026-07-04 08:15:00
35,lAnDloDt RANSFeR TXN20409,4000.0,rent,2026-07-04 08:15:00
35,LANDLORD TRANSFER*ORD100489,8482.91,rent,2026-07-04 15:44:00
35,Hotstar,79.0,entertainment,2026-07-04 19:47:00
35,Hottsr,79.0,entertainment,2026-07-04 19:47:00
35,Landlord Transfer,7687.58,rent,2026-07-04 20:52:00
35,RAPIDO,47.86,transport,2026-07-04 22:39:00
35,RAIDOO,47.86,transport,2026-07-04 22:39:00
35,Wifi Bill/UPI/580154873,192.83,recharge,2026-07-05 13:42:00
35,MESS FEE,216.62,food,2026-07-05 16:28:00
35,MESS EE,216.62,food,2026-07-05 16:28:00
35,AJIO,207.14,shopping,2026-07-06 11:18:00
35,COLLeGE Fee PoRtA,354.6,education,2026-07-06 18:33:00
35,COLLeEG Fee PoRtA,354.6,education,2026-07-06 18:33:00
35,UPI-MESS SECRETARY-5860@okaxis,361.01,misc,2026-07-07 12:22:00
35,UPI-PRIYA S-2723@okaxis,50.0,misc,2026-07-08 10:07:00
35,Parking Fee,20.0,transport,2026-07-08 13:23:00
35,SWIGGY INSTAMART,291.48,food,2026-07-08 13:30:00
35,UPI-PRIYA S-4850@okaxis,1185.73,misc,2026-07-08 13:59:00
35,UDEMY,1322.53,education,2026-07-08 14:47:00
35,Hotsatr*ORD255544,86.27,entertainment,2026-07-09 14:24:00
35,ZOMATO,108.61,food,2026-07-09 17:32:00
35,ZOMATO,108.61,food,2026-07-09 17:32:00
35,vi PRepaid,99.0,recharge,2026-07-10 13:38:00
35,Redbus*ORD91055,121.62,transport,2026-07-12 12:51:00
35,mYnTRA/UPI/678105303,1754.8,shopping,2026-07-13 23:01:00
35,mYnTRA/UPI/671805303,1754.8,shopping,2026-07-13 23:01:00
35,PRIME VIDEO REF3748,79.0,entertainment,2026-07-15 11:23:00
35,Uber Moto/UPI/467203014,317.93,transport,2026-07-15 16:44:00
35,BOOKMYSHOW*ORD42,79.0,entertainment,2026-07-16 06:07:00
35,BOOKMYSHOW*ORD42,79.0,entertainment,2026-07-16 06:07:00
35,Spotify/UPI/197593356,418.43,entertainment,2026-07-16 07:50:00
35,UPI-FRIEND REPAYMENT-5134@okaxis,50.0,misc,2026-07-16 16:04:00
35,booKMYShow,289.82,entertainment,2026-07-18 08:05:00
35,booKMYhoow,289.82,entertainment,2026-07-18 08:05:00
35,UPI-ROOMMATE SPLIT-2574@okaxis,69.11,misc,2026-07-18 17:14:00
35,EXAM FEE PAYMENT,50.0,education,2026-07-19 09:10:00
35,SPOTIFY TXN85988,331.1,entertainment,2026-07-19 22:36:00
35,SPOTIFY TTXN8988,331.1,entertainment,2026-07-19 22:36:00
35,Ajio,982.67,shopping,2026-07-20 08:44:00
35,Ajioo,982.67,shopping,2026-07-20 08:44:00
35,AIRteL pREPai,340.56,recharge,2026-07-21 10:11:00
35,peTROL pumP/UPI/445264356,172.57,transport,2026-07-21 20:01:00
35,UPI-FRIEND REPAYMENT-4944@okaxis,171.3,misc,2026-07-22 13:28:00
35,UPI-ROOMMATE SPLIT-3171@okaxis,491.26,misc,2026-07-22 19:10:00
35,UPI-RAHUL K-6616@okaxis,62.2,misc,2026-07-23 09:43:00
35,Amazon REF6287,100.0,shopping,2026-07-25 12:33:00
35,Amazon REEF2687,100.0,shopping,2026-07-25 12:33:00
35,Prime Video,183.51,entertainment,2026-07-25 17:21:00
35,Ajio,256.71,shopping,2026-07-25 21:08:00
35,AAjio,256.71,shopping,2026-07-25 21:08:00
35,Jio Recharge,460.23,recharge,2026-07-26 19:42:00
35,Jio Recharge,460.23,recharge,2026-07-26 19:42:00
35,Printout Shop,60.44,education,2026-07-27 18:14:00
35,Meesho,876.95,shopping,2026-07-28 23:01:00
35,primE Video,163.03,entertainment,2026-08-01 17:56:00
35,MYNTra,157.68,shopping,2026-08-01 21:47:00
35,YYMTra,157.68,shopping,2026-08-01 21:47:00
35,LANDLORD TRANSFER,8111.98,rent,2026-08-02 11:20:00
35,PG RENT PAYMENT*ORD231341,5518.72,rent,2026-08-03 19:52:00
35,PG RENT PAYMENT*ORD231341,5518.72,rent,2026-08-03 19:52:00
35,HOSTeL fEE TXN88525,7803.19,rent,2026-08-04 16:51:00
35,HOSTeLf EE TXN885525,7803.19,rent,2026-08-04 16:51:00
35,Prime Video,265.67,entertainment,2026-08-07 08:42:00
35,Priime Video,265.67,entertainment,2026-08-07 08:42:00
35,CoLlEge feE POrTaL TXN45917,129.02,recharge,2026-08-07 09:18:00
35,prIme VidE,79.0,entertainment,2026-08-07 21:47:00
35,UPI-PRIYA S-8759@okaxis,50.0,misc,2026-08-08 13:22:00
35,UPI-ROOMMATE SPLIT-9175@okaxis,1058.06,misc,2026-08-09 11:57:00
35,UPI-RAHUL K-9711@okaxis,719.28,misc,2026-08-09 12:27:00
35,MEESHO,858.55,shopping,2026-08-09 17:51:00
35,HOtSTar,79.0,entertainment,2026-08-09 19:33:00
35,HtSTar,79.0,entertainment,2026-08-09 19:33:00
35,UDEMY REF4587,1038.5,education,2026-08-11 06:29:00
35,DUEMY REF4587,1038.5,education,2026-08-11 06:29:00
35,priMe vidEo/UPI/583162170,370.0,entertainment,2026-08-11 15:21:00
35,priMe vidEo/UPI/583162170,370.0,entertainment,2026-08-11 15:21:00
35,neTflix TXN13943,96.71,entertainment,2026-08-11 17:35:00
35,PRInToUT sHOp TXN78297,1903.27,education,2026-08-13 11:54:00
35,Vi Prepaid*ORD754203,99.0,recharge,2026-08-13 15:38:00
35,Vi Prepaid*ORD75403,99.0,recharge,2026-08-13 15:38:00
35,NAmMa metro R,388.04,transport,2026-08-14 15:58:00
35,NAmMa metro R,388.04,transport,2026-08-14 15:58:00
35,IRCTC,20.0,transport,2026-08-14 20:13:00
35,IRCTc/UPI/741826885,240.86,transport,2026-08-15 10:43:00
35,UPI-PRIYA S-4161@okaxis,50.0,misc,2026-08-22 20:14:00
35,UPI-UNKNOWN UPI-7759@okaxis,59.86,misc,2026-08-24 21:24:00
35,Wifi Bill,431.35,recharge,2026-08-26 11:16:00
35,UPI-PRIYA S-6804@okaxis,194.74,misc,2026-08-28 09:03:00
35,PETROL PUMP REF6889,379.52,transport,2026-08-28 14:37:00
35,UPI-RAHUL K-9913@okaxis,177.75,misc,2026-08-28 17:52:00
