user_id,merchant_raw,amount,category,date
1,UPI-PRIYA S-7658@okaxis,50.0,misc,2026-04-01 14:05:00
1,COLlege Fee pOrtA,1511.37,education,2026-04-01 19:54:00
1,cOursERa/UPI/599326,50.0,education,2026-04-01 23:22:00
1,AMAZON REF8350,100.0,shopping,2026-04-02 12:55:00
1,PG RENT PAYMENT TXN67912,6661.34,rent,2026-04-02 13:17:00
1,HOsTeL fEe REF4728,4862.88,rent,2026-04-02 22:50:00
1,Pg Rent Payment TXN83385,7101.29,rent,2026-04-03 06:23:00
1,LANDLORD TRANSFER REF4450,9198.47,rent,2026-04-03 22:47:00
1,UPI-PRIYA S-8933@okaxis,50.0,misc,2026-04-04 13:12:00
1,Printout Shop REF4848,50.0,education,2026-04-04 15:40:00
1,mESs fEE/UPI/345934894,441.09,food,2026-04-04 19:44:00
1,CAMPUSC ANTEEN REF1488,310.68,food,2026-04-05 08:47:00
1,Prime Vidoe,79.0,entertainment,2026-04-05 19:19:00
1,Exam Fee Pa,224.98,education,2026-04-06 11:17:00
1,College Fee Portal,391.9,education,2026-04-07 11:56:00
1,AirtEl PrEpAiD*ORD854377,168.34,recharge,2026-04-07 21:16:00
1,UPI-PRIYA S-6169@okaxis,179.56,misc,2026-04-08 11:46:00
1,UPI-MESS SECRETARY-1231@okaxis,115.74,misc,2026-04-08 19:11:00
1,petRoL puMp,20.0,transport,2026-04-09 07:01:00
1,EXam fEE PayMenT/UPI/956665975,525.32,education,2026-04-09 09:33:00
1,Campus Canteen,327.44,food,2026-04-09 11:35:00
1,UPI-PRIYA S-5853@okaxis,50.0,misc,2026-04-09 17:06:00
1,SPOTIFY REF4502,95.66,entertainment,2026-04-11 07:48:00
1,HOTSTAR/UPI/550139320,227.14,entertainment,2026-04-12 10:07:00
1,UPI-MESS SECRETARY-5118@okaxis,253.74,misc,2026-04-12 22:17:00
1,UPI-UNKNOWN UPI-7046@okaxis,595.39,misc,2026-04-13 15:19:00
1,vi prEPAId TXN37549,266.64,recharge,2026-04-14 22:32:00
1,UPI-MESS SECRETARY-4630@okaxis,378.74,misc,2026-04-15 08:05:00
1,UdemY*ORD990844,50.0,education,2026-04-15 18:51:00
1,College Fee Portal*ORD973349,50.0,education,2026-04-16 13:34:00
1,CAFE COFFEE D,433.22,food,2026-04-16 14:17:00
1,UPI-ROOMMATE SPLIT-9041@okaxis,50.0,misc,2026-04-16 15:44:00
1,UPI-UNKNOWN UPI-6419@okaxis,368.55,misc,2026-04-16 19:27:00
1,IRCTC,215.11,transport,2026-04-18 11:10:00
1,Udemy*ORD493537,893.53,education,2026-04-18 11:37:00
1,HotSTAR REF881,79.0,entertainment,2026-04-18 14:46:00
1,OLA,94.11,transport,2026-04-19 10:36:00
1,UBER*ORD269396,94.39,transport,2026-04-21 17:38:00
1,College Fee Portal TXN2397,625.42,education,2026-04-22 18:24:00
1,UPI-RAHUL K-1893@okaxis,722.85,misc,2026-04-23 12:17:00
1,PRINTOUT Shop,50.0,education,2026-04-24 08:29:00
1,IRCTC,179.04,transport,2026-04-25 15:38:00
1,Swiggy Instamart,187.22,food,2026-04-26 07:06:00
1,Mess FEE,187.22,food,2026-04-27 16:53:00
1,Spotify,79.0,entertainment,2026-04-28 10:16:00
1,SWIGGY TXN18326,154.27,food,2026-04-28 15:48:00
1,Ola,49.29,transport,2026-05-01 09:53:00
1,COURSERA,1714.27,education,2026-05-01 18:06:00
1,UPI-MESS SECRETARY-4164@okaxis,489.44,misc,2026-05-01 18:50:00
1,DoMiNOs*ORD456005,233.59,food,2026-05-01 21:39:00
1,Amazon,410.41,shopping,2026-05-01 22:09:00
1,UPI-FRIEND REPAYMENT-2758@okaxis,339.86,misc,2026-05-02 08:19:00
1,CiTy BUs PasS,185.53,transport,2026-05-02 10:46:00
1,Dmoinos*ORD153872,268.11,food,2026-05-02 11:30:00
1,Jio Recharge,99.0,recharge,2026-05-02 13:43:00
1,Landlord Transfer*OR,7090.35,rent,2026-05-02 13:45:00
1,CaMpuS cANT,40.0,food,2026-05-02 16:26:00
1,Meesho,557.17,shopping,2026-05-02 19:34:00
1,PG REnt PAymeNT/UPI/487509692,6960.23,rent,2026-05-02 22:28:00
1,Vi Prepaid,244.79,recharge,2026-05-03 08:03:00
1,cOlLEGE Fee poRTAL,1241.68,education,2026-05-03 11:42:00
1,DOMInOs TXN66267,291.86,food,2026-05-03 14:08:00
1,UPI-ROOMMATE SPLIT-8432@okaxis,50.0,misc,2026-05-03 14:24:00
1,Hotstar*ORD800674,155.81,entertainment,2026-05-03 17:15:00
1,Vi Prepaid,373.29,recharge,2026-05-03 17:37:00
1,LANDLORD TRA,6946.26,rent,2026-05-03 19:13:00
1,Meesho,439.68,shopping,2026-05-03 23:14:00
1,lAnDlord TrANSfER REF9740,10694.86,rent,2026-05-04 20:35:00
1,Bookmyshow TXN67637,206.19,entertainment,2026-05-04 20:55:00
1,Flipkart,100.0,shopping,2026-05-04 22:39:00
1,MyNTrA,1056.26,shopping,2026-05-05 21:57:00
1,hostTaR,410.71,entertainment,2026-05-05 23:23:00
1,UPI-RAHUL K-5458@okaxis,891.16,misc,2026-05-06 09:43:00
1,HOTSTAR/UPI/185973340,218.63,entertainment,2026-05-06 14:27:00
1,Swiggy Intsamart TXN50685,174.13,food,2026-05-06 15:40:00
1,College Fee Portal,50.0,education,2026-05-06 15:57:00
1,UPI-ROOMMATE SPLIT-9442@okaxis,50.0,misc,2026-05-06 20:52:00
1,UPI-MESS SECRETARY-4050@okaxis,50.0,misc,2026-05-06 22:41:00
1,UPI-MESS SECRETARY-5742@okaxis,88.1,misc,2026-05-07 12:48:00
1,vi PREPaid,362.79,recharge,2026-05-07 16:12:00
1,sPOTiFy/UPI/144996163,462.93,entertainment,2026-05-07 16:52:00
1,Uber*ORD619536,273.72,transport,2026-05-07 18:54:00
1,nETfLIx,79.0,entertainment,2026-05-08 10:07:00
1,AMaOzN*ORD839808,478.64,shopping,2026-05-08 10:20:00
1,PETROL PUMP*ORD728492,112.89,transport,2026-05-08 14:29:00
1,Hotstar*ORD861894,234.21,entertainment,2026-05-08 23:44:00
1,Mess Fee REF5334,265.37,food,2026-05-09 12:18:00
1,Jio Recharge*ORD983791,421.42,recharge,2026-05-09 16:03:00
1,uBER TXN46932,121.85,transport,2026-05-09 19:28:00
1,domINOS,125.23,food,2026-05-10 07:02:00
1,AMAZON TNX24530,248.86,shopping,2026-05-10 11:19:00
1,Prime Video/U,240.61,entertainment,2026-05-10 21:02:00
1,collEge fEe poRTAL/UPI/131088245,220.6,education,2026-05-11 08:22:00
1,UPI-MESS SECRETARY-6314@okaxis,212.13,misc,2026-05-11 13:23:00
1,UPI-UNKNOWN UPI-9901@okaxis,98.61,misc,2026-05-11 17:29:00
1,PETROL PUMP,150.61,transport,2026-05-12 09:44:00
1,CITY BUS PASS TXN89299,102.95,transport,2026-05-12 16:50:00
1,priNTOuT SHop TXN75774,50.0,education,2026-05-12 17:49:00
1,UPI-MESS SECRETARY-8972@okaxis,99.3,misc,2026-05-12 21:07:00
1,airTEl pREpaID,368.65,recharge,2026-05-13 06:02:00
1,fLIPkart TXN5913,100.0,shopping,2026-05-13 19:18:00
1,airTEL PRePAiD,484.7,recharge,2026-05-14 06:50:00
1,UPI-FRIEND REPAYMENT-2864@okaxis,50.0,misc,2026-05-14 16:13:00
1,BoOKmYsHOW*ORD737086,168.83,entertainment,2026-05-15 06:55:00
1,UPI-RAHUL K-6417@okaxis,327.43,misc,2026-05-15 16:12:00
1,Petrol Pump ,181.33,transport,2026-05-15 17:27:00
1,UPI-FRIEND REPAYMENT-8242@okaxis,92.69,misc,2026-05-15 21:31:00
1,Netflix,83.23,entertainment,2026-05-16 08:02:00
1,Wifi Bill,99.0,recharge,2026-05-16 08:32:00
1,COLLEGE FEE PORTA,752.11,education,2026-05-16 13:16:00
1,BooKMYsHOw TXN98395,330.53,entertainment,2026-05-17 08:34:00
1,UPI-PRIYA S-7475@okaxis,666.16,misc,2026-05-17 17:02:00
1,SWIGGY INSTAMART,305.63,food,2026-05-17 18:58:00
1,UPI-PRIYA S-9261@okaxis,50.0,misc,2026-05-17 23:56:00
1,WiFi bILl TXN64476,221.15,recharge,2026-05-18 09:36:00
1,BooKmYsHOw,234.25,entertainment,2026-05-18 16:29:00
1,PrInToUt sHOp/UPI/563723880,452.23,education,2026-05-18 17:56:00
1,sPOTifY/UPI/135824891,169.2,entertainment,2026-05-18 20:14:00
1,Campus Canteen,121.71,food,2026-05-18 20:48:00
1,Meesho*ORD207573,100.0,shopping,2026-05-19 10:41:00
1,peTrOL puMP TXN51704,189.75,transport,2026-05-19 11:37:00
1,UPI-PRIYA S-5938@okaxis,431.5,misc,2026-05-20 09:00:00
1,Ajio,1328.12,shopping,2026-05-20 13:22:00
1,WIFI BILL,295.23,recharge,2026-05-20 23:22:00
1,Exam Fee Payment REF2465,50.0,education,2026-05-21 17:48:00
1,UPI-PRIYA S-1502@okaxis,336.7,misc,2026-05-22 20:04:00
1,Cafe Coffee Day TXN26299,166.09,food,2026-05-23 07:10:00
1,MESS FEE REF5193,355.61,food,2026-05-23 20:52:00
1,Udemy,60.22,education,2026-05-23 21:11:00
1,UPI-RAHUL K-3549@okaxis,442.85,misc,2026-05-25 10:56:00
1,Petrol Pump,267.07,transport,2026-05-27 06:32:00
1,ciTY bus pAss,261.75,transport,2026-05-27 15:00:00
1,ubEr*ORD396635,20.0,transport,2026-05-27 17:02:00
1,ExAM Fee pAYment*ORD831105,550.3,education,2026-06-01 06:33:00
1,AIRTEL PREPAID,294.55,recharge,2026-06-01 08:40:00
1,udeMY,607.87,education,2026-06-02 15:03:00
1,Landlord Transfer REF6404,5019.32,rent,2026-06-02 22:37:00
1,LANDLORD TRANSFER,7389.82,rent,2026-06-03 10:21:00
1,LANDLORD TRAN,8172.73,rent,2026-06-03 12:38:00
1,Swiggy*ORD568436,436.99,food,2026-06-04 12:15:00
1,LANDLORD TRANSFER REF1998,4588.78,rent,2026-06-04 21:42:00
1,pG rEnT PaYmeNt REF8692,5144.57,rent,2026-06-04 22:13:00
1,Landlord Transfer TXN28920,7276.95,rent,2026-06-05 12:48:00
1,UPI-ROOMMATE SPLIT-9856@okaxis,1046.31,misc,2026-06-06 15:36:00
1,UPI-PRIYA S-3362@okaxis,417.23,misc,2026-06-06 18:01:00
1,PETROLP UMP,247.62,transport,2026-06-12 12:04:00
1,AMAZON,100.0,shopping,2026-06-14 18:22:00
1,CAMPus caNtEEN,110.34,food,2026-06-15 09:43:00
1,Ola TXN17567,111.35,entertainment,2026-06-16 22:28:00
1,Wifi Bill TXN28344,328.29,recharge,2026-06-17 19:47:00
1,AJIO TXN15798,1303.57,shopping,2026-06-22 09:06:00
1,UPI-FRIEND REPAYMENT-1539@okaxis,392.9,misc,2026-06-22 16:57:00
1,UPI-RAHUL K-5903@okaxis,50.0,misc,2026-06-25 20:59:00
1,Ajio,763.73,shopping,2026-06-27 19:27:00
1,UPI-RAHUL K-2218@okaxis,50.0,misc,2026-06-28 23:17:00
2,COLLEGE FEE PORTAL,50.0,education,2026-04-01 15:02:00
2,AiRtEl PrePAid,99.0,recharge,2026-04-02 11:24:00
2,HOSTEL FEE*ORD999312,7938.5,rent,2026-04-02 17:53:00
2,cOURSreA TXN25202,683.94,education,2026-04-02 22:51:00
2,AJIO TXN53,1061.03,shopping,2026-04-03 18:10:00
2,pg ReNT paymeNT TXN25806,5714.26,rent,2026-04-04 22:17:00
2,RaPidO REF4273,265.61,transport,2026-04-04 23:20:00
2,Meesho TXN93948,273.13,shopping,2026-04-05 09:35:00
2,Hostel Fee REF6533,11080.25,rent,2026-04-05 13:13:00
2,Pg Rent Payment/UPI/588225728,6603.01,rent,2026-04-05 17:56:00
2,Dominos,330.19,food,2026-04-06 06:19:00
2,fLIpkART REF9022,611.45,shopping,2026-04-06 08:23:00
2,AIrTeL pRepAID*ORD504630,322.37,recharge,2026-04-06 10:05:00
2,MeEsHo/UPI/413,820.58,shopping,2026-04-07 08:52:00
2,UDEmy,50.0,education,2026-04-08 22:54:00
2,lFipkart,205.24,shopping,2026-04-09 06:13:00
2,iRcTC,199.53,transport,2026-04-09 18:52:00
2,NETFLIX TXN,304.08,entertainment,2026-04-09 20:28:00
2,Meesho*ORD146853,527.31,shopping,2026-04-10 14:44:00
2,sWiggy INSTamart TXN49289,382.2,food,2026-04-11 08:05:00
2,Ajio REF1681,788.35,shopping,2026-04-11 08:49:00
2,MYNTRA/UPI/762888128,242.09,shopping,2026-04-11 09:07:00
2,Ajio/UPI/992620629,1598.4,shopping,2026-04-12 13:49:00
2,EXaM fEE p,356.3,education,2026-04-16 08:49:00
2,SWIGGY/UPI/765926290,105.1,food,2026-04-16 18:29:00
2,SWIGGY INSTAMART TXN89320,286.34,food,2026-04-18 07:47:00
2,Dominos/UPI/192013357,83.54,food,2026-04-18 10:35:00
2,UPI-MESS SECRETARY-4287@okaxis,121.39,misc,2026-04-18 22:00:00
2,HOTSTAR/UPI/410669201,181.95,entertainment,2026-04-19 16:38:00
2,Netflix,398.03,entertainment,2026-04-19 20:26:00
2,Wifi Bill,357.1,recharge,2026-04-25 11:45:00
2,Wifi Blil*ORD281162,216.48,food,2026-04-25 21:36:00
2,irCtc REF8307,168.45,transport,2026-05-01 08:36:00
2,BOokmYShOw,309.86,entertainment,2026-05-01 18:51:00
2,Airtel Prepaid/UPI/6,568.32,recharge,2026-05-01 22:02:00
2,LANDLORD TRANSFER/UPI/865299271,7122.81,rent,2026-05-02 08:11:00
2,PG RENT PAY,7607.47,rent,2026-05-02 08:42:00
2,UPI-ROOMMATE SPLIT-7230@okaxis,386.58,misc,2026-05-02 11:26:00
2,LANDLORD TRANSFER,6271.95,rent,2026-05-02 12:10:00
2,LaNdLORD trANSfEr,5108.67,rent,2026-05-02 14:39:00
2,UDemy*ORD508422,50.0,education,2026-05-02 20:35:00
2,SWIGGY*ORD571404,244.25,food,2026-05-02 20:37:00
2,OLA*ORD777366,43.94,transport,2026-05-02 22:04:00
2,PG RENT PAYMENT,8376.79,rent,2026-05-03 09:43:00
2,Hotstar,129.82,entertainment,2026-05-03 16:03:00
2,pETROL PumP*ORD166412,70.59,transport,2026-05-03 16:51:00
2,Landlord Tra,9648.18,rent,2026-05-03 17:18:00
2,Pg REnt PaYMEnt/UPI/290679038,6644.77,rent,2026-05-03 18:25:00
2,sPoTIfY*ORD998235,323.1,entertainment,2026-05-03 23:27:00
2,Hostel Fee,5840.76,rent,2026-05-03 23:28:00
2,Landlord Transfer/UPI/811198748,10471.99,rent,2026-05-04 11:33:00
2,HOSTEL FEE TXN8,6527.1,rent,2026-05-04 14:38:00
2,UPI-UNKNOWN UPI-3508@okaxis,318.23,misc,2026-05-04 16:30:00
2,iRCTc REF3304,20.0,transport,2026-05-04 18:36:00
2,Hostel Fee,8138.45,rent,2026-05-04 20:19:00
2,Prime VideO,257.26,entertainment,2026-05-05 10:03:00
2,Airtel Prepaid,352.94,recharge,2026-05-05 12:02:00
2,PRIme ViDEO,350.33,entertainment,2026-05-05 13:33:00
2,Vi Prepaid*ORD408334,179.21,recharge,2026-05-05 21:26:00
2,cAFe cOFfee dAY*ORD676843,273.94,shopping,2026-05-06 08:10:00
2,College Fee ,666.29,education,2026-05-06 19:28:00
2,NETFLIX,265.63,entertainment,2026-05-06 20:42:00
2,DOMINOS,520.15,transport,2026-05-07 09:35:00
2,HOTSTAR,277.71,entertainment,2026-05-08 08:37:00
2,UBER REF6846,276.46,transport,2026-05-08 11:08:00
2,Vi Prepaid*ORD3,404.87,recharge,2026-05-08 21:42:00
2,SWIGGY,40.0,food,2026-05-08 21:56:00
2,coLlegE feE ,1053.37,education,2026-05-09 08:43:00
2,Hotstar*ORD499974,757.91,entertainment,2026-05-09 11:41:00
2,UBER,156.99,transport,2026-05-09 12:26:00
2,AMAZON/UPI/100182231,592.63,shopping,2026-05-09 15:41:00
2,Flipkart/UPI/869505738,902.49,shopping,2026-05-09 21:52:00
2,Ola REF5557,54.9,transport,2026-05-10 15:10:00
2,Hotstar TXN34901,257.07,entertainment,2026-05-10 22:10:00
2,coURSERA,1160.15,education,2026-05-11 07:42:00
2,SWIGGY InSTAmaRt,339.9,food,2026-05-11 18:29:00
2,Rapido*ORD127329,20.0,transport,2026-05-11 22:32:00
2,UPI-FRIEND REPAYMENT-1796@okaxis,571.84,misc,2026-05-13 16:49:00
2,Swiggy Instamart,45.6,food,2026-05-14 12:54:00
2,UDEMY REF7,438.57,education,2026-05-14 23:24:00
2,priNtOUt sHoP REF7609,50.0,education,2026-05-15 08:24:00
2,SWIgGY,128.78,food,2026-05-15 12:42:00
2,flipkART*ORD497108,181.09,shopping,2026-05-16 06:13:00
2,Hotstar/UPI/753901994,108.76,entertainment,2026-05-16 13:38:00
2,HOTSTAR,79.0,entertainment,2026-05-16 14:59:00
2,Irctc,252.29,transport,2026-05-16 18:15:00
2,UPI-MESS SECRETARY-1612@okaxis,50.0,misc,2026-05-17 13:07:00
2,Amazon REF2715,907.52,shopping,2026-05-17 14:51:00
2,UPI-RAHUL K-1082@okaxis,609.85,misc,2026-05-18 12:07:00
2,Hotstar,82.0,entertainment,2026-05-19 17:56:00
2,COLLEGE FEE PORTAL*ORD783176,109.46,education,2026-05-19 20:28:00
2,CITY BUS PASS,279.97,transport,2026-05-20 06:37:00
2,UPI-RAHUL K-1323@okaxis,50.0,misc,2026-05-20 09:42:00
2,OLA TXN79002,217.29,transport,2026-05-21 11:31:00
2,AIRTEL PREPAID,99.0,recharge,2026-05-22 08:48:00
2,sWIGgY*ORD152512,308.75,food,2026-05-23 19:09:00
2,Exam Fee Payment,50.0,education,2026-05-24 06:56:00
2,Airtel Prepaid REF5237,99.0,recharge,2026-05-25 11:10:00
2,RAPIDO TXN60556,172.37,transport,2026-05-26 19:23:00
2,zOmATO,249.97,food,2026-05-27 11:02:00
2,pEtRO lPuMP,192.93,transport,2026-05-27 18:17:00
2,Vi Prepaid,338.25,recharge,2026-06-01 08:13:00
2,wIFI BiLl ER,176.05,recharge,2026-06-02 07:04:00
2,aMAZON,749.53,shopping,2026-06-02 13:38:00
2,CAfe COFfeE DaY REF9227,184.64,food,2026-06-02 15:01:00
2,HOSTEL FEE/UPI/777157408,6772.32,rent,2026-06-03 23:09:00
2,UPI-UNKNOWN UPI-5895@okaxis,551.85,misc,2026-06-04 16:30:00
2,College Fee Portal,614.21,education,2026-06-04 17:39:00
2,Hostel Fee,4071.87,rent,2026-06-05 13:48:00
2,SWIGGY INSTA,211.67,food,2026-06-05 17:21:00
2,pETrol PuMP,165.69,transport,2026-06-05 23:38:00
2,UPI-FRIEND REPAYMENT-9534@okaxis,625.14,misc,2026-06-06 09:47:00
2,mESS fEE,40.0,food,2026-06-06 18:19:00
2,Swiggy Instamart REF2343,76.59,food,2026-06-07 14:49:00
2,Irctc TXN76107,322.95,transport,2026-06-07 16:14:00
2,Flipkart TXN58524,159.25,shopping,2026-06-07 19:48:00
2,UPI-RAHUL K-4568@okaxis,50.0,misc,2026-06-07 19:56:00
2,AMAZON REF6703,684.9,shopping,2026-06-08 06:45:00
2,OLa*ORD94335,151.23,transport,2026-06-08 18:50:00
2,CAFE COFFEE DAY,45.31,food,2026-06-09 22:42:00
2,CityB us Pass REF3,97.19,transport,2026-06-10 09:10:00
2,JIO RECHARGE,218.78,recharge,2026-06-10 09:54:00
2,College Fee Poratl REF,939.76,education,2026-06-10 11:51:00
2,MESS FEE TNX71561,448.54,food,2026-06-10 13:02:00
2,BOOKMYSHOW/,279.32,entertainment,2026-06-10 19:55:00
2,Irctc/UPI/556865760,289.58,transport,2026-06-10 20:50:00
2,Exam Fee Payment/UPI/574443895,50.0,rent,2026-06-11 17:19:00
2,AJIO/UPI/962152669,457.34,shopping,2026-06-12 13:06:00
2,ZOmATo REF5140,90.23,food,2026-06-12 22:19:00
2,Netflix REF4066,499.96,entertainment,2026-06-15 10:37:00
2,AJIo,349.89,shopping,2026-06-19 06:38:00
2,AIrTeL PRepAid,292.15,recharge,2026-06-19 13:22:00
2,Vi Prepaid,156.6,recharge,2026-06-20 08:14:00
2,SPotIFy REF6603,197.03,entertainment,2026-06-20 11:24:00
2,FLIPKART*O,881.05,shopping,2026-06-20 20:28:00
2,Hotstar TXN78909,79.0,entertainment,2026-06-21 11:11:00
2,iRCTC,20.0,transport,2026-06-21 19:05:00
2,uDeMy REF2539,584.38,education,2026-06-22 12:00:00
2,exam feE paymENT,909.76,education,2026-06-25 06:27:00
2,HOTSTAR,417.9,entertainment,2026-06-26 06:54:00
2,SwIgGY iNStAmaR,40.0,food,2026-06-27 11:47:00
2,EXAM FEE PAYMENT,50.0,education,2026-06-27 23:18:00
3,EXAM FEE PAYMENT,546.98,education,2026-04-01 11:58:00
3,CITY BUS PASS REF4164,123.88,transport,2026-04-02 15:06:00
3,AJIO TXN85,660.5,shopping,2026-04-02 15:31:00
3,Flipkart/UPI/68857,494.87,shopping,2026-04-02 21:09:00
3,WIFi BIlL*ORD840532,115.41,recharge,2026-04-03 14:11:00
3,oHsTeL FEE RE,7936.18,rent,2026-04-03 23:39:00
3,JIO RECHARGE,396.27,recharge,2026-04-04 06:22:00
3,UPI-MESS SECRETARY-6218@okaxis,236.02,misc,2026-04-04 14:34:00
3,UPI-FRIEND REPAYMENT-6114@okaxis,50.0,misc,2026-04-04 17:01:00
3,sWigGy instAMARt,141.57,food,2026-04-05 06:50:00
3,Udemy,647.76,education,2026-04-05 09:07:00
3,UPI-RAHUL K-8526@okaxis,392.82,misc,2026-04-05 14:46:00
3,OLA,215.65,transport,2026-04-05 17:04:00
3,PG RENT PAYMENT TXN52584,7942.52,rent,2026-04-05 18:12:00
3,PG rENt PAymeNT,6981.63,rent,2026-04-05 21:56:00
3,UPI-FRIEND REPAYMENT-6549@okaxis,50.0,misc,2026-04-06 10:19:00
3,Exam Fee Payment REF1477,50.0,education,2026-04-06 19:07:00
3,Hotstar,79.0,entertainment,2026-04-07 18:15:00
3,IRCTC/UPI/758245879,303.32,transport,2026-04-07 23:52:00
3,MEesho/UPI/478305093,1199.39,shopping,2026-04-08 18:22:00
3,VI pRepAId/UPI/10,261.37,recharge,2026-04-08 19:58:00
3,FLIPKART,698.5,shopping,2026-04-09 06:52:00
3,JIO RECHARGE,148.43,recharge,2026-04-09 07:38:00
3,UPI-FRIEND REPAYMENT-9422@okaxis,643.06,misc,2026-04-09 11:00:00
3,UPI-MESS SECRETARY-5011@okaxis,292.39,misc,2026-04-09 12:45:00
3,HOtSTaR,353.72,entertainment,2026-04-09 18:37:00
3,AJIOR EF1107,1056.75,shopping,2026-04-09 20:18:00
3,Hotstar/UPI/142683817,493.86,entertainment,2026-04-10 07:12:00
3,UPI-MESS SECRETARY-8227@okaxis,424.36,misc,2026-04-10 16:34:00
3,RApido*ORD100754,164.08,transport,2026-04-12 11:29:00
3,Flipkart/UPI/350,1302.74,shopping,2026-04-12 14:09:00
3,MYNTRA REF1396,584.93,shopping,2026-04-12 14:23:00
3,UPI-MESS SECRETARY-1721@okaxis,50.0,misc,2026-04-13 11:00:00
3,EXAM FEE PAYMENT,207.17,education,2026-04-13 15:39:00
3,Jio Recharge,126.18,recharge,2026-04-13 19:40:00
3,SpOtiYf,79.0,entertainment,2026-04-14 09:18:00
3,Printout Shop/UPI/897344195,546.21,education,2026-04-14 16:57:00
3,Irctc,125.74,transport,2026-04-14 19:56:00
3,OLA TXN84843,79.01,transport,2026-04-14 22:11:00
3,AJIO*ORD871403,812.08,shopping,2026-04-17 09:25:00
3,MYNTRA TXN6,947.58,shopping,2026-04-17 18:09:00
3,MESS FEE/UPI/877817678,217.07,food,2026-04-18 21:28:00
3,Flipkart,1062.71,shopping,2026-04-19 10:34:00
3,SPOTIFY REF3248,79.0,entertainment,2026-04-19 16:17:00
3,Udeym,95.83,education,2026-04-20 12:38:00
3,UPI-PRIYA S-4154@okaxis,214.62,misc,2026-04-21 14:20:00
3,coURSera/UPI/619124046,117.38,education,2026-04-21 20:19:00
3,FLiPkarT TXN16621,990.98,shopping,2026-04-21 22:07:00
3,UPI-ROOMMATE SPLIT-1755@okaxis,50.0,misc,2026-04-22 10:21:00
3,UPI-PRIYA S-3580@okaxis,890.14,misc,2026-04-22 11:17:00
3,aIRTEL prEpAI,227.94,recharge,2026-04-24 13:11:00
3,spOTiFY,298.75,entertainment,2026-04-25 12:56:00
3,COURSERA,61.77,education,2026-04-28 11:35:00
3,UPI-ROOMMATE SPLIT-8539@okaxis,1085.89,misc,2026-05-01 13:41:00
3,Hostel Fee,6595.89,rent,2026-05-02 11:04:00
3,ICty bus pASs,101.85,transport,2026-05-02 13:29:00
3,Pg Rent Payment,9253.54,rent,2026-05-02 13:43:00
3,Cafe Coffee Day/UPI/405641007,156.99,food,2026-05-02 13:45:00
3,Landlord Transfer,5861.3,food,2026-05-02 20:40:00
3,MYNTRA,263.5,shopping,2026-05-02 21:17:00
3,Pg REnT pAyMEnt REF7586,4000.0,rent,2026-05-02 22:02:00
3,hoSTEL FEe/UPI/379902891,4929.85,rent,2026-05-03 09:19:00
3,Bookymshow R,79.0,entertainment,2026-05-03 10:52:00
3,PG RENT PAYMENT,6916.68,rent,2026-05-03 12:36:00
3,LANDLORD TRANSFER REF4747,4444.93,rent,2026-05-03 12:53:00
3,PG RenT pAYMENt/UIP/571883135,8076.31,rent,2026-05-03 16:32:00
3,HOSTE LFEE,7512.63,rent,2026-05-03 17:13:00
3,FLIPKART TXN8798,1239.65,shopping,2026-05-03 19:06:00
3,swiGgy insTaMARt*ORD990714,226.58,food,2026-05-03 22:28:00
3,SPOTIFY,310.85,entertainment,2026-05-03 22:36:00
3,MEESHO,899.0,shopping,2026-05-03 23:49:00
3,HOSTEL FEE,6211.37,rent,2026-05-04 10:48:00
3,lANdlORd rtAN,5740.42,rent,2026-05-04 11:03:00
3,CAFE COFFEE DAY REF8469,136.09,food,2026-05-04 15:18:00
3,hostel FEE*ORD966630,7225.59,rent,2026-05-04 20:49:00
3,PG ReNt pAyMEnT,7111.14,rent,2026-05-04 23:38:00
3,Meesoh TXN17,1288.84,shopping,2026-05-05 08:05:00
3,hOstel FEe,9442.92,rent,2026-05-05 13:53:00
3,HOStle feE REF9791,6100.91,rent,2026-05-05 15:19:00
3,airtEl pREPAid,115.24,recharge,2026-05-05 15:55:00
3,Hostel Fee,7576.1,rent,2026-05-05 18:12:00
3,hOSteL fee,5787.55,rent,2026-05-05 18:57:00
3,Swiggy Instamart TXN52567,265.18,food,2026-05-05 21:39:00
3,Amazon/UP/I552062605,656.3,shopping,2026-05-06 12:49:00
3,zoMAto*ORD802615,316.62,food,2026-05-06 13:34:00
3,AjIo,100.0,shopping,2026-05-06 21:56:00
3,Ola REF2258,164.44,transport,2026-05-06 22:22:00
3,Bookmyshow TXN18177,207.5,entertainment,2026-05-06 22:49:00
3,Ajio REF4961,1726.59,shopping,2026-05-07 07:41:00
3,MyNtRa REF879,707.84,shopping,2026-05-07 11:38:00
3,College Fee Portal,973.09,education,2026-05-07 12:12:00
3,spOTifY TXN77470,276.81,entertainment,2026-05-07 18:15:00
3,AIRTEL PREPAID REF4884,392.56,recharge,2026-05-07 18:20:00
3,Rapido,211.73,transport,2026-05-07 20:51:00
3,MEESHO,662.26,shopping,2026-05-07 21:15:00
3,VI PREPAID,245.1,recharge,2026-05-08 08:18:00
3,HOTSTAR,338.76,entertainment,2026-05-08 14:48:00
3,DOMINOS/UPI/942150718,292.71,food,2026-05-08 16:30:00
3,Exam Fee Paymen,81.85,education,2026-05-08 18:52:00
3,wifI BiLl TXN43247,99.0,recharge,2026-05-09 08:20:00
3,airtEl prEpaiD,163.46,recharge,2026-05-09 08:46:00
3,SWIGGY TXN33459,217.41,food,2026-05-09 15:43:00
3,CAMPUS CANTEEN*ORD525392,104.19,food,2026-05-09 20:38:00
3,AMAZON,1129.64,shopping,2026-05-09 23:43:00
3,AMAZON/UPI/51084903,1680.37,shopping,2026-05-10 08:06:00
3,meSEHo TXN51229,1527.67,shopping,2026-05-10 11:31:00
3,PrINtOUT shop REF2097,50.0,education,2026-05-10 19:44:00
3,UPI-UNKNOWN UPI-7471@okaxis,50.0,misc,2026-05-10 19:44:00
3,Meesho,100.0,entertainment,2026-05-10 20:07:00
3,BOOkMYShow,79.0,entertainment,2026-05-10 21:29:00
3,amaZON/UPI/859947314,275.76,shopping,2026-05-10 21:48:00
3,PRIME VIDEO,79.0,entertainment,2026-05-11 06:36:00
3,PRiMe vIdEo,325.74,entertainment,2026-05-11 07:16:00
3,AJIO,698.84,rent,2026-05-11 15:10:00
3,RAPiDo TXN51901,132.91,transport,2026-05-12 14:27:00
3,Vi Prepaid,236.63,recharge,2026-05-12 15:59:00
3,Prime Video/UPI/799582326,282.91,entertainment,2026-05-12 16:33:00
3,swigGY InStamART,434.58,food,2026-05-12 17:29:00
3,UPI-ROOMMATE SPLIT-9215@okaxis,112.33,misc,2026-05-12 19:28:00
3,PRINTOUT SHOP*ORD180576,50.0,education,2026-05-12 23:33:00
3,Prnitout Shop/UPI/326953436,50.0,education,2026-05-12 23:41:00
3,COLLEGE FEE PORTAL/UPI/517151813,362.39,education,2026-05-13 10:15:00
3,Swiggy Instamart*ORD812569,204.77,food,2026-05-13 10:56:00
3,Printout Shop,50.0,education,2026-05-13 13:02:00
3,Zomato*ORD565420,393.29,food,2026-05-13 23:34:00
3,UPI-ROOMMATE SPLIT-2911@okaxis,50.0,misc,2026-05-14 08:00:00
3,swiGgy iNstAmart/UPI/644826299,220.73,food,2026-05-14 10:02:00
3,Cafe Coffee Day TXN68360,40.0,food,2026-05-14 13:41:00
3,College Fee Portal TXN78562,702.43,education,2026-05-14 14:05:00
3,JIo RechARGe REF3271,323.79,recharge,2026-05-15 14:05:00
3,Meesho/UPI/620263,683.76,shopping,2026-05-16 11:50:00
3,OLA,176.89,transport,2026-05-16 14:44:00
3,Cafe Coffee Day/UPI/204435349,179.59,food,2026-05-16 16:59:00
3,sWiGgY InsTAAmrt,70.53,food,2026-05-17 09:24:00
3,UPI-UNKNOWN UPI-9714@okaxis,50.0,misc,2026-05-17 11:30:00
3,CaFe cofFEe Day,307.2,food,2026-05-17 14:10:00
3,UPI-RAHUL K-2038@okaxis,771.78,misc,2026-05-17 21:17:00
3,Prime Video*ORD397085,79.0,entertainment,2026-05-19 07:06:00
3,sPoTiFy*ORD371577,508.47,entertainment,2026-05-19 07:59:00
3,Bookmyshow,79.0,entertainment,2026-05-19 09:26:00
3,Irctc REF2678,235.39,transport,2026-05-19 15:23:00
3,AMAZON REF8802,1375.57,shopping,2026-05-20 11:52:00
3,MEESHO TXN24336,525.52,shopping,2026-05-20 19:31:00
3,VI PREPAID,304.99,recharge,2026-05-21 07:55:00
3,AIRTEL PREPAID,531.43,recharge,2026-05-22 07:03:00
3,UPI-FRIEND REPAYMENT-7031@okaxis,841.55,misc,2026-05-22 17:28:00
3,AIRtel pRePAid,350.45,recharge,2026-05-22 23:48:00
3,UPI-FRIEND REPAYMENT-8454@okaxis,50.0,misc,2026-05-23 17:20:00
3,UPI-UNKNOWN UPI-8974@okaxis,314.11,misc,2026-05-23 20:55:00
3,Udemy,91.68,education,2026-05-24 11:01:00
3,UPI-UNKNOWN UPI-2742@okaxis,78.54,misc,2026-05-24 16:55:00
3,MYNTRA/UPI/7225032,816.16,shopping,2026-05-24 22:11:00
3,UPI-MESS SECRETARY-5380@okaxis,1032.58,misc,2026-05-25 15:20:00
3,SWIGGY REF5724,203.96,food,2026-05-25 22:29:00
3,UPI-MESS SECRETARY-6592@okaxis,257.19,misc,2026-05-25 22:39:00
3,Vi Prepaid,99.0,recharge,2026-05-27 12:27:00
3,Amazon/UPI/245934792,1425.58,shopping,2026-05-27 15:26:00
3,Swiggy,276.24,food,2026-05-27 16:22:00
3,UPI-PRIYA S-2281@okaxis,50.0,misc,2026-05-28 13:13:00
3,Netflix/UPI/46,385.29,entertainment,2026-05-28 13:36:00
3,UDEMY/UPI/,50.0,education,2026-06-02 08:16:00
3,SWiGGy,249.96,food,2026-06-02 10:52:00
3,LANDLORD TRANS,7466.88,rent,2026-06-02 16:02:00
3,LANDLorD TRAnsFEr*ORD84,6626.45,rent,2026-06-02 23:51:00
3,Printou tShop,50.0,education,2026-06-03 09:15:00
3,LaNdlORD tRAnSFEr/UPI/77322488,9467.45,rent,2026-06-04 15:24:00
3,Landlord Transfer,9050.31,rent,2026-06-04 21:44:00
3,Printout Shop,50.0,education,2026-06-04 22:17:00
3,LANDLORD TR,4727.21,rent,2026-06-05 06:51:00
3,LandloRd TraNsFEr/UPI/901544309,7864.84,rent,2026-06-05 18:25:00
3,UPI-RAHUL K-7476@okaxis,50.0,misc,2026-06-06 10:19:00
3,DOMINOS*ORD77,305.98,food,2026-06-06 22:26:00
3,Prime Video,79.0,entertainment,2026-06-07 07:23:00
3,ZOmATo*ORD974343,204.27,food,2026-06-09 06:10:00
3,CoLleGe FeE poRtal,50.0,education,2026-06-12 15:12:00
3,vI prepAId,230.81,recharge,2026-06-14 10:25:00
3,UPI-FRIEND REPAYMENT-6215@okaxis,652.66,misc,2026-06-14 14:39:00
3,SWIGGY REF4714,145.73,food,2026-06-15 21:32:00
3,AIRTEL PREPAID REF8371,417.94,recharge,2026-06-18 18:38:00
3,AJIO,362.09,shopping,2026-06-20 08:39:00
3,SWIGGY INsTAmaRt*ORD617708,326.05,food,2026-06-20 15:56:00
3,SWIGGY INST,189.06,food,2026-06-20 17:35:00
3,SPOTIFY,138.74,entertainment,2026-06-21 13:52:00
3,PRINTOUT SHOP/UPI/513442,522.08,education,2026-06-22 10:38:00
3,UPI-PRIYA S-5578@okaxis,974.86,misc,2026-06-23 11:53:00
3,UDEMY,50.0,education,2026-06-23 15:37:00
3,WIFI BILL TXN64732,711.83,recharge,2026-06-25 11:11:00
4,College Fee Portla,853.23,education,2026-04-01 20:50:00
4,PG RENT PAYMENT TXN88584,7405.69,rent,2026-04-02 21:08:00
4,Pg Rent Payment/UPI/713504282,6641.58,rent,2026-04-02 22:28:00
4,SPOTIFY/UPI/846016035,82.4,entertainment,2026-04-02 23:40:00
4,zoMatO/UPI/351532,433.24,food,2026-04-03 10:00:00
4,BOOKMYSHOW,79.0,entertainment,2026-04-03 18:58:00
4,LANDLORD TRANSFER,5753.57,rent,2026-04-04 12:23:00
4,ColLeGe Fee pOrTal/UPI/910994911,700.55,transport,2026-04-04 16:35:00
4,PG reNt PAYment,6924.64,rent,2026-04-04 17:17:00
4,Swiggy REF3,295.45,food,2026-04-04 21:25:00
4,CAFE COFFEE DAY,349.66,food,2026-04-05 17:28:00
4,SPOTIFY REF5289,187.28,entertainment,2026-04-05 21:15:00
4,ZOMATO*ORD425,97.41,food,2026-04-05 23:58:00
4,Netflix TXN40182,106.93,entertainment,2026-04-06 08:56:00
4,Vi Prepaid/UPI4/94612942,113.87,recharge,2026-04-09 16:29:00
4,MESS FEE*ORD540467,193.35,food,2026-04-09 20:56:00
4,Ajio TXN60321,1604.71,shopping,2026-04-11 13:06:00
4,Bookmyshow REF9481,264.45,entertainment,2026-04-11 15:38:00
4,NeTFliX*ORD35496,79.0,entertainment,2026-04-12 06:45:00
4,DOMINOs/UPI/821818558,99.42,food,2026-04-13 06:11:00
4,UPI-ROOMMATE SPLIT-4085@okaxis,50.0,misc,2026-04-13 10:34:00
4,DOMINOS,40.0,food,2026-04-13 11:06:00
4,Jio Rechar,163.48,recharge,2026-04-14 07:53:00
4,UPI-FRIEND REPAYMENT-8397@okaxis,339.73,misc,2026-04-16 11:21:00
4,UPI-PRIYA S-2709@okaxis,600.55,misc,2026-04-21 17:05:00
4,Cafe Coffee Day/UPI/844087852,74.79,rent,2026-04-25 21:46:00
4,Dominos/UPI/326155683,230.83,food,2026-04-25 23:45:00
4,RPIME VIDE,91.14,entertainment,2026-04-26 20:13:00
4,UBER,107.82,transport,2026-05-01 08:54:00
4,SPOTIFY*ORD602472,111.1,entertainment,2026-05-01 11:40:00
4,UPI-PRIYA S-2294@okaxis,50.0,misc,2026-05-01 12:23:00
4,Mess FEE T,309.4,food,2026-05-01 16:42:00
4,mEsS fee,40.0,food,2026-05-01 17:17:00
4,prime ViDeo,266.56,entertainment,2026-05-01 19:33:00
4,ZOMATO TXN19012,296.07,food,2026-05-01 22:25:00
4,Cafe Coffee Day,40.0,food,2026-05-01 22:33:00
4,AMAZON,100.0,shopping,2026-05-02 07:36:00
4,UPI-PRIYA S-9245@okaxis,50.0,misc,2026-05-02 09:38:00
4,MYNTRA*ORD857,819.25,shopping,2026-05-02 14:19:00
4,PG RENT PAYMENT*ORD830549,7107.35,rent,2026-05-02 15:32:00
4,HOTSTAR/UPI/503368085,235.67,entertainment,2026-05-02 20:00:00
4,LANDLORD TRANSFER/UPI/400075968,7129.88,rent,2026-05-02 21:25:00
4,HOStel FEE TXN982,8751.67,rent,2026-05-02 22:59:00
4,CITY BUS PA,103.85,transport,2026-05-02 23:03:00
4,Landlord Transfer,5715.87,rent,2026-05-03 09:35:00
4,LANDLORD TRANSFER TXN52795,7381.63,rent,2026-05-03 09:42:00
4,AmAZON,1221.88,shopping,2026-05-03 11:13:00
4,NeTflix RE,207.28,entertainment,2026-05-03 20:15:00
4,Spotify,79.0,entertainment,2026-05-03 20:52:00
4,IRCTC*ORD834480,189.23,transport,2026-05-03 21:37:00
4,PG ReNT PayMeNt*ORD7,8245.5,rent,2026-05-04 08:42:00
4,UPI-ROOMMATE SPLIT-9351@okaxis,136.77,misc,2026-05-04 10:07:00
4,laNDLorD TRanSfeR,6382.18,rent,2026-05-04 11:24:00
4,Landlord Transfer,6766.48,rent,2026-05-04 12:02:00
4,COURSERA*ORD884735,636.67,education,2026-05-04 18:18:00
4,ZomAto,127.23,food,2026-05-04 20:30:00
4,Pg Retn Payment,6094.02,rent,2026-05-04 22:20:00
4,PRINTOUT S,626.38,education,2026-05-05 08:40:00
4,OLA REF4309,71.78,transport,2026-05-05 10:05:00
4,UPI-UNKNOWN UPI-3295@okaxis,561.75,misc,2026-05-05 13:30:00
4,PG RENT PAYMENT TXN61150,6283.51,recharge,2026-05-05 15:32:00
4,Dominos TXN94711,299.88,food,2026-05-05 17:31:00
4,PG rENt PAYment,7506.4,rent,2026-05-05 18:55:00
4,PG RENT PAYMENT TXN47397,5725.23,rent,2026-05-05 22:11:00
4,UPI-ROOMMATE SPLIT-8443@okaxis,1278.3,misc,2026-05-06 08:25:00
4,COllegE FeE POrTAL/UPI/770829086,921.76,education,2026-05-07 22:43:00
4,UDEMY,1213.38,education,2026-05-07 22:51:00
4,UPI-PRIYA S-7498@okaxis,415.91,misc,2026-05-08 09:07:00
4,UPI-FRIEND REPAYMENT-7823@okaxis,898.42,misc,2026-05-08 10:00:00
4,mEESHo,1064.7,shopping,2026-05-08 14:22:00
4,ajIo,361.55,shopping,2026-05-08 14:32:00
4,PEtroL puMp,123.71,transport,2026-05-08 19:50:00
4,AjIO,1370.78,shopping,2026-05-09 10:38:00
4,mEeSHo,1785.35,shopping,2026-05-09 11:26:00
4,DOMINOS XTN97856,226.73,food,2026-05-09 13:12:00
4,AIRTEL PREPAID*ORD864915,209.52,recharge,2026-05-09 14:52:00
4,UPI-RAHUL K-2966@okaxis,780.49,misc,2026-05-09 22:23:00
4,MYntra*ORD600931,914.9,shopping,2026-05-09 22:46:00
4,Meesho,100.0,shopping,2026-05-10 14:53:00
4,Irctc*ORD87784,20.0,transport,2026-05-10 17:37:00
4,SPOTIFY REF1628,217.23,entertainment,2026-05-10 23:37:00
4,Vi Prepaid TXN27512,300.05,recharge,2026-05-11 12:38:00
4,Meesho REF8878,1067.85,shopping,2026-05-11 13:19:00
4,UDEMY ERF93,50.0,education,2026-05-11 15:01:00
4,SIWGGY/UPI/321075169,40.0,food,2026-05-11 19:31:00
4,WIfi Bill*ORD255335,321.85,recharge,2026-05-12 22:32:00
4,CITY BUSP ASS REF5164,152.21,transport,2026-05-13 10:24:00
4,VI PREPAID*ORD116398,405.63,recharge,2026-05-13 12:46:00
4,VI PREPAID REF7479,173.5,recharge,2026-05-13 13:20:00
4,City Bus Pass REF9836,46.75,transport,2026-05-14 06:54:00
4,pRinTOUT shoP/UPI/218279447,1526.08,education,2026-05-14 13:31:00
4,COLLEGE FEE PORTAL,147.41,education,2026-05-15 07:22:00
4,UPI-RAHUL K-3554@okaxis,411.99,misc,2026-05-15 08:18:00
4,Airtel Prepaid,103.19,recharge,2026-05-15 08:27:00
4,CitY bUs pAsS/UPI/2571,351.17,transport,2026-05-15 12:42:00
4,cafe CofFEe day*ORD508091,40.0,food,2026-05-15 21:51:00
4,Meesho,966.39,shopping,2026-05-16 11:08:00
4,meESho,100.0,shopping,2026-05-16 13:26:00
4,CAFE COFFEE DAY*ORD118943,256.36,food,2026-05-16 15:17:00
4,UPI-FRIEND REPAYMENT-3826@okaxis,1130.16,misc,2026-05-16 17:44:00
4,cOLLEGe FEe pOrTal,140.47,education,2026-05-16 21:11:00
4,cAF EcOFFeE DAy/UPI/194297000,78.87,food,2026-05-16 21:50:00
4,UDEMY,133.42,education,2026-05-17 07:24:00
4,ZOMATO,93.4,food,2026-05-17 09:22:00
4,AJIO,1035.43,shopping,2026-05-17 20:58:00
4,UPI-FRIEND REPAYMENT-3591@okaxis,50.0,misc,2026-05-19 10:30:00
4,Jio Recharge,176.86,recharge,2026-05-19 11:32:00
4,EXAM FEE PAYMENT/UPI/924134875,648.06,education,2026-05-19 13:46:00
4,Printout Shop,854.19,education,2026-05-20 08:48:00
4,Mess Fee*ORD791095,113.14,food,2026-05-20 09:39:00
4,COURSERA,50.0,education,2026-05-20 22:26:00
4,MESS FEE,40.0,food,2026-05-21 18:18:00
4,UPI-UNKNOWN UPI-2468@okaxis,648.45,misc,2026-05-21 20:49:00
4,SPOTIFY/UPI/3,149.54,entertainment,2026-05-21 22:06:00
4,flipKArT,442.36,shopping,2026-05-22 22:00:00
4,Irctc REF5012,270.76,transport,2026-05-24 07:46:00
4,UPI-ROOMMATE SPLIT-6526@okaxis,277.77,misc,2026-05-24 17:30:00
4,UPI-UNKNOWN UPI-7260@okaxis,169.59,misc,2026-05-25 22:55:00
4,Amazon,100.0,shopping,2026-05-26 13:23:00
4,Flipkart TXN2,767.81,shopping,2026-05-26 15:46:00
4,PETROL PUMP REF6314,142.07,transport,2026-05-27 15:59:00
4,Cafe Coffee Day*ORD272486,40.0,food,2026-05-28 08:49:00
4,Rapido,155.69,transport,2026-05-28 21:08:00
4,MESS FEE,251.34,food,2026-06-01 19:05:00
4,UPI-UNKNOWN UPI-1010@okaxis,342.57,misc,2026-06-01 21:22:00
4,SwiggY,321.61,food,2026-06-01 23:36:00
4,PG RENT PAYMENT,6653.6,rent,2026-06-02 06:00:00
4,HOstel FEE,9773.43,rent,2026-06-02 11:16:00
4,UPI-MESS SECRETARY-5641@okaxis,198.01,misc,2026-06-02 16:08:00
4,Myntra*ORD914,436.56,shopping,2026-06-02 17:02:00
4,SWIGGY TXN21,286.01,food,2026-06-02 18:31:00
4,LANDLORD TRANSFER,8044.31,rent,2026-06-02 22:23:00
4,College Fee Portal*ORD193610,55.8,education,2026-06-03 10:47:00
4,LaNDLOrd trAnsfeR,6596.67,rent,2026-06-03 12:52:00
4,Exam Fee Payment TXN96954,518.85,education,2026-06-04 07:19:00
4,mEESHO*ORD781180,571.0,shopping,2026-06-04 11:42:00
4,Bookmyshow,79.0,entertainment,2026-06-04 15:02:00
4,NtEFlix TXN37259,79.0,entertainment,2026-06-05 07:09:00
4,LANDLORD TRANSFRE REF4971,8689.85,rent,2026-06-05 10:18:00
4,BOOKMYSHOW REF1178,143.14,entertainment,2026-06-05 13:09:00
4,UPI-FRIEND REPAYMENT-2322@okaxis,50.0,misc,2026-06-05 14:27:00
4,BOOKMYSHOW ,430.35,entertainment,2026-06-05 22:01:00
4,PRIME VIDEO/UPI/,141.06,entertainment,2026-06-06 15:32:00
4,Printout Shop*OR,313.38,education,2026-06-06 15:42:00
4,Swiggy Instamart,483.48,food,2026-06-07 20:29:00
4,Swiggy REF925,287.34,food,2026-06-08 08:43:00
4,Vi Prepaid/UPI/473268212,258.88,transport,2026-06-08 09:52:00
4,MYNTRA,1414.78,shopping,2026-06-08 16:33:00
4,UPI-ROOMMATE SPLIT-2607@okaxis,798.43,misc,2026-06-08 20:27:00
4,RAPIDO,134.91,transport,2026-06-09 09:57:00
4,UPI-MESS SECRETARY-3839@okaxis,50.0,misc,2026-06-09 17:38:00
4,UPI-RAHUL K-4560@okaxis,82.63,misc,2026-06-10 08:29:00
4,jIo reCHarge*ORD137421,636.0,recharge,2026-06-10 10:06:00
4,UPI-ROOMMATE SPLIT-6010@okaxis,50.0,misc,2026-06-10 11:03:00
4,CafE cOFfE,408.36,food,2026-06-10 12:26:00
4,UPI-ROOMMATE SPLIT-6810@okaxis,736.6,misc,2026-06-10 15:02:00
4,SPOTIFY TXN94707,139.09,entertainment,2026-06-11 17:33:00
4,CItY buS pASS,281.3,transport,2026-06-12 18:52:00
4,BOOKMYSHOW REF5864,79.0,entertainment,2026-06-12 19:29:00
4,CAmpUS CAn,235.32,food,2026-06-13 09:47:00
4,AJIO*ORD481466,100.0,shopping,2026-06-13 10:12:00
4,BOokmYShOW/UPI/105384337,129.63,food,2026-06-13 14:56:00
4,SPOTIFY REF1189,191.0,entertainment,2026-06-13 16:20:00
4,mEesho,100.0,shopping,2026-06-14 22:58:00
4,Cousrera,408.36,education,2026-06-15 18:10:00
4,MESS FEE TXN78354,238.09,food,2026-06-16 17:19:00
4,Irctc/UPI/848065282,156.69,transport,2026-06-17 12:26:00
4,VI PREPAID*ORD656673,99.0,recharge,2026-06-17 22:11:00
4,rApido*ORD771315,88.65,transport,2026-06-18 11:20:00
4,MEESHO,143.95,shopping,2026-06-18 22:41:00
4,Ola*ORD773,341.18,transport,2026-06-20 21:42:00
4,Printout Shop,385.52,education,2026-06-21 19:00:00
4,bookMYsHOw*ORD7,79.0,entertainment,2026-06-21 20:52:00
4,Coursera,71.88,education,2026-06-22 23:33:00
4,NeTflIX/UIP/529866466,171.86,entertainment,2026-06-23 21:25:00
4,pRinTOuT ShoP,380.35,education,2026-06-25 09:37:00
4,UPI-UNKNOWN UPI-5434@okaxis,901.6,misc,2026-06-26 12:05:00
4,City Bus Pass*ORD766566,31.25,transport,2026-06-27 09:01:00
4,hoTsTaR REF,303.48,entertainment,2026-06-28 23:12:00
4,MeSs FeE,109.33,food,2026-06-28 23:38:00
5,JIO RECHARG,316.64,recharge,2026-04-01 09:56:00
5,College Fee Portal*ORD991115,1095.6,education,2026-04-02 10:22:00
5,Pg Rent Payment REF9653,6639.51,rent,2026-04-02 13:34:00
5,Swiggy/UPI/707140225,64.52,food,2026-04-02 21:41:00
5,FLIPKART TXN72411,1285.78,shopping,2026-04-03 08:47:00
5,Myntra*ORD508346,1010.84,shopping,2026-04-03 14:01:00
5,LANDLORD RTANSFER TX,6437.77,rent,2026-04-05 12:04:00
5,BooKmysHoW,253.41,entertainment,2026-04-05 17:37:00
5,Prime Video,101.32,entertainment,2026-04-06 22:41:00
5,PRINTOUT SHOP,183.42,education,2026-04-07 13:47:00
5,UPI-FRIEND REPAYMENT-1164@okaxis,50.0,misc,2026-04-08 15:05:00
5,VI PREPAID/UPI/756321884,356.64,recharge,2026-04-08 21:10:00
5,Campus CaNTeeN RFE5806,111.11,food,2026-04-09 14:20:00
5,Petrol Pump REF5913,262.28,transport,2026-04-10 08:01:00
5,UPI-ROOMMATE SPLIT-1949@okaxis,430.45,misc,2026-04-12 14:21:00
5,UPI-ROOMMATE SPLIT-1854@okaxis,50.0,misc,2026-04-13 08:35:00
5,UPI-PRIYA S-8040@okaxis,546.37,misc,2026-04-13 20:44:00
5,Siwggy,465.32,food,2026-04-14 18:46:00
5,UPI-FRIEND REPAYMENT-7024@okaxis,176.18,misc,2026-04-15 11:57:00
5,Zomato TXN48972,40.0,food,2026-04-19 20:16:00
5,PRIME VIDEO TXN19552,79.0,entertainment,2026-04-22 21:48:00
5,UPI-PRIYA S-2893@okaxis,537.24,misc,2026-04-23 21:35:00
5,Spotify,286.95,entertainment,2026-04-24 19:24:00
5,AMAZON TXN55722,100.0,shopping,2026-04-26 20:17:00
5,JAIO REF6259,100.0,shopping,2026-05-01 11:16:00
5,hoStEL Fee TXN84096,7384.04,rent,2026-05-02 09:55:00
5,zoMAtO,243.92,food,2026-05-02 20:20:00
5,Uber,127.81,transport,2026-05-03 10:34:00
5,UPI-RAHUL K-7060@okaxis,345.69,misc,2026-05-03 12:57:00
5,LanDlOrD tRansFeR TXN25411,8474.04,rent,2026-05-03 18:32:00
5,pRime vIdeo,434.47,entertainment,2026-05-03 20:21:00
5,Vi pREPaId*ORD287931,499.82,recharge,2026-05-04 18:51:00
5,Pg Rent Payment/UPI/5778231,6182.62,rent,2026-05-04 19:23:00
5,cOLlegE fee porTaL TXN56525,377.42,education,2026-05-04 19:45:00
5,UPI-FRIEND REPAYMENT-9345@okaxis,741.32,misc,2026-05-05 13:46:00
5,UPI-ROOMMATE SPLIT-6683@okaxis,50.0,misc,2026-05-05 14:44:00
5,RAPIDO,191.71,transport,2026-05-05 15:11:00
5,SPotIfy REF5638,241.24,education,2026-05-06 13:26:00
5,UPI-RAHUL K-4805@okaxis,154.56,misc,2026-05-06 16:49:00
5,Myntra,380.12,shopping,2026-05-07 07:07:00
5,Flipkart,747.92,shopping,2026-05-08 07:31:00
5,hotstAr TXN40423,250.89,entertainment,2026-05-08 11:44:00
5,OLA/UPI/6717588,65.48,transport,2026-05-08 12:28:00
5,AIRTEL PREPAID/UPI/400632183,99.0,recharge,2026-05-08 15:42:00
5,EXaM fEe payMenT/UPI/721370276,50.0,education,2026-05-08 18:15:00
5,mEESHO*ORD380938,260.85,shopping,2026-05-09 08:44:00
5,ZOMATO,263.09,food,2026-05-09 12:11:00
5,rApIdo REF8966,87.27,transport,2026-05-09 12:35:00
5,UPI-MESS SECRETARY-1515@okaxis,50.0,misc,2026-05-09 14:29:00
5,AMaZON TXN,100.0,shopping,2026-05-09 16:14:00
5,oLA,20.0,transport,2026-05-09 19:03:00
5,MESS FEE,194.24,food,2026-05-10 16:53:00
5,Vi PRePaiD TXN28728,156.28,recharge,2026-05-10 17:20:00
5,Swiggy Instamart REF5486,40.0,food,2026-05-10 18:06:00
5,UPI-RAHUL K-9481@okaxis,277.22,misc,2026-05-10 23:21:00
5,AIRTEL PREPAID*ORD686317,402.16,recharge,2026-05-11 07:29:00
5,prINTouT ShOp,710.6,education,2026-05-12 18:30:00
5,Netflix TXN95989,334.37,entertainment,2026-05-13 12:32:00
5,VI pREpAid,99.0,recharge,2026-05-14 16:54:00
5,NETFLIX REF780,79.0,entertainment,2026-05-14 20:17:00
5,coLLEge Fee PoRTAl,415.65,education,2026-05-14 21:54:00
5,ubEr*ORD858417,152.21,transport,2026-05-15 08:52:00
5,HOTSTAR,165.49,entertainment,2026-05-17 08:56:00
5,PETROL PUMP,20.0,transport,2026-05-17 20:16:00
5,City Bus P,275.88,transport,2026-05-18 09:28:00
5,UPI-FRIEND REPAYMENT-4452@okaxis,50.0,misc,2026-05-18 16:05:00
5,Vi Prepaid REF2335,309.87,recharge,2026-05-18 16:08:00
5,FLIPKART,953.0,shopping,2026-05-18 23:29:00
5,MYNTRA,160.81,shopping,2026-05-18 23:39:00
5,MYntRa*ORD33846,1527.4,shopping,2026-05-20 07:05:00
5,SWIGGY,324.06,food,2026-05-20 14:16:00
5,UDEMY*ORD190615,512.06,education,2026-05-20 22:05:00
5,Zomato REF6146,349.36,food,2026-05-21 07:03:00
5,UPI-MESS SECRETARY-9253@okaxis,50.0,misc,2026-05-21 17:13:00
5,UPI-MESS SECRETARY-8185@okaxis,360.12,misc,2026-05-22 22:24:00
5,CaMPUS CanTEEN,40.0,food,2026-05-24 08:13:00
5,Spotify,211.65,entertainment,2026-05-25 17:42:00
5,UPI-FRIEND REPAYMENT-7318@okaxis,55.39,misc,2026-05-27 13:02:00
5,ExAM FEE P,50.0,education,2026-05-28 16:01:00
5,Meesho,220.82,shopping,2026-06-02 20:08:00
5,HOTsTaR*ORD822325,174.75,entertainment,2026-06-03 11:19:00
5,RAPIDO,209.2,shopping,2026-06-03 23:05:00
5,UBER/UPI/265,172.18,transport,2026-06-04 11:11:00
5,MEESHO*ORD8,711.0,shopping,2026-06-04 16:06:00
5,Hostel Fee*ORD43065,9718.67,rent,2026-06-04 19:33:00
5,JIO ReCHaRge,343.27,recharge,2026-06-05 14:41:00
5,UPI-FRIEND REPAYMENT-2831@okaxis,50.0,misc,2026-06-05 16:48:00
5,HOsTeL fee/UPI/690633547,8061.63,rent,2026-06-05 19:48:00
5,Spotify REF6,445.62,entertainment,2026-06-06 06:26:00
5,NetfLIx TXN7,352.39,entertainment,2026-06-06 08:46:00
5,priMe VIdEo TXN77488,564.01,rent,2026-06-06 18:38:00
5,AJIO/UPI/924466143,1000.15,recharge,2026-06-08 15:47:00
5,DoMINos/UPI/300909,367.51,recharge,2026-06-09 12:36:00
5,Bookmyshow REF1385,165.59,entertainment,2026-06-09 17:23:00
5,AIRTEL PREPAID TXN53785,165.63,recharge,2026-06-10 20:28:00
5,jIO RecHaRGE REF7378,344.86,recharge,2026-06-12 13:12:00
5,Netflix TXN7054,85.95,entertainment,2026-06-12 15:35:00
5,UPI-RAHUL K-2697@okaxis,50.0,misc,2026-06-13 22:27:00
5,Myntra/UPI/557104051,362.18,shopping,2026-06-14 09:13:00
5,rApIDO,36.07,transport,2026-06-16 10:46:00
5,Airtel Prepaid TXN85707,395.88,recharge,2026-06-21 22:58:00
5,UPI-ROOMMATE SPLIT-6567@okaxis,200.99,misc,2026-06-24 13:23:00
5,Uber,465.89,transport,2026-06-26 06:32:00
5,hOTstAr,79.0,entertainment,2026-06-27 21:24:00
6,AIrteL PRePA,279.48,recharge,2026-04-01 16:19:00
6,PG RENT PAYMENT REF8877,6281.88,rent,2026-04-02 06:50:00
6,lAndlOrD traNsfer,8407.43,rent,2026-04-02 09:31:00
6,Landlord Transfer/UPI/655021824,7333.2,rent,2026-04-02 10:46:00
6,HOSTEL FEE*ORD666216,6348.26,rent,2026-04-02 14:57:00
6,HOTSTAR,79.0,entertainment,2026-04-02 16:07:00
6,Printout Shop,1245.61,education,2026-04-03 06:12:00
6,PG RENT PAYMENT TXN70874,6306.59,rent,2026-04-03 06:57:00
6,PG REn tpAYme,7144.18,rent,2026-04-03 09:33:00
6,PG RENT PAYMENT,7044.63,rent,2026-04-03 14:25:00
6,PG RENT PAYMENT,6536.24,rent,2026-04-03 15:51:00
6,Vi Prepaid,438.36,recharge,2026-04-03 19:59:00
6,NETFLIX REF,282.23,entertainment,2026-04-04 06:38:00
6,Amazon REF9824,1190.39,shopping,2026-04-04 14:19:00
6,dominSO REF1585,209.58,food,2026-04-04 18:04:00
6,LANDLORD TRANSFE,6225.93,rent,2026-04-04 21:11:00
6,Printout Shop,132.7,education,2026-04-05 10:01:00
6,COLLEGE FEE PORTAL REF5485,182.3,education,2026-04-06 07:14:00
6,Myntra*ORD690648,879.59,shopping,2026-04-06 12:22:00
6,Meesho TXN38177,614.92,shopping,2026-04-06 12:50:00
6,COURSERA,50.0,education,2026-04-06 19:29:00
6,PEtrOL PUMp*ORD796510,20.0,transport,2026-04-07 09:17:00
6,BOOKMYSHOW REF6351,174.07,entertainment,2026-04-08 12:09:00
6,UPI-MESS SECRETARY-2262@okaxis,90.86,misc,2026-04-08 18:34:00
6,uDEmy,449.37,education,2026-04-08 22:24:00
6,spOtIFY,337.97,entertainment,2026-04-09 14:56:00
6,rapidO*ORD414531,223.27,transport,2026-04-09 21:03:00
6,mYntra TXN77694,1066.96,shopping,2026-04-10 16:06:00
6,Hotstar TXN52869,79.0,entertainment,2026-04-10 16:58:00
6,JIO RECHARGE,221.97,recharge,2026-04-10 18:49:00
6,peTROl puMP/UPI/2,195.62,transport,2026-04-11 20:28:00
6,MEsS feE REF7192,244.88,food,2026-04-12 06:23:00
6,Spotify/UPI/697724623,211.15,entertainment,2026-04-12 16:28:00
6,CoLLeGe FeE poRta,933.78,education,2026-04-13 12:55:00
6,UPI-MESS SECRETARY-6963@okaxis,881.35,misc,2026-04-13 20:47:00
6,College Fee Portal REF9729,1779.34,education,2026-04-15 07:38:00
6,VI PREPAID,404.78,recharge,2026-04-15 08:17:00
6,ColLEgE fEe porTaL/UPI/578896357,1039.29,education,2026-04-16 17:28:00
6,Mess Fee REF5831,306.89,food,2026-04-16 20:36:00
6,Prime Video*ORD81058,220.74,entertainment,2026-04-17 12:14:00
6,vI pRePAiD*ORD464510,115.81,recharge,2026-04-18 07:54:00
6,exAM fEE pAyMEnt/UPI/384198407,89.63,education,2026-04-18 19:35:00
6,Airtel Prepaid REF3713,184.04,recharge,2026-04-19 10:33:00
6,Vi Prepaid,467.05,recharge,2026-04-20 23:25:00
6,UPI-UNKNOWN UPI-5045@okaxis,131.93,misc,2026-04-23 12:20:00
6,Netflix,244.44,entertainment,2026-04-24 08:47:00
6,PRIME VIDEO,184.25,entertainment,2026-04-25 12:08:00
6,PRIME VIDEO*ORD736176,79.0,entertainment,2026-04-25 13:58:00
6,uDEMY,560.23,education,2026-04-25 20:16:00
6,UPI-MESS SECRETARY-6972@okaxis,931.83,misc,2026-04-26 16:27:00
6,mEEShO TXN9,929.9,shopping,2026-04-28 13:17:00
6,SPOTIFY,340.0,rent,2026-05-01 08:29:00
6,CollEge fee poRtAL TXN41939,847.75,education,2026-05-01 09:12:00
6,VI PRepaID*ORD740006,164.39,recharge,2026-05-01 16:11:00
6,DOMINOS,471.42,food,2026-05-01 22:24:00
6,Zomato*ORD668326,312.2,food,2026-05-02 06:11:00
6,Hostel Fee REF7082,7973.06,rent,2026-05-02 07:23:00
6,sPOtiFy REF7821,282.28,entertainment,2026-05-02 08:33:00
6,SPOTIFY*ORD432979,86.53,entertainment,2026-05-02 16:35:00
6,lAnDlorD tRaNsfER TXN12744,6043.92,rent,2026-05-02 20:30:00
6,Swiggy Instamart/UPI/315400441,215.14,food,2026-05-02 20:56:00
6,domiNos,266.82,food,2026-05-02 22:00:00
6,Mess Fee,260.02,food,2026-05-02 23:29:00
6,RaPido TXN93082,176.85,transport,2026-05-03 10:46:00
6,Dominos/UPI/964872376,134.21,shopping,2026-05-03 11:12:00
6,HosTEL FEe,7220.07,rent,2026-05-03 12:29:00
6,NETFLIX TXN28711,548.3,entertainment,2026-05-03 13:05:00
6,PRIME VIDEO TXN97717,267.59,transport,2026-05-03 13:40:00
6,MEEsHO TXN64216,733.23,shopping,2026-05-03 18:16:00
6,RAPIDO,195.89,transport,2026-05-03 22:42:00
6,LANDLORD TRANSFER*ORD103587,6166.78,recharge,2026-05-04 08:06:00
6,Hostel Fee,8783.52,rent,2026-05-04 13:56:00
6,pRIme vIDeO,303.07,entertainment,2026-05-04 15:46:00
6,HoTsTar,355.39,entertainment,2026-05-04 19:29:00
6,vi PrepAID,278.66,recharge,2026-05-04 21:02:00
6,CoURSERa TXN59931,682.85,recharge,2026-05-04 22:26:00
6,HOSTEL FEE TXN15783,9073.24,rent,2026-05-05 10:42:00
6,lanDLorD tRANsFeR,8809.76,rent,2026-05-05 13:07:00
6,Hostel Fee*ORD549339,7553.01,rent,2026-05-05 16:21:00
6,Swiggy Instamart/UPI/537165399,91.39,food,2026-05-05 16:43:00
6,pG renT pAYmEnt TXN43218,5774.6,rent,2026-05-05 18:48:00
6,JIO RECHARGE/UPI/570403386,256.97,recharge,2026-05-05 18:58:00
6,HOSTEL FEE,6749.32,rent,2026-05-05 23:49:00
6,Printout Shop*ORD837781,50.0,education,2026-05-06 16:20:00
6,NETFLIX*ORD777141,256.09,entertainment,2026-05-06 17:10:00
6,Irctc,391.22,transport,2026-05-06 17:13:00
6,CiTy bus pASs TXN68914,148.03,transport,2026-05-07 08:20:00
6,Cafe Coffee Day,213.08,food,2026-05-07 13:31:00
6,CITY BUS PASS TXN56254,20.0,transport,2026-05-07 14:34:00
6,UBER TXN12148,146.02,transport,2026-05-07 20:57:00
6,SPOTIFY,100.35,rent,2026-05-08 11:04:00
6,mAazon REF8427,384.57,shopping,2026-05-08 14:20:00
6,UPI-RAHUL K-8090@okaxis,399.75,misc,2026-05-08 17:31:00
6,Printuot Shop,521.75,education,2026-05-08 21:12:00
6,Ajio/UPI/443635681,1244.2,shopping,2026-05-09 06:22:00
6,PRINTOUT SHOP TXN18912,787.29,education,2026-05-09 12:40:00
6,OLA,62.29,transport,2026-05-09 19:26:00
6,HOTSTAR,106.58,entertainment,2026-05-09 21:24:00
6,Hotstar REF168,268.6,entertainment,2026-05-09 23:42:00
6,AmAzon,896.23,shopping,2026-05-10 18:25:00
6,Petrol Pump REF9177,365.35,transport,2026-05-10 20:54:00
6,mesS Fee,357.81,food,2026-05-11 14:07:00
6,BooKMYsHOw/UPI/459151333,126.11,entertainment,2026-05-12 19:37:00
6,FlIpKart TXN58317,1913.47,shopping,2026-05-12 20:47:00
6,Mess Fee REF4732,180.55,food,2026-05-12 22:32:00
6,sWIgGy*ORD853788,40.0,food,2026-05-13 14:10:00
6,Airtel Prepaid*ORD692497,441.77,recharge,2026-05-15 15:04:00
6,Bookmyshow REF4765,346.31,entertainment,2026-05-15 17:19:00
6,Bookmyshow,84.34,entertainment,2026-05-16 06:09:00
6,IRCTC/UPI/778077202,87.89,transport,2026-05-16 08:33:00
6,AIRTEl preP,463.08,recharge,2026-05-16 09:12:00
6,mYnTra,794.58,rent,2026-05-16 11:18:00
6,swiGGy REF7141,252.79,food,2026-05-17 06:38:00
6,CAMPUS CANTEEN REF3641,79.42,food,2026-05-17 20:04:00
6,mESS Fee TXN65878,190.04,transport,2026-05-17 21:05:00
6,SWIGGY INSTAMA,80.23,food,2026-05-18 22:59:00
6,SWIGGY*ORD348455,165.72,food,2026-05-19 07:23:00
6,COLLEGE FEE POR,1697.95,recharge,2026-05-20 10:16:00
6,HOTSTAR,336.62,entertainment,2026-05-20 11:36:00
6,WIFI bILl*ORD196520,191.0,recharge,2026-05-20 15:06:00
6,UPI-PRIYA S-8853@okaxis,176.89,misc,2026-05-20 15:47:00
6,UPI-UNKNOWN UPI-3576@okaxis,387.66,misc,2026-05-20 21:41:00
6,Swiggy TXN63421,112.51,food,2026-05-20 22:46:00
6,HOTSTAR*ORD98,457.01,entertainment,2026-05-21 07:43:00
6,UPI-MESS SECRETARY-5310@okaxis,50.0,misc,2026-05-21 15:44:00
6,COLLEGE FEE PORTAL/UPI/780991511,779.76,education,2026-05-22 08:19:00
6,WIFI BILL*ORD684352,99.0,recharge,2026-05-22 15:26:00
6,Petrol Pump,54.2,transport,2026-05-23 17:04:00
6,oLa TXN99674,230.98,transport,2026-05-23 17:47:00
6,uBeR,20.0,transport,2026-05-23 23:57:00
6,OLA*ORD868516,128.77,transport,2026-05-27 19:04:00
6,Campus Can,437.07,food,2026-05-27 19:09:00
6,Mess Fee,436.65,food,2026-05-28 11:48:00
6,WIFI BILL,254.31,recharge,2026-05-28 11:49:00
6,Coursera,68.67,education,2026-05-28 13:36:00
6,CAFE COFFEE ,440.84,food,2026-06-01 07:57:00
6,Udemy,605.64,education,2026-06-01 13:40:00
6,UPI-ROOMMATE SPLIT-8084@okaxis,50.0,misc,2026-06-01 18:54:00
6,IrCTC TXN4295,20.0,food,2026-06-01 20:43:00
6,Dominos,157.5,food,2026-06-01 22:59:00
6,HOsTeL fEE,5962.14,rent,2026-06-02 06:18:00
6,Pg Rent Payment,7365.01,rent,2026-06-02 10:18:00
6,PETROL PUMP,142.11,transport,2026-06-02 20:11:00
6,HOSTEL FEE,5122.69,rent,2026-06-02 21:16:00
6,Hostel Fee,7975.3,rent,2026-06-03 06:30:00
6,HOSTEL FEE TXN80827,4711.71,rent,2026-06-03 16:37:00
6,Udemy,1197.49,education,2026-06-03 22:15:00
6,HOSTEL FEE REF9058,5394.87,rent,2026-06-03 23:21:00
6,VI PREPAID TXN89157,466.56,recharge,2026-06-04 07:56:00
6,Exam Fee Payment,785.63,education,2026-06-04 07:59:00
6,PG RENT PAYMENT/UPI/848807927,6851.24,rent,2026-06-04 08:14:00
6,LANDLORD TRASNFER,9769.96,rent,2026-06-04 08:30:00
6,HOSTEL FEE,6638.15,rent,2026-06-04 18:25:00
6,Pg rEnt payMENT*ORD843556,7528.08,rent,2026-06-05 08:05:00
6,DOmiNos/UPI/12472461,238.62,food,2026-06-05 11:19:00
6,oLA,337.86,transport,2026-06-05 15:14:00
6,UBER,82.93,transport,2026-06-05 15:33:00
6,LANDLORDT RANSFER,6931.62,rent,2026-06-05 16:39:00
6,Cafe Coffee Day*ORD504848,206.66,food,2026-06-06 12:19:00
6,MEESHO*ORD472007,139.38,shopping,2026-06-06 15:24:00
6,Myntra TXN73989,771.9,shopping,2026-06-07 12:20:00
6,AMAZON REF5417,1004.18,shopping,2026-06-07 22:10:00
6,UPI-UNKNOWN UPI-6757@okaxis,876.05,misc,2026-06-07 23:59:00
6,dominOS/UPI,247.17,food,2026-06-08 23:40:00
6,EXaM FEe pAyMent,741.86,education,2026-06-09 13:04:00
6,Udemy,517.91,education,2026-06-09 17:17:00
6,UBER,375.74,transport,2026-06-09 18:45:00
6,mESS fEE REF858,305.11,food,2026-06-10 11:27:00
6,Dominos,121.98,food,2026-06-10 15:39:00
6,UPI-UNKNOWN UPI-9762@okaxis,264.11,misc,2026-06-11 13:33:00
6,Mess Fee/UPI/336693079,370.31,food,2026-06-11 13:39:00
6,Uber TXN17,83.38,transport,2026-06-11 19:20:00
6,Irctc REF1391,20.0,transport,2026-06-12 11:38:00
6,Swiggy Instamart REF6129,259.06,food,2026-06-13 18:59:00
6,Jio Recharge,417.59,recharge,2026-06-13 23:51:00
6,ircTC/UPI/345411039,20.0,transport,2026-06-14 18:01:00
6,Rapido TXN59734,293.41,transport,2026-06-15 13:13:00
6,CITY BUS PASS,202.8,shopping,2026-06-17 16:48:00
6,ZOmATo REF5033,76.29,food,2026-06-17 23:24:00
6,AIRTEL PREPAID TXN79582,237.68,recharge,2026-06-19 06:30:00
6,SWIGGY INSTAMART/UPI/71008870,246.13,food,2026-06-19 18:31:00
6,Prime Video/UPI/778094295,310.87,entertainment,2026-06-19 19:23:00
6,UDEMY,674.05,transport,2026-06-20 10:57:00
6,Irctc,89.75,transport,2026-06-23 13:45:00
6,RAPIDO REF8423,195.27,transport,2026-06-23 18:03:00
6,EXAM FEE PAYMENT,668.63,education,2026-06-25 08:47:00
6,UPI-PRIYA S-3388@okaxis,583.6,misc,2026-06-26 10:04:00
6,MeeSho REF1721,367.96,shopping,2026-06-28 21:21:00
6,Netflix,79.0,entertainment,2026-06-28 23:10:00
7,BOOKMYSHOW*ORD783517,294.06,entertainment,2026-04-01 13:13:00
7,Amazon*ORD846376,323.69,shopping,2026-04-02 11:01:00
7,UPI-UNKNOWN UPI-4345@okaxis,383.35,misc,2026-04-02 11:46:00
7,AMAZON,100.0,shopping,2026-04-02 20:08:00
7,Bookmyshow REF5506,297.87,entertainment,2026-04-03 08:23:00
7,olA,68.27,education,2026-04-03 15:49:00
7,Hostel Fee*ORD906411,5549.54,rent,2026-04-03 21:09:00
7,Campus Caneten TXN54397,237.93,food,2026-04-04 14:00:00
7,Amazon/UPI/185537642,426.91,shopping,2026-04-04 21:14:00
7,Prime Video,243.82,entertainment,2026-04-04 22:15:00
7,UPI-PRIYA S-8761@okaxis,201.13,misc,2026-04-05 10:53:00
7,JIO RECHARGE,242.84,recharge,2026-04-06 13:08:00
7,OLA TXN43853,250.88,transport,2026-04-06 20:18:00
7,jIo reCHaRGE*ORD324954,475.51,recharge,2026-04-10 13:35:00
7,Vi PREPAid,99.0,recharge,2026-04-12 09:06:00
7,UPI-UNKNOWN UPI-8074@okaxis,50.0,misc,2026-04-12 17:53:00
7,Iv prePaId TXN92250,249.46,recharge,2026-04-14 10:23:00
7,Hotstar REF,79.0,entertainment,2026-04-15 13:43:00
7,COUrSERa/UPI/100099764,267.42,education,2026-04-17 18:34:00
7,HotsTAr,112.15,entertainment,2026-04-19 08:10:00
7,prIme vIdeo REF2965,79.0,entertainment,2026-04-19 08:37:00
7,ZOMaTo,472.13,food,2026-04-19 13:10:00
7,UDEMY,926.42,education,2026-04-22 22:39:00
7,COURSER AREF3,416.13,education,2026-04-27 17:12:00
7,Exam Fee Payment REF9689,1029.73,education,2026-05-01 12:26:00
7,Rapido*ORD79951,407.07,transport,2026-05-01 14:12:00
7,Cafe Coffee Day REF3581,124.52,food,2026-05-01 16:43:00
7,uDEMY TXN84431,376.89,education,2026-05-01 23:59:00
7,HOTSTAR,277.08,entertainment,2026-05-02 07:40:00
7,OLA REF5740,357.31,transport,2026-05-02 14:44:00
7,ColLegE fEE portAL TXN70517,518.56,education,2026-05-02 16:33:00
7,LANDLORD TRANSFER REF9166,8047.33,rent,2026-05-02 19:54:00
7,MeESho/UPI/953291422,936.29,shopping,2026-05-02 23:06:00
7,PG RENT PAYMENT,6029.59,rent,2026-05-03 07:51:00
7,SWIGGY*ORD415473,175.15,food,2026-05-03 17:09:00
7,UPI-PRIYA S-4854@okaxis,560.93,misc,2026-05-03 19:59:00
7,MesS feE*ORD177775,471.68,food,2026-05-03 22:37:00
7,Landlord Transfer TXN62850,6275.22,rent,2026-05-04 14:28:00
7,FlIPKART/UPI/989072843,956.76,shopping,2026-05-04 16:46:00
7,UPI-PRIYA S-7504@okaxis,50.0,misc,2026-05-04 17:14:00
7,Udemy,1645.16,education,2026-05-04 20:37:00
7,Landlord Trans,9360.98,rent,2026-05-04 22:43:00
7,UPI-MESS SECRETARY-2161@okaxis,994.39,misc,2026-05-05 09:04:00
7,SPOTIFY*ORD910701,79.0,entertainment,2026-05-05 11:34:00
7,Airtel Prepaid,407.06,recharge,2026-05-05 14:06:00
7,VI PREPAID ,99.0,recharge,2026-05-05 20:42:00
7,AjIo TXN25429,710.02,rent,2026-05-06 23:25:00
7,DOMINOS*ORD928404,309.72,food,2026-05-07 09:27:00
7,UPI-FRIEND REPAYMENT-8405@okaxis,890.62,misc,2026-05-07 13:01:00
7,nETfLiX*ORD2,318.7,entertainment,2026-05-08 14:01:00
7,IrCtC,202.36,transport,2026-05-08 16:40:00
7,WIFI bilL,309.02,recharge,2026-05-08 18:09:00
7,VI PREPAID/UPI/874301128,345.28,recharge,2026-05-08 19:48:00
7,MESS FEE,180.65,food,2026-05-09 17:50:00
7,UBER REF6829,81.16,transport,2026-05-09 19:06:00
7,UPI-RAHUL K-2040@okaxis,852.04,misc,2026-05-09 20:49:00
7,SPOTIFY,389.9,entertainment,2026-05-09 22:04:00
7,Jio Recharge,384.28,recharge,2026-05-09 23:16:00
7,Coursera,78.86,education,2026-05-10 23:21:00
7,CoLleGe fEE PORTAl*ORD735015,296.42,education,2026-05-11 18:15:00
7,FLIPKART REF7978,521.31,shopping,2026-05-12 18:59:00
7,Flipkart TXN29216,138.6,shopping,2026-05-13 16:54:00
7,Rapido,147.08,transport,2026-05-14 09:33:00
7,Airtel Prepaid/UPI/562954251,283.67,recharge,2026-05-16 16:03:00
7,CAmPUS cANtee,79.77,food,2026-05-16 16:57:00
7,DOMINOS,140.03,transport,2026-05-16 20:20:00
7,UPI-PRIYA S-8151@okaxis,458.32,misc,2026-05-16 20:34:00
7,piRmE ViDEo,239.88,entertainment,2026-05-17 18:32:00
7,ZOMATO*ORD313051,293.2,food,2026-05-17 21:02:00
7,UPI-RAHUL K-8231@okaxis,653.46,misc,2026-05-17 22:51:00
7,UPI-RAHUL K-3282@okaxis,106.45,misc,2026-05-17 23:21:00
7,Dominos,279.38,food,2026-05-18 15:25:00
7,UPI-ROOMMATE SPLIT-8825@okaxis,50.0,misc,2026-05-18 20:28:00
7,AirtEL PREpAId,181.17,recharge,2026-05-19 08:32:00
7,WIFI BILL TXN894,502.59,recharge,2026-05-19 09:33:00
7,PRINTOUT SHOP/UPI/293755612,1047.21,education,2026-05-20 19:24:00
7,College Fee Portal,50.0,education,2026-05-24 12:30:00
7,Jio Rceharge REF8606,99.0,food,2026-05-24 22:25:00
7,UPI-FRIEND REPAYMENT-9719@okaxis,50.0,misc,2026-05-24 22:31:00
7,UPI-FRIEND REPAYMENT-5699@okaxis,379.16,misc,2026-05-26 11:55:00
7,UBER/UPI/416117648,154.56,transport,2026-05-27 21:18:00
7,spOTify,188.94,entertainment,2026-05-28 06:19:00
7,Coursera*ORD651773,1190.44,education,2026-05-28 09:13:00
7,Swiggy Instamart*ORD303591,216.42,food,2026-06-01 15:43:00
7,Landlord Transfer,6929.62,rent,2026-06-02 15:11:00
7,PG RenT PAYM,7715.56,rent,2026-06-03 20:46:00
7,LANDLORD TRANSFER TXN97789,7519.76,rent,2026-06-04 12:55:00
7,ajIo/UPI/239345807,1035.85,shopping,2026-06-04 16:07:00
7,Hostel Fee/UPI/289989124,6298.45,rent,2026-06-05 15:49:00
7,Meesho REF1102,100.0,shopping,2026-06-06 08:05:00
7,Myntra,1224.38,shopping,2026-06-06 20:27:00
7,SWIGGY/UPI/935778172,256.49,food,2026-06-07 06:43:00
7,UPI-MESS SECRETARY-4871@okaxis,128.75,misc,2026-06-07 08:17:00
7,Rapido REF3842,215.23,transport,2026-06-08 11:06:00
7,cAFe CofFEe DAy/UPI/300362150,142.96,food,2026-06-09 08:52:00
7,RAPIDO*ORD750925,105.53,transport,2026-06-10 13:54:00
7,WIFI BILL REF858,261.52,recharge,2026-06-11 22:17:00
7,WiFI BiLl TXN88105,99.0,recharge,2026-06-12 10:51:00
7,UPI-FRIEND REPAYMENT-6254@okaxis,900.3,misc,2026-06-13 10:52:00
7,COLLEGE FEE PORTAL,50.0,education,2026-06-15 10:34:00
7,hOTstAR TX,79.0,entertainment,2026-06-15 11:33:00
7,HOTSTAR,354.12,entertainment,2026-06-17 07:12:00
7,aJIo,100.0,shopping,2026-06-18 23:55:00
7,AIRTEL PREPAID TXN57750,399.44,recharge,2026-06-19 23:58:00
7,dOmInoS/UPI/132102471,289.16,food,2026-06-20 16:12:00
7,Neftlix,125.63,entertainment,2026-06-21 10:41:00
7,College Fee Portal,103.75,education,2026-06-22 14:36:00
7,UBER/UPI/724893002,290.73,transport,2026-06-24 14:30:00
7,HOTSTAR,79.0,entertainment,2026-06-24 23:04:00
7,dOmINoS,125.97,food,2026-06-25 23:10:00
8,PG RENT PAYMENT,8497.02,rent,2026-04-02 12:06:00
8,NETFLIX,289.9,entertainment,2026-04-02 19:21:00
8,Printout Shop TXN76964,767.66,education,2026-04-04 15:19:00
8,zOMatO,510.74,food,2026-04-04 20:28:00
8,AITREL PREPAID R,99.0,recharge,2026-04-04 23:42:00
8,BOOkMYSHoW,231.97,entertainment,2026-04-05 06:37:00
8,Myntra,614.2,shopping,2026-04-06 08:39:00
8,PRIME VIDEO*ORD378925,79.0,entertainment,2026-04-07 10:08:00
8,Ola,178.65,rent,2026-04-07 22:13:00
8,amAZon TXN31217,1013.81,shopping,2026-04-09 06:03:00
8,Amazon,675.97,shopping,2026-04-09 06:46:00
8,Printout Shop,316.25,education,2026-04-09 20:32:00
8,CAfE cOFFEe dAY TXN85569,339.03,food,2026-04-09 21:13:00
8,swigGY*ORD589,174.97,food,2026-04-10 08:25:00
8,SPOTIFY/UPI/474664565,167.89,entertainment,2026-04-10 13:07:00
8,SPOtIFY,191.8,entertainment,2026-04-10 16:21:00
8,OLA REF2943,273.63,transport,2026-04-12 18:31:00
8,Myntra TXN42935,631.39,shopping,2026-04-13 17:49:00
8,PRINTOUT SHOP TXN76120,1653.02,education,2026-04-13 22:59:00
8,bOOKMYSHOw,317.45,entertainment,2026-04-14 10:01:00
8,rApidO,195.83,transport,2026-04-14 21:51:00
8,UPI-MESS SECRETARY-1740@okaxis,50.49,misc,2026-04-19 20:11:00
8,MYntRA,551.83,shopping,2026-04-20 10:08:00
8,UPI-UNKNOWN UPI-5637@okaxis,1065.61,misc,2026-04-20 21:44:00
8,Udemy,1064.91,education,2026-04-22 08:48:00
8,PrInTouT Shop REF3900,50.0,education,2026-04-23 18:25:00
8,IRCTC*ORD391431,118.91,transport,2026-04-24 12:10:00
8,oLA*ORD498978,201.6,transport,2026-04-27 10:08:00
8,UPI-FRIEND REPAYMENT-5073@okaxis,223.73,misc,2026-04-27 20:24:00
8,COUSRERA,50.0,education,2026-04-27 22:34:00
8,SPOTIFy*ORD936457,131.28,entertainment,2026-05-01 09:35:00
8,DOMINOS REF2674,250.44,food,2026-05-01 12:04:00
8,AmAZoN,305.92,shopping,2026-05-01 22:53:00
8,IRCCT,271.18,transport,2026-05-01 22:55:00
8,RAPIDO REF1473,226.65,transport,2026-05-01 23:49:00
8,LANDLORD TRANSFER,8533.86,rent,2026-05-02 07:13:00
8,HSOTEL FEE REF3612,4000.0,rent,2026-05-02 14:21:00
8,Landlord Transfer,4915.64,rent,2026-05-03 06:45:00
8,SpotIfY REF6740,170.38,entertainment,2026-05-03 09:16:00
8,VI PREPAID RE,363.84,recharge,2026-05-03 11:29:00
8,Campus Cantee,81.21,food,2026-05-03 14:21:00
8,Swiggy*ORD360702,241.06,food,2026-05-03 20:57:00
8,Landlord Tra,4531.9,rent,2026-05-03 22:50:00
8,JIO RECHARGE TXN78422,99.0,recharge,2026-05-04 06:07:00
8,aIrTel PrEpAid,428.42,recharge,2026-05-04 09:35:00
8,Irctc,346.01,transport,2026-05-04 11:48:00
8,ICTY BUS PASS*ORD707407,276.08,transport,2026-05-04 13:45:00
8,hOstEL FeE,10436.41,rent,2026-05-04 14:44:00
8,Landlord Transfer,6633.77,rent,2026-05-04 16:09:00
8,LANdloRD trANsfEr REF2080,7680.3,rent,2026-05-04 21:55:00
8,Pg Rent Payment REF9066,10659.63,rent,2026-05-04 22:21:00
8,landLOrD tranSfER/UPI/640136501,9420.57,rent,2026-05-05 09:53:00
8,AMazON/UPI/1381,1776.22,shopping,2026-05-06 08:53:00
8,PETROL PUMP REF8451,20.0,transport,2026-05-06 14:41:00
8,spOTifY TXN95486,229.31,entertainment,2026-05-06 16:48:00
8,UPI-ROOMMATE SPLIT-1252@okaxis,230.77,misc,2026-05-06 20:38:00
8,JIO RECHARGE REF5716,457.64,education,2026-05-07 10:48:00
8,UPI-FRIEND REPAYMENT-4314@okaxis,239.98,misc,2026-05-07 21:26:00
8,College Fee Portal/UPI/8,1225.42,education,2026-05-08 06:41:00
8,Irctc/UPI/437957665,292.44,transport,2026-05-09 06:50:00
8,Bookmyshow REF7693,79.0,entertainment,2026-05-09 06:51:00
8,CAFE COFFEE DAY REF4513,289.4,food,2026-05-09 14:39:00
8,Dominos*ORD7235,443.23,food,2026-05-09 21:36:00
8,SwiGgy InSAtmAr,130.55,food,2026-05-09 21:58:00
8,UPI-FRIEND REPAYMENT-7639@okaxis,350.23,misc,2026-05-10 12:24:00
8,Swigyg,101.43,food,2026-05-10 21:24:00
8,UPI-UNKNOWN UPI-9863@okaxis,412.48,misc,2026-05-12 15:00:00
8,Aitrel Prepaid/UPI/831243679,394.61,recharge,2026-05-12 23:30:00
8,Petrol Pump/UPI/502701150,282.66,transport,2026-05-14 08:33:00
8,ZOMATO TXN22045,40.0,food,2026-05-15 12:38:00
8,AirTeL PrepAId*ORD268485,378.01,recharge,2026-05-15 14:17:00
8,Prime Video,243.29,entertainment,2026-05-15 20:05:00
8,Spotify,327.26,entertainment,2026-05-16 16:56:00
8,AMAZON/UPI/499978780,100.0,shopping,2026-05-17 13:06:00
8,UPI-ROOMMATE SPLIT-9520@okaxis,306.23,misc,2026-05-17 15:34:00
8,RApido*ORD586352,347.04,transport,2026-05-18 14:03:00
8,cAFE cOFFEE DaY*ORD183487,556.48,food,2026-05-18 21:30:00
8,MeSs FeE*ORD173802,248.15,food,2026-05-19 08:08:00
8,PRINTOUT SHOP,758.44,education,2026-05-19 12:00:00
8,SWIggY TXN43886,341.81,food,2026-05-19 16:08:00
8,RAPIDOU/PI,20.0,transport,2026-05-20 13:44:00
8,UPI-FRIEND REPAYMENT-8951@okaxis,50.0,misc,2026-05-21 11:30:00
8,Prime Video,228.2,entertainment,2026-05-21 22:09:00
8,JIO RECHARGE/UPI/169159137,334.59,recharge,2026-05-22 10:08:00
8,Swiggy Instamart*ORD230620,271.09,food,2026-05-23 23:48:00
8,eXAM fEE payMeNt REF127,820.7,education,2026-05-24 15:59:00
8,DOMINOS*ORD631337,211.93,food,2026-05-24 22:34:00
8,UPI-RAHUL K-7078@okaxis,50.0,misc,2026-05-26 10:23:00
8,EXAM FEE PAYM,221.46,education,2026-05-26 13:04:00
8,Meesho,801.32,shopping,2026-05-27 15:33:00
8,aIrtEl prEPAId TXN19658,339.21,recharge,2026-05-28 17:57:00
8,Coursera,463.23,education,2026-06-02 19:38:00
8,SpOtIfy RE,206.98,entertainment,2026-06-03 12:59:00
8,COURSERA*ORD312,265.22,education,2026-06-04 07:34:00
8,Pg Rent Payment TXN27654,8411.16,rent,2026-06-04 17:24:00
8,Hostel Fee REF8224,5515.56,rent,2026-06-05 07:37:00
8,Dominos/UPI/761710897,234.59,food,2026-06-05 22:05:00
8,FILPKART,600.83,shopping,2026-06-06 07:32:00
8,UPI-PRIYA S-1221@okaxis,50.0,misc,2026-06-06 11:54:00
8,Printout Shop,50.0,education,2026-06-06 18:00:00
8,cOLlEgE FEE poRtAL,730.03,education,2026-06-08 18:23:00
8,hOSTTaR,388.8,entertainment,2026-06-09 22:06:00
8,JIO rEcHARGE/UPI/336870821,102.63,recharge,2026-06-11 18:06:00
8,IRCTC/UPI/884185895,116.32,transport,2026-06-11 19:32:00
8,Ajio,100.0,shopping,2026-06-11 23:32:00
8,HOTSTAR/UPI/3831,317.75,entertainment,2026-06-13 09:47:00
8,FLIPKART,155.7,shopping,2026-06-13 18:53:00
8,UPI-PRIYA S-7028@okaxis,59.45,misc,2026-06-15 16:08:00
8,ZOMATO REF2621,114.44,food,2026-06-20 20:00:00
8,cAMpUS caNtE,211.24,food,2026-06-23 21:36:00
8,Bookmyshow*ORD486478,79.0,entertainment,2026-06-25 06:03:00
8,UPI-PRIYA S-7304@okaxis,427.91,misc,2026-06-25 11:17:00
8,hoTsTar REF1213,79.0,entertainment,2026-06-28 19:59:00
9,Coursera REF2765,978.33,education,2026-04-01 11:18:00
9,UPI-UNKNOWN UPI-3307@okaxis,77.0,misc,2026-04-02 18:45:00
9,AIrTEL PRepAID*ORD164176,222.21,recharge,2026-04-03 11:26:00
9,Prime Video/UPI/621,79.0,entertainment,2026-04-03 13:50:00
9,AJIO,318.55,shopping,2026-04-03 18:52:00
9,Wifi Bill,296.47,recharge,2026-04-04 08:10:00
9,Vi Preapid,571.77,recharge,2026-04-05 06:15:00
9,MEESHO*ORD136446,670.3,shopping,2026-04-05 08:27:00
9,HOSTEL FEET XN67389,5989.76,rent,2026-04-05 08:31:00
9,UPI-UNKNOWN UPI-8983@okaxis,264.69,misc,2026-04-05 10:41:00
9,PG renT pAYMEnt/UPI/477927960,7418.49,rent,2026-04-05 21:59:00
9,wiFI bill,124.7,recharge,2026-04-06 06:08:00
9,COURSERA/UPI/151601803,311.8,education,2026-04-06 11:24:00
9,Bookmyshow*ORD938108,314.24,entertainment,2026-04-06 15:23:00
9,vI prepAID*ORD369901,345.07,recharge,2026-04-06 15:54:00
9,RaPdIO,176.87,transport,2026-04-06 20:42:00
9,UPI-PRIYA S-6218@okaxis,50.0,misc,2026-04-07 09:19:00
9,PRIME VIDEO TXN47,79.0,entertainment,2026-04-07 18:14:00
9,Vi Prepaid,230.53,recharge,2026-04-07 18:26:00
9,BOOKMYSHOW TXN93287,79.0,entertainment,2026-04-08 21:39:00
9,AJIO,299.0,food,2026-04-08 23:48:00
9,MYNTRA,921.65,shopping,2026-04-12 15:15:00
9,FLiPKArt,674.43,shopping,2026-04-14 10:10:00
9,Spotify TXN66360,367.16,entertainment,2026-04-14 19:05:00
9,UPI-ROOMMATE SPLIT-5317@okaxis,1331.88,misc,2026-04-15 17:04:00
9,Vi Prepaid TXN45342,312.07,recharge,2026-04-17 18:54:00
9,BOOKMYSHOW*ORD327216,79.0,entertainment,2026-04-18 12:48:00
9,SWIGGY/UPI/632234943,297.35,food,2026-04-18 23:43:00
9,UPI-FRIEND REPAYMENT-1821@okaxis,50.0,misc,2026-04-19 16:24:00
9,aiRTeL PrepAid TXN28794,256.57,recharge,2026-04-20 07:46:00
9,RAPIDO,98.47,transport,2026-04-20 13:38:00
9,Myntra,711.15,shopping,2026-04-23 09:39:00
9,UPI-FRIEND REPAYMENT-1459@okaxis,1184.21,misc,2026-04-23 20:50:00
9,hOTstAr*ORD600338,135.76,entertainment,2026-04-24 14:01:00
9,RApIdO,165.03,transport,2026-04-24 22:23:00
9,MeSS fee,217.25,food,2026-04-24 23:16:00
9,RapiDo*ORD297447,313.7,transport,2026-04-25 18:26:00
9,VI PREPAID*ORD498623,99.0,recharge,2026-04-26 07:40:00
9,HOTSTAR,442.44,entertainment,2026-04-28 23:54:00
9,Airtel Prepaid/UPI/646652839,223.76,recharge,2026-05-01 09:16:00
9,Petrol Pump,167.01,shopping,2026-05-01 18:27:00
9,wIFi BiLL,500.89,recharge,2026-05-01 18:59:00
9,COLLEGE FEE PORTAL TXN33937,50.0,education,2026-05-01 19:28:00
9,SPOTIFY,79.0,entertainment,2026-05-01 21:14:00
9,PG RENT PAYMENT*ORD741449,4009.4,rent,2026-05-02 06:44:00
9,Flipkart,1004.05,shopping,2026-05-02 11:30:00
9,pg ren TPAyMeNT,7496.32,rent,2026-05-02 11:42:00
9,Pg Rent Payment/UPI/529991641,6564.59,rent,2026-05-02 11:56:00
9,Meesho,100.0,shopping,2026-05-02 14:19:00
9,WIFI BILL*ORD894780,248.63,recharge,2026-05-02 17:28:00
9,HOSTEL FEE,8841.5,rent,2026-05-02 21:27:00
9,Pg Rent Payment*ORD722918,7561.08,rent,2026-05-02 21:28:00
9,Meesho TXN55436,359.16,shopping,2026-05-03 10:12:00
9,PEtrol pUmP,345.41,transport,2026-05-03 11:04:00
9,HOSTEL FEE TXN88588,7401.09,rent,2026-05-03 13:58:00
9,SWIGGY/UPI/5532,449.48,food,2026-05-03 21:23:00
9,Hostel Fee,8488.06,rent,2026-05-03 21:40:00
9,AIRTEL PREP,254.23,recharge,2026-05-04 08:16:00
9,SPOTIFY TXN44166,82.61,entertainment,2026-05-04 21:09:00
9,PG rEnT PAYmENT*ORD806042,6851.67,rent,2026-05-05 06:20:00
9,SWiGgy,142.5,food,2026-05-05 07:44:00
9,HOSTEL FEE ,5997.86,rent,2026-05-05 12:15:00
9,hOstEl FEE REF3953,8250.29,rent,2026-05-05 15:15:00
9,hOSTel fEe REF1697,7482.55,transport,2026-05-05 17:18:00
9,HOSTEL FEE/UPI/716293206,8378.61,rent,2026-05-05 17:20:00
9,sPOTIfy/UPI/1,215.07,entertainment,2026-05-05 18:51:00
9,Rapido,173.05,transport,2026-05-06 07:08:00
9,CouRsErA TXN8314,1051.54,education,2026-05-06 08:23:00
9,BOOkMyShoW/UPI/271753941,185.11,entertainment,2026-05-06 09:55:00
9,Ola,131.7,transport,2026-05-07 07:04:00
9,EXAM FEE PAYMENT REF5421,50.0,education,2026-05-07 12:09:00
9,COLLEGE FEE PORTAL/UPI/566061332,651.41,education,2026-05-07 17:34:00
9,Irctc/UPI/986339543,112.03,transport,2026-05-07 22:22:00
9,Amazon/UPI/246621292,100.0,shopping,2026-05-08 21:37:00
9,ZOMATO,67.08,food,2026-05-09 06:00:00
9,Petrol Pump REF1572,295.57,transport,2026-05-09 06:07:00
9,hOTSTAr*ORD26,305.77,entertainment,2026-05-09 06:21:00
9,COURSERA TXN46612,734.69,education,2026-05-09 12:09:00
9,MYNTRA/UPI/738286878,844.29,shopping,2026-05-09 16:14:00
9,UPI-UNKNOWN UPI-6883@okaxis,177.91,misc,2026-05-09 19:52:00
9,boOkmYsHOW T,79.0,entertainment,2026-05-10 09:58:00
9,AJIO REF2124,257.01,shopping,2026-05-10 10:07:00
9,SPOTIFY*ORD712165,179.09,entertainment,2026-05-10 17:11:00
9,WIFI BILl*ORD318381,330.48,recharge,2026-05-10 21:01:00
9,AJIO REF8862,100.0,shopping,2026-05-10 22:51:00
9,JIO RECHARGE/UPI/969315458,99.0,recharge,2026-05-11 13:55:00
9,COURSERA,735.0,education,2026-05-11 17:17:00
9,Printout Sh,1234.12,education,2026-05-11 20:13:00
9,UPI-MESS SECRETARY-9310@okaxis,367.74,misc,2026-05-11 22:13:00
9,ZOmato,393.05,food,2026-05-12 07:32:00
9,College Fe,684.82,education,2026-05-12 09:05:00
9,jIO RechArGE,136.64,recharge,2026-05-12 14:16:00
9,UDEMY*ORD598908,890.66,education,2026-05-12 23:37:00
9,FLIPKART/UPI/513688446,548.21,shopping,2026-05-13 22:04:00
9,COLLEGE FEE ,445.6,education,2026-05-14 11:42:00
9,prinTout ShOp TXN40991,384.98,education,2026-05-14 13:06:00
9,AIRTEL PRE,115.23,recharge,2026-05-14 15:46:00
9,Amazon/UPI/314145782,1128.35,transport,2026-05-16 21:29:00
9,ACMPUS CANTEEN*ORD117030,454.88,food,2026-05-17 08:09:00
9,hotStAr,553.95,entertainment,2026-05-17 16:39:00
9,Bookmyshow TXN75824,79.0,entertainment,2026-05-17 20:12:00
9,COURSERA,50.0,education,2026-05-18 10:38:00
9,petroL uPmP,428.32,transport,2026-05-18 11:22:00
9,CAMPUS CANTEEN,305.28,food,2026-05-18 21:36:00
9,UPI-MESS SECRETARY-4662@okaxis,50.0,misc,2026-05-19 13:21:00
9,camPUS cAnTeeN*ORD,372.78,food,2026-05-19 13:49:00
9,AJIO,460.44,shopping,2026-05-19 18:53:00
9,UPI-ROOMMATE SPLIT-1607@okaxis,56.2,misc,2026-05-19 19:07:00
9,Hotstar,192.27,entertainment,2026-05-20 07:15:00
9,zOMatO TXN88025,117.03,food,2026-05-20 11:30:00
9,UPI-ROOMMATE SPLIT-1147@okaxis,255.51,misc,2026-05-20 16:42:00
9,Myntra,904.0,shopping,2026-05-20 19:12:00
9,UPI-RAHUL K-3266@okaxis,50.0,misc,2026-05-20 19:36:00
9,flIPKarT,142.62,shopping,2026-05-20 19:51:00
9,UBER/UPI/888895427,218.28,entertainment,2026-05-22 10:23:00
9,uDEMy,366.54,education,2026-05-22 16:54:00
9,ubER,112.91,transport,2026-05-22 19:25:00
9,Rapido*ORD729965,197.2,transport,2026-05-23 10:50:00
9,UPI-MESS SECRETARY-3236@okaxis,50.0,misc,2026-05-25 22:47:00
9,EXAM FEE PAYMENT/UPI/915588814,406.21,education,2026-05-26 06:16:00
9,PetrOL PuMp,166.02,transport,2026-05-27 13:17:00
9,AJIO,100.0,shopping,2026-05-27 17:36:00
9,UPI-ROOMMATE SPLIT-3798@okaxis,515.5,misc,2026-05-27 20:34:00
9,COURSERA/U,401.83,education,2026-06-01 09:44:00
9,UPI-PRIYA S-9658@okaxis,679.82,misc,2026-06-01 23:59:00
9,PG RNET PayMEnt TXN44668,9296.13,rent,2026-06-02 07:39:00
9,AMaZON TXN86280,682.24,shopping,2026-06-02 13:00:00
9,HOSTEL FEE,6679.84,rent,2026-06-02 13:48:00
9,Pg Rent Payment REF4156,7899.89,rent,2026-06-02 18:57:00
9,LANDLORD TRANSFER*,8828.14,rent,2026-06-03 06:46:00
9,Landlord Transfer,6079.9,rent,2026-06-03 07:59:00
9,PETROL PUMP REF1714,156.8,transport,2026-06-03 11:54:00
9,Vi PrEPaiD,191.77,recharge,2026-06-03 17:53:00
9,Hostel Fee,6494.37,rent,2026-06-03 23:32:00
9,hosTEl fEe TXN50517,9236.09,rent,2026-06-04 19:56:00
9,pg rENt PAyment,6546.3,rent,2026-06-04 20:42:00
9,Netflix TXN6,158.39,entertainment,2026-06-04 21:00:00
9,CoUrsErA,496.34,education,2026-06-04 21:19:00
9,PG RENT PAYMENT,7223.0,rent,2026-06-05 23:34:00
9,hotSTar,79.0,entertainment,2026-06-08 06:38:00
9,UPI-PRIYA S-2955@okaxis,776.26,misc,2026-06-08 18:33:00
9,cOLLeGE FeE PORTaL/UPI/982052713,662.16,education,2026-06-09 08:44:00
9,WIFI BILL REF5710,275.56,recharge,2026-06-10 06:42:00
9,MEsS FEe/UPI/110384822,193.82,food,2026-06-11 20:18:00
9,Prime Video REF1879,79.0,transport,2026-06-12 21:17:00
9,HOTSTAR,79.0,entertainment,2026-06-13 19:21:00
9,UPI-UNKNOWN UPI-1056@okaxis,50.0,misc,2026-06-22 22:33:00
9,AMAZON/UPI/504696908,893.25,shopping,2026-06-23 10:13:00
9,UbEr,141.54,transport,2026-06-26 10:11:00
9,Rapido,213.56,transport,2026-06-27 10:27:00
10,Printou tShop REF5431,1495.61,education,2026-04-01 08:47:00
10,Airtel Prepaid,99.0,recharge,2026-04-01 12:02:00
10,AIRTEL PREPAID,99.0,recharge,2026-04-01 16:02:00
10,Campus caNTeEN,188.53,food,2026-04-03 17:48:00
10,Zomato*ORD535685,40.0,food,2026-04-03 20:45:00
10,Hostel Fee REF2853,6335.08,rent,2026-04-03 21:11:00
10,LAnDlOrD tRaNsfer,5672.8,rent,2026-04-04 08:22:00
10,Prime Video REF6867,266.89,entertainment,2026-04-04 19:58:00
10,AJIO,741.68,shopping,2026-04-05 11:14:00
10,JIO RECHARGE,470.68,recharge,2026-04-05 11:45:00
10,HoTSTaR/UPI/437445494,79.0,entertainment,2026-04-05 20:43:00
10,UPI-PRIYA S-1294@okaxis,596.84,misc,2026-04-05 20:50:00
10,MEsS FEE*O,326.28,food,2026-04-05 23:52:00
10,UPI-ROOMMATE SPLIT-8828@okaxis,57.71,misc,2026-04-06 18:44:00
10,WIFI BILL REF1,218.6,recharge,2026-04-06 22:37:00
10,COURSERA*ORD210171,806.76,education,2026-04-07 10:46:00
10,HoTsTaR,359.49,entertainment,2026-04-07 14:04:00
10,Ola TXN48367,197.02,transport,2026-04-07 21:40:00
10,MEEsHo*ORD536857,642.35,shopping,2026-04-08 09:16:00
10,AirtEL prEpAid*ORD532834,224.06,recharge,2026-04-08 09:55:00
10,Ola/UPI/598050069,20.0,transport,2026-04-09 07:06:00
10,EXam FeE PAYMEnT REF9072,107.25,education,2026-04-09 14:08:00
10,Coursera*ORD669273,1694.38,education,2026-04-09 21:03:00
10,Netflix REF7445,197.94,entertainment,2026-04-09 21:44:00
10,PRIME VIDEO/UPI/76,175.9,entertainment,2026-04-10 23:06:00
10,pRImE VIDeO,79.0,entertainment,2026-04-11 09:06:00
10,DOMINOS*ORD5639,40.0,food,2026-04-11 11:42:00
10,CiTy BUs pAsS REF3003,20.0,transport,2026-04-15 19:14:00
10,Zomato,56.18,food,2026-04-15 21:08:00
10,COLLEGE FE,50.0,education,2026-04-15 22:16:00
10,COLLEGE FEE PORTAL,1023.94,education,2026-04-16 12:46:00
10,NETFLIX,156.22,entertainment,2026-04-16 18:30:00
10,priNtouT shoP*ORD197419,50.0,education,2026-04-17 22:39:00
10,Ola,80.82,transport,2026-04-19 09:09:00
10,Jio Recharge,506.76,recharge,2026-04-20 06:11:00
10,Irctc/UPI/351481310,84.45,transport,2026-04-20 19:57:00
10,UPI-MESS SECRETARY-4550@okaxis,820.7,misc,2026-04-22 13:23:00
10,UPI-ROOMMATE SPLIT-3053@okaxis,419.72,misc,2026-04-24 16:25:00
10,Cafe Coffee Day,295.8,transport,2026-04-25 07:07:00
10,UPI-FRIEND REPAYMENT-3605@okaxis,312.8,misc,2026-04-26 20:10:00
10,UPI-MESS SECRETARY-2313@okaxis,924.6,misc,2026-04-28 18:47:00
10,UBER,187.06,transport,2026-05-01 06:07:00
10,Irctc REF0707,354.27,transport,2026-05-01 08:12:00
10,Netflix,148.65,entertainment,2026-05-01 09:36:00
10,UDEMy*ORD65,50.0,food,2026-05-01 10:11:00
10,RAPIDO TNX93006,152.55,transport,2026-05-01 13:00:00
10,PRIME VDIEO*ORD347660,79.0,entertainment,2026-05-01 21:35:00
10,IrctC/UPI/4303393,71.17,transport,2026-05-02 06:05:00
10,meESho TXN81071,1009.48,shopping,2026-05-02 06:31:00
10,MYNTRA*ORD951077,1294.88,shopping,2026-05-02 11:47:00
10,PG RENt PayMEnT,9292.7,rent,2026-05-02 13:33:00
10,Pg Rent Pay,7402.89,rent,2026-05-02 14:02:00
10,COURSERA*ORD466594,889.44,education,2026-05-02 14:12:00
10,LanDloRD traNsFeR TXN87969,7761.75,rent,2026-05-02 16:07:00
10,PG RENT PAYMENT REF5138,7085.52,rent,2026-05-02 17:37:00
10,MESS FEE,501.87,food,2026-05-02 18:01:00
10,laNdLORd trAnsFEr,7807.44,rent,2026-05-02 19:18:00
10,Landlord Transfer,10247.5,rent,2026-05-02 22:00:00
10,UPI-ROOMMATE SPLIT-7775@okaxis,593.95,misc,2026-05-03 08:44:00
10,Uber TXN22209,20.0,transport,2026-05-03 08:55:00
10,rAPIdo,217.86,transport,2026-05-03 12:40:00
10,Hotstar,379.23,entertainment,2026-05-03 14:16:00
10,CourSERa,233.91,education,2026-05-03 14:23:00
10,Landlord Transfer,7683.83,rent,2026-05-03 16:26:00
10,UBER*ORD165,240.4,transport,2026-05-03 22:01:00
10,LANdLOrD trANsfer,6034.72,shopping,2026-05-04 09:44:00
10,Ola,294.05,transport,2026-05-04 11:39:00
10,Gp renT PaymeNt,7592.01,rent,2026-05-04 11:46:00
10,UPI-ROOMMATE SPLIT-5428@okaxis,990.79,misc,2026-05-04 14:23:00
10,AMAZON/UPI/462083089,918.33,shopping,2026-05-04 19:04:00
10,Zomato,114.52,food,2026-05-04 20:34:00
10,HOSTEL Fee,8391.76,rent,2026-05-04 22:47:00
10,Pg Rent Payment TXN41200,9504.86,rent,2026-05-05 11:30:00
10,PG RENT PAYMENT REF1242,7834.35,rent,2026-05-05 13:11:00
10,Landlord Transfer,5206.18,rent,2026-05-05 15:22:00
10,UPI-PRIYA S-5402@okaxis,150.87,misc,2026-05-05 16:21:00
10,Wifi Bill,158.53,recharge,2026-05-05 18:11:00
10,SPOTIFY*ORD590145,268.29,entertainment,2026-05-05 20:27:00
10,VI PREPAID*ORD333104,410.88,recharge,2026-05-05 21:57:00
10,Wifi bilL TXN69,124.12,recharge,2026-05-06 12:19:00
10,ExAm fee pAYmENt TXN79374,327.43,transport,2026-05-06 12:28:00
10,Amazon REF5951,840.58,shopping,2026-05-06 16:36:00
10,College Fee Portal REF2103,1633.72,education,2026-05-06 23:44:00
10,UPI-PRIYA S-5815@okaxis,233.15,misc,2026-05-07 17:46:00
10,Buer TXN38322,298.59,transport,2026-05-08 09:00:00
10,AJIO,1242.85,shopping,2026-05-08 12:37:00
10,OLA/UPI/286255714,172.16,transport,2026-05-08 15:22:00
10,ircTC,106.16,transport,2026-05-08 15:29:00
10,EXAM FEE PAYMENT,651.72,education,2026-05-08 16:51:00
10,CITY BUS PASS/UPI/807050777,33.41,transport,2026-05-08 20:07:00
10,iRCtC,24.37,transport,2026-05-09 09:52:00
10,prIMe ViDeO REF8679,280.98,entertainment,2026-05-09 11:45:00
10,swIGGY iNstamaRt TXN73690,302.09,food,2026-05-09 15:17:00
10,COURseRa TXN29067,50.0,education,2026-05-09 19:24:00
10,Irctc,178.89,transport,2026-05-09 23:22:00
10,IRCTC REF7691,20.0,transport,2026-05-10 11:26:00
10,prINtOUT shO,50.0,education,2026-05-11 08:13:00
10,UPI-FRIEND REPAYMENT-2168@okaxis,565.15,misc,2026-05-11 10:49:00
10,cAmPUs cAnteEn,275.96,food,2026-05-11 13:10:00
10,Prime Video,131.6,entertainment,2026-05-11 19:26:00
10,zOmatO,145.99,food,2026-05-11 21:15:00
10,MESS FEE/UPI/695586259,40.0,rent,2026-05-12 09:47:00
10,AIRTEL PREPAID/UPI/903761910,316.69,recharge,2026-05-12 16:41:00
10,OLA,166.38,transport,2026-05-13 11:29:00
10,VI pRepAId*ORD237114,429.49,recharge,2026-05-13 11:55:00
10,UPI-UNKNOWN UPI-9757@okaxis,942.94,misc,2026-05-14 08:28:00
10,BOoKMyShOW,142.38,shopping,2026-05-14 10:48:00
10,UPI-PRIYA S-6164@okaxis,496.39,misc,2026-05-14 12:49:00
10,SWIGGY*ORD100258,125.12,food,2026-05-14 21:28:00
10,AIRTEL PREPAID TXN82873,99.0,recharge,2026-05-14 22:38:00
10,Printout Shop*ORD888117,788.97,education,2026-05-15 10:31:00
10,Coursera*ORD583493,319.59,education,2026-05-16 14:11:00
10,UPI-ROOMMATE SPLIT-1660@okaxis,66.77,misc,2026-05-16 14:13:00
10,UPI-MESS SECRETARY-1692@okaxis,140.15,misc,2026-05-17 08:19:00
10,Spotify*ORD174031,79.0,entertainment,2026-05-17 11:08:00
10,Prime Vied,79.0,entertainment,2026-05-17 22:09:00
10,wIFi BilL REF7554,195.26,entertainment,2026-05-18 06:15:00
10,PRINTOUT SHOP REF5554,50.0,education,2026-05-18 06:39:00
10,cAMpUs cANTEEn ,128.81,food,2026-05-18 06:46:00
10,UPI-MESS SECRETARY-9083@okaxis,200.52,misc,2026-05-18 08:49:00
10,netfliX REF88,159.23,recharge,2026-05-19 11:54:00
10,SwiGgy InsTAMArt REF50,245.34,food,2026-05-19 21:16:00
10,College Fee Portal REF6209,584.44,education,2026-05-20 10:19:00
10,UPI-PRIYA S-9448@okaxis,644.19,misc,2026-05-20 10:37:00
10,Spotify*ORD56,92.92,rent,2026-05-20 11:21:00
10,Flipkart/UPI/494861038,1148.02,shopping,2026-05-20 22:48:00
10,UPI-FRIEND REPAYMENT-8978@okaxis,588.95,misc,2026-05-20 23:55:00
10,ZOMaTO REF2428,284.4,food,2026-05-21 09:26:00
10,UPI-FRIEND REPAYMENT-8792@okaxis,125.02,misc,2026-05-21 10:52:00
10,Prime iVdeo,405.2,entertainment,2026-05-23 10:01:00
10,prINtOut ShOp*ORD702883,408.81,education,2026-05-23 13:41:00
10,Prime Video TXN31671,79.0,entertainment,2026-05-24 20:52:00
10,Petrol Pump,462.2,transport,2026-05-26 10:35:00
10,ZomatO/UPI/646409482,384.29,food,2026-05-27 19:42:00
10,UPI-ROOMMATE SPLIT-5695@okaxis,413.03,misc,2026-05-28 17:17:00
10,Printout Shop*ORD750579,267.25,education,2026-05-28 22:06:00
10,BOOKMYSHOW TXN52506,268.88,entertainment,2026-06-02 10:41:00
10,PG RENT PAYMENT*ORD198611,6744.72,rent,2026-06-02 12:10:00
10,Myntra,1254.18,shopping,2026-06-02 18:43:00
10,hOsTEl feE/UPI/675541228,6320.16,rent,2026-06-02 19:53:00
10,UPI-FRIEND REPAYMENT-6244@okaxis,532.84,misc,2026-06-02 20:40:00
10,Ola TXN29225,301.51,transport,2026-06-02 20:59:00
10,Udemy/UPI/170979361,50.0,education,2026-06-03 15:36:00
10,zOMATo REF5009,40.0,food,2026-06-03 16:46:00
10,PG RENT PAYMENT,8432.96,rent,2026-06-03 20:58:00
10,Hostel FeeT XN64245,8044.58,rent,2026-06-03 22:26:00
10,Wifi Bill TXN72174,263.26,recharge,2026-06-04 13:14:00
10,bOokMyshOw TXN24432,79.0,entertainment,2026-06-04 16:05:00
10,Netflix*ORD633830,333.61,entertainment,2026-06-05 21:16:00
10,AIRTEL PREPAID TXN49851,471.63,recharge,2026-06-06 10:01:00
10,Bookmyshow/UPI/897801414,179.49,entertainment,2026-06-06 21:45:00
10,Swiggy Instamart,251.46,food,2026-06-06 23:36:00
10,SWIGGY INSTAMART ,40.0,rent,2026-06-07 20:48:00
10,Coursera TXN77771,350.39,education,2026-06-08 16:12:00
10,UPI-ROOMMATE SPLIT-9763@okaxis,50.0,misc,2026-06-09 15:27:00
10,Prime Video REF3,97.32,entertainment,2026-06-10 08:37:00
10,ciTY bus pass*ORD214058,172.15,transport,2026-06-11 15:38:00
10,FLIPKART/UPI/811626272,1653.05,shopping,2026-06-12 16:57:00
10,Irctc,456.98,transport,2026-06-12 20:48:00
10,SWIGGY,350.56,food,2026-06-13 08:27:00
10,SPOtIfY TXN40395,296.75,entertainment,2026-06-13 21:09:00
10,Printout Shop REF6480,50.0,education,2026-06-13 22:50:00
10,UPI-RAHUL K-1242@okaxis,1041.64,misc,2026-06-14 13:40:00
10,AMaZon,1421.05,shopping,2026-06-14 18:54:00
10,Airtel Prepaid,220.95,recharge,2026-06-14 19:40:00
10,UPI-ROOMMATE SPLIT-2594@okaxis,788.41,misc,2026-06-16 10:35:00
10,UPI-MESS SECRETARY-4377@okaxis,905.38,misc,2026-06-16 15:05:00
10,aJIo,1680.75,rent,2026-06-16 15:29:00
10,Irctc*ORD722170,82.29,transport,2026-06-16 19:26:00
10,UPI-RAHUL K-2063@okaxis,552.32,misc,2026-06-19 10:20:00
10,CaMPUs caNteen*ORD483044,40.0,food,2026-06-20 23:22:00
10,EXAM FEE PAYMENT R,326.95,education,2026-06-21 06:20:00
10,WIFI BILL/UPI/334274669,99.0,recharge,2026-06-21 06:35:00
10,ubER,83.78,transport,2026-06-24 14:09:00
11,UDEMY*ORD785673,50.0,education,2026-04-01 06:01:00
11,MesS fee TXN77767,436.05,food,2026-04-01 18:06:00
11,Hotstar,445.84,entertainment,2026-04-01 19:36:00
11,swiggy iNstAmaRT*ORD994310,483.84,food,2026-04-01 21:10:00
11,UPI-RAHUL K-1639@okaxis,665.43,misc,2026-04-02 08:17:00
11,Pg Rent Payment/UPI/424660244,6096.68,rent,2026-04-02 08:54:00
11,Hostel Fee,6314.36,food,2026-04-02 16:56:00
11,RAPIDO,20.0,transport,2026-04-02 21:10:00
11,fliPkart,906.8,shopping,2026-04-02 21:41:00
11,LANDLORD TRANSFER/UPI/672967641,5502.42,rent,2026-04-02 22:35:00
11,Colleg eFee Po,50.0,education,2026-04-02 23:52:00
11,lANdLorD Tra,7703.16,rent,2026-04-03 07:30:00
11,SWIGGY,372.42,food,2026-04-04 07:12:00
11,Vi Prepaid TXN95981,434.04,education,2026-04-04 15:52:00
11,RAPIDO,94.08,transport,2026-04-04 22:20:00
11,domInOS TXN86500,151.56,food,2026-04-05 13:55:00
11,eMeSHO,100.0,shopping,2026-04-05 14:06:00
11,UPI-FRIEND REPAYMENT-5868@okaxis,446.95,misc,2026-04-05 14:22:00
11,VI PREPAID/UPI/4602,364.91,recharge,2026-04-06 08:22:00
11,UPI-RAHUL K-8154@okaxis,50.0,misc,2026-04-06 12:59:00
11,DOmiNoS,167.89,food,2026-04-06 14:03:00
11,UBER TXN47819,188.78,transport,2026-04-06 19:23:00
11,UPI-ROOMMATE SPLIT-3385@okaxis,291.45,misc,2026-04-07 18:49:00
11,WIfI bILL/UPI/496472975,234.98,recharge,2026-04-07 20:59:00
11,Amazon TXN49039,383.65,shopping,2026-04-08 16:45:00
11,UPI-RAHUL K-6151@okaxis,191.55,misc,2026-04-08 19:42:00
11,UPI-RAHUL K-2891@okaxis,897.08,misc,2026-04-08 19:56:00
11,AIRTEL PREPAID TXN30455,219.45,recharge,2026-04-08 20:18:00
11,Ola,166.91,transport,2026-04-09 13:49:00
11,UPI-UNKNOWN UPI-6888@okaxis,50.0,misc,2026-04-10 11:40:00
11,COURSERA REF3426,264.11,education,2026-04-10 12:50:00
11,JIO RECHARGE/UPI/784136920,295.27,recharge,2026-04-10 13:38:00
11,Netflix*OR,429.19,entertainment,2026-04-11 07:03:00
11,NETFLIX,175.87,entertainment,2026-04-11 10:07:00
11,Uber,20.0,transport,2026-04-14 22:52:00
11,CiTY bus PAsS TXN30532,132.29,transport,2026-04-15 16:44:00
11,Myntra TXN2427,100.0,shopping,2026-04-19 21:18:00
11,MyNtrA,100.0,shopping,2026-04-22 13:36:00
11,UPI-FRIEND REPAYMENT-2897@okaxis,50.0,misc,2026-04-24 16:28:00
11,WIFI BILL/UP,294.81,recharge,2026-05-01 06:19:00
11,IRCTC REF7044,20.0,transport,2026-05-01 15:51:00
11,CollEGe Fee pORTAl TXN77627,1634.5,education,2026-05-01 17:06:00
11,OLA*ORD5382,20.0,transport,2026-05-01 22:22:00
11,EXAM FEe pAyMEnT/UPI/183156238,50.0,education,2026-05-02 06:21:00
11,FlipKaRt/UPI/4799,1232.37,shopping,2026-05-02 07:01:00
11,OLA,188.77,transport,2026-05-02 07:04:00
11,Meesho,750.28,shopping,2026-05-02 14:31:00
11,AmaZON TXN24926,1224.32,shopping,2026-05-02 17:35:00
11,NETFLIX REF7575,168.32,entertainment,2026-05-02 22:26:00
11,MEESHO,523.82,shopping,2026-05-02 22:45:00
11,LANDLORD TRANSFER TXN47183,6729.28,rent,2026-05-03 11:32:00
11,SWIGGY*ORD670811,237.17,food,2026-05-03 22:27:00
11,Pg Rent Payment REF4609,7264.66,rent,2026-05-04 13:18:00
11,CITY BUS PASS/UPI/4140581,344.96,transport,2026-05-04 14:29:00
11,Hostel Fee,6449.46,rent,2026-05-04 20:15:00
11,Landlord Transfer*ORD39,5758.61,rent,2026-05-05 13:18:00
11,SwigGY insTAMaRt TXN39087,180.61,food,2026-05-05 14:29:00
11,PG RENT PAYME,7129.22,rent,2026-05-05 15:21:00
11,HOSTEL FEE,8039.66,rent,2026-05-05 16:56:00
11,irctC,245.31,transport,2026-05-06 06:05:00
11,PRINTOUT SHOP TXN69160,50.0,education,2026-05-06 10:55:00
11,Jio Recharge,99.0,recharge,2026-05-06 15:54:00
11,UPI-ROOMMATE SPLIT-2075@okaxis,50.0,misc,2026-05-07 14:10:00
11,CAFE COFFEE DAY,323.16,food,2026-05-07 18:55:00
11,fLipkArt TXN11,100.0,shopping,2026-05-07 21:18:00
11,Cafe Coffee Day REF2359,292.23,food,2026-05-08 11:28:00
11,Hotstar REF2372,189.25,entertainment,2026-05-08 19:41:00
11,Ola,205.97,transport,2026-05-08 19:57:00
11,V iPrepaid REF3727,728.97,recharge,2026-05-08 20:09:00
11,FLIPKART,142.09,shopping,2026-05-09 12:08:00
11,ZOMATO REF9342,108.11,food,2026-05-09 13:23:00
11,SWIGGY INSTAMART,86.53,food,2026-05-09 18:16:00
11,ubER REF2625,20.0,food,2026-05-10 10:58:00
11,EXAM FEE PAYMENT REF3044,467.96,education,2026-05-10 13:32:00
11,UPI-PRIYA S-5187@okaxis,849.95,misc,2026-05-11 14:23:00
11,ZOMATO/UPI/178,343.77,food,2026-05-11 20:33:00
11,PRintout ShOP REF2688,771.49,education,2026-05-11 23:46:00
11,UPI-MESS SECRETARY-7913@okaxis,50.0,misc,2026-05-12 10:37:00
11,IRCTC REF11,86.51,transport,2026-05-13 10:29:00
11,UBER,185.23,transport,2026-05-13 17:22:00
11,UPI-ROOMMATE SPLIT-2610@okaxis,667.69,misc,2026-05-13 23:27:00
11,SWIGGY REF1335,40.0,food,2026-05-14 17:35:00
11,swigGY InStaMArt,229.38,food,2026-05-16 06:52:00
11,UPI-MESS SECRETARY-1460@okaxis,226.84,misc,2026-05-16 09:46:00
11,Meesho REF7187,504.09,education,2026-05-16 20:25:00
11,vi pREpAiD,99.0,recharge,2026-05-16 23:47:00
11,NETFLIX,312.47,entertainment,2026-05-17 20:37:00
11,UPI-ROOMMATE SPLIT-3052@okaxis,50.0,misc,2026-05-17 23:30:00
11,UPI-RAHUL K-7496@okaxis,732.02,misc,2026-05-18 19:01:00
11,AITreL PRePaid TXN64,186.05,recharge,2026-05-19 20:02:00
11,Exam Fee Payment,1089.07,education,2026-05-20 19:57:00
11,Ajio,244.87,shopping,2026-05-20 21:07:00
11,RAPIDO,145.72,transport,2026-05-20 23:52:00
11,Jio Recharge/UPI/243832413,315.48,recharge,2026-05-21 21:18:00
11,MyNtrA/UPI/925041255,282.7,shopping,2026-05-22 11:49:00
11,UPI-PRIYA S-8085@okaxis,1049.32,misc,2026-05-22 14:26:00
11,sWIggY/UPI/106936,152.42,food,2026-05-23 13:02:00
11,UPI-RAHUL K-2701@okaxis,50.0,misc,2026-05-24 19:41:00
11,SPOTIfy REF92,244.32,entertainment,2026-05-25 21:49:00
11,AIRTEL PREPAID REF4556,137.23,recharge,2026-05-26 07:41:00
11,UPI-MESS SECRETARY-9541@okaxis,308.32,misc,2026-05-27 20:28:00
11,aRItEl PrePAID,385.59,recharge,2026-05-28 10:28:00
11,dOMINOs TXN41354,129.9,food,2026-06-01 06:50:00
11,PRINTOUT SHOP,1953.74,education,2026-06-03 15:25:00
11,Dominos*ORD979340,229.5,food,2026-06-03 17:31:00
11,DOMInoS,157.37,food,2026-06-04 14:27:00
11,Pg Rent Payment REF8069,5406.41,rent,2026-06-05 06:39:00
11,Pg Rent Payment*ORD359470,7678.56,rent,2026-06-05 09:54:00
11,AIRTEL PREPAID,314.25,recharge,2026-06-06 11:39:00
11,UPI-ROOMMATE SPLIT-8415@okaxis,367.38,misc,2026-06-06 18:32:00
11,airtel PrePAId REF4327,397.86,recharge,2026-06-06 18:35:00
11,City Bus Pass REF4254,109.83,transport,2026-06-06 21:34:00
11,AJIO*ORD520366,861.8,shopping,2026-06-06 23:02:00
11,PRIME VIDEO,391.83,entertainment,2026-06-07 07:40:00
11,UPI-MESS SECRETARY-1905@okaxis,181.84,misc,2026-06-07 17:40:00
11,Bookmyshow,168.05,entertainment,2026-06-07 18:59:00
11,UPI-RAHUL K-1169@okaxis,377.75,misc,2026-06-09 16:20:00
11,MyNTrA*ORD244396,1681.26,shopping,2026-06-10 23:20:00
11,MEESHO REF591,448.18,shopping,2026-06-11 09:26:00
11,swIGgY INStAmART,287.86,transport,2026-06-11 18:53:00
11,UPI-PRIYA S-1925@okaxis,430.32,misc,2026-06-12 10:23:00
11,Swiggy*ORD71,399.34,food,2026-06-13 16:38:00
11,MEEsHO,172.44,food,2026-06-13 20:41:00
11,flipKART,116.23,shopping,2026-06-14 12:42:00
11,PRINTOUT SHO,1112.43,education,2026-06-15 17:29:00
11,UPI-ROOMMATE SPLIT-5784@okaxis,531.85,misc,2026-06-15 23:00:00
11,bOokMYshOW,183.63,entertainment,2026-06-16 08:42:00
11,mEss fEE TXN34776,101.51,food,2026-06-16 18:04:00
11,UPI-ROOMMATE SPLIT-1560@okaxis,435.39,misc,2026-06-24 15:35:00
11,Cafe Coffee Day REF4087,339.39,food,2026-06-25 20:06:00
11,UPI-PRIYA S-7181@okaxis,158.73,misc,2026-06-26 13:00:00
11,Irctc/UPI/629297623,273.6,transport,2026-06-26 13:49:00
11,Jio Recharge RE,221.93,recharge,2026-06-26 20:52:00
12,ZOMAtO*ORD787107,80.1,food,2026-04-01 10:06:00
12,Zomato/UPI/829521659,404.46,food,2026-04-01 20:50:00
12,LANDLORD TRANSFER/UPI/741899836,7605.6,rent,2026-04-02 09:03:00
12,sWiGgy,401.58,food,2026-04-02 20:48:00
12,JiO REcHARgE TXN40761,298.65,recharge,2026-04-03 10:18:00
12,FLIPKART TXN86465,530.53,shopping,2026-04-03 15:33:00
12,DoMInos TXN62654,216.8,food,2026-04-04 07:28:00
12,dOminOS,40.0,food,2026-04-04 21:43:00
12,IrCtc/UPI/103210393,250.87,transport,2026-04-05 10:20:00
12,SWIGGY,404.4,food,2026-04-05 15:02:00
12,HOSTEL FEE,6352.57,rent,2026-04-05 16:22:00
12,PrIntoUT shop REF5069,121.23,education,2026-04-06 10:47:00
12,VI PREPAID,99.0,recharge,2026-04-06 11:35:00
12,UdEMY TXN45648,244.66,education,2026-04-07 09:52:00
12,MEESHO*ORD419908,188.79,shopping,2026-04-07 21:47:00
12,Jio ReCharGE/UPI/141802278,428.15,recharge,2026-04-09 22:05:00
12,CITY BUS PASS,89.43,transport,2026-04-10 09:18:00
12,MYntRa TXN54007,466.59,shopping,2026-04-10 17:57:00
12,Amazon REF4186,488.84,shopping,2026-04-10 19:10:00
12,MEESHO*ORD762534,454.12,shopping,2026-04-11 23:00:00
12,MAAZON,1457.69,shopping,2026-04-12 13:10:00
12,FLIpKaRt REF1817,923.37,shopping,2026-04-15 12:11:00
12,WIIF BILL,246.37,recharge,2026-04-15 21:37:00
12,campus CANTeen/U,134.9,food,2026-04-17 14:32:00
12,Coursera/UPI/650171664,520.7,education,2026-04-18 10:40:00
12,mYntRA,1258.58,shopping,2026-04-20 19:38:00
12,DOMINOS*ORD4,203.47,food,2026-04-21 11:17:00
12,PRINTOUT SHOP,752.02,education,2026-04-21 11:20:00
12,Jio Recharge TXN,114.44,recharge,2026-04-22 23:59:00
12,SPOTIFY,329.75,entertainment,2026-04-25 15:26:00
12,UPI-RAHUL K-6574@okaxis,110.04,misc,2026-04-26 14:00:00
12,Printout Shop TXN14886,569.97,education,2026-04-26 14:06:00
12,Bookmyshow REF5461,408.2,entertainment,2026-04-28 18:09:00
12,Myntra REF5714,744.79,shopping,2026-05-01 08:21:00
12,EXAM FEE PAYMENT REF5156,426.16,education,2026-05-01 10:51:00
12,AMAZON,825.32,shopping,2026-05-01 12:09:00
12,udEMy/UPI/6807554,50.0,education,2026-05-01 13:28:00
12,mYNtRa REF3557,905.6,shopping,2026-05-01 17:41:00
12,UPI-MESS SECRETARY-5922@okaxis,623.22,misc,2026-05-01 21:50:00
12,UPI-RAHUL K-9235@okaxis,1035.27,misc,2026-05-02 08:16:00
12,Hostel Fee*ORD606362,6630.91,rent,2026-05-02 15:56:00
12,sWiGgY REF,459.49,food,2026-05-02 18:19:00
12,SPOTIFY TX,425.99,entertainment,2026-05-02 19:12:00
12,Prime Video REF6038,161.94,entertainment,2026-05-02 21:34:00
12,Vi Prepaid,236.42,recharge,2026-05-02 23:24:00
12,College Fee Portal,138.71,education,2026-05-02 23:47:00
12,Swiggy Instamart,341.98,food,2026-05-03 14:59:00
12,COURSERA/UPI/387044869,769.22,education,2026-05-03 16:03:00
12,UPI-RAHUL K-6585@okaxis,50.0,misc,2026-05-03 19:24:00
12,HOSTEL FEE*ORD202,7113.15,rent,2026-05-03 20:17:00
12,UPI-FRIEND REPAYMENT-5602@okaxis,285.19,misc,2026-05-04 08:19:00
12,EXAM FEE PAYMENT*ORD295314,50.0,education,2026-05-04 08:39:00
12,LAnDLORD TRaNsF,4597.05,rent,2026-05-04 09:52:00
12,Hostel Fee,8113.19,rent,2026-05-04 19:20:00
12,CITy BUS pASs,68.67,transport,2026-05-05 06:52:00
12,mYNTRa*ORD973321,100.0,shopping,2026-05-05 13:23:00
12,HOTStaR TXN46265,160.1,entertainment,2026-05-07 07:44:00
12,YMNTRA REF8719,529.37,shopping,2026-05-07 14:12:00
12,myNTRa TXN72056,986.29,shopping,2026-05-07 15:15:00
12,SWIGGY INSTAMART/UPI/950274999,205.38,food,2026-05-07 18:11:00
12,MEESHO*ORD582467,100.0,shopping,2026-05-08 06:38:00
12,PrIMe Vidoe,79.0,entertainment,2026-05-08 06:46:00
12,sWigGY iNStAmARt,331.99,food,2026-05-08 07:36:00
12,Exam Fee Payment*OR,825.67,education,2026-05-08 07:56:00
12,UPI-PRIYA S-3900@okaxis,50.0,misc,2026-05-08 09:14:00
12,wiFi BIll/UPI/530869012,575.64,recharge,2026-05-08 11:32:00
12,ajIO,1204.85,shopping,2026-05-09 06:39:00
12,cafE cOFFE eDaY,70.51,food,2026-05-09 11:20:00
12,Prime Video,386.05,entertainment,2026-05-09 12:12:00
12,MEESHO,967.36,shopping,2026-05-09 12:29:00
12,CamPus CantEen,171.1,food,2026-05-09 13:44:00
12,meeSHO/UPI/42046701,900.55,shopping,2026-05-09 15:21:00
12,nEtFLIX,421.84,entertainment,2026-05-09 17:28:00
12,SWIGGY/UPI/230194626,217.28,food,2026-05-09 20:39:00
12,UPI-UNKNOWN UPI-8392@okaxis,50.0,misc,2026-05-09 21:47:00
12,UPI-PRIYA S-5295@okaxis,85.61,misc,2026-05-10 08:11:00
12,SPOTIFY REF5,159.38,entertainment,2026-05-10 15:29:00
12,CITY BUS PASS TXN90045,382.67,transport,2026-05-10 16:46:00
12,OLa,129.74,entertainment,2026-05-10 18:03:00
12,ciTY BUS PaSS/UPI/962235694,289.43,transport,2026-05-10 19:25:00
12,Vi PRepadI,169.7,recharge,2026-05-10 22:26:00
12,Dominos TXN90884,353.04,food,2026-05-10 23:10:00
12,Spotify/UPI/354782376,377.24,entertainment,2026-05-11 21:32:00
12,Dominos,72.48,food,2026-05-11 22:27:00
12,UPI-MESS SECRETARY-6575@okaxis,55.29,misc,2026-05-11 23:57:00
12,cOUrserA,843.29,education,2026-05-12 08:33:00
12,SWIGGY INSTAMART TXN56454,188.71,food,2026-05-12 13:44:00
12,Swiggy/UPI/488358749,177.55,food,2026-05-12 17:48:00
12,UPI-ROOMMATE SPLIT-1719@okaxis,734.39,misc,2026-05-13 08:51:00
12,Prime Video TXN39715,322.93,entertainment,2026-05-13 09:38:00
12,AMAZON/UPI/420979374,769.18,shopping,2026-05-13 15:23:00
12,MeesHo*ORD812641,894.59,shopping,2026-05-13 15:38:00
12,FlIpkaRT/UPI/450194069,1137.6,shopping,2026-05-13 20:48:00
12,PRINTOUT SHOP TXN20973,244.27,education,2026-05-14 19:25:00
12,meesHO/UPI/453045244,1150.52,shopping,2026-05-15 09:23:00
12,JIO rECHARge,223.62,recharge,2026-05-15 22:50:00
12,EMESHO,1599.94,shopping,2026-05-15 23:16:00
12,Bookmyshow,79.0,entertainment,2026-05-16 09:29:00
12,meEsHo/UPI/402124953,854.91,shopping,2026-05-16 12:12:00
12,UPI-ROOMMATE SPLIT-6588@okaxis,446.91,misc,2026-05-16 16:28:00
12,SpOTiFY,346.06,entertainment,2026-05-16 19:00:00
12,Irctc REF2168,211.67,transport,2026-05-16 19:48:00
12,Coursera,514.3,education,2026-05-17 07:20:00
12,uDEMY TXN8902,1417.03,education,2026-05-17 15:12:00
12,COllegE fee pORtaL,707.86,education,2026-05-17 16:09:00
12,UPI-MESS SECRETARY-8189@okaxis,128.28,misc,2026-05-18 09:37:00
12,UDEMY TXN95990,516.76,education,2026-05-19 21:27:00
12,Petrol Pump/UPI/101646890,171.55,transport,2026-05-20 16:24:00
12,Wifi Bill*ORD313686,377.11,recharge,2026-05-20 22:55:00
12,Petrol Pump/UPI/212020126,158.41,shopping,2026-05-21 10:50:00
12,city buS paSs,38.72,recharge,2026-05-21 11:56:00
12,SWIGGY*ORD261755,40.0,food,2026-05-22 09:34:00
12,MEESHO/UPI/,988.94,shopping,2026-05-23 08:12:00
12,Cafe Coffee Day/UPI/100055,237.69,transport,2026-05-24 13:30:00
12,UPI-RAHUL K-9870@okaxis,50.0,misc,2026-05-24 14:53:00
12,Exam Fee Payment REF4799,730.89,education,2026-05-24 18:29:00
12,JIO RechaRGe,299.8,recharge,2026-05-25 09:34:00
12,COURSERA/UPI/882355658,473.92,transport,2026-05-26 09:21:00
12,Campus Canteen*ORD528430,40.0,food,2026-05-26 17:39:00
12,VI PREPAID ,123.51,recharge,2026-05-27 14:09:00
12,City Bus Pass,29.96,transport,2026-05-28 19:01:00
12,MEESHo REF6571,322.96,shopping,2026-05-28 19:16:00
12,UPI-MESS SECRETARY-9671@okaxis,260.56,misc,2026-06-01 09:08:00
12,EXAM FEE PAYMENT/UPI/883000444,50.0,education,2026-06-02 10:46:00
12,SPOTIFY,256.31,entertainment,2026-06-02 12:29:00
12,UPI-FRIEND REPAYMENT-3401@okaxis,864.37,misc,2026-06-02 22:13:00
12,Pg reNt PaYmeNT TXN62501,6275.41,rent,2026-06-03 16:36:00
12,Hostel Fee,8342.56,rent,2026-06-03 22:47:00
12,JIO RECHARGE/UPI/3721915,384.53,recharge,2026-06-04 10:19:00
12,Campus Canteen,208.37,food,2026-06-04 17:54:00
12,WIFI BILL REF9371,491.83,recharge,2026-06-04 18:21:00
12,pg RenT payMeNT,4628.21,rent,2026-06-04 23:00:00
12,Amazon/UPI/909548558,1188.0,shopping,2026-06-05 16:53:00
12,pRIntOuT sHOP TXN47293,50.0,education,2026-06-06 07:38:00
12,uDeMY REF8,273.32,education,2026-06-06 20:27:00
12,AIRTEL PREPAID,209.72,recharge,2026-06-07 07:03:00
12,Irctc,59.74,transport,2026-06-07 11:34:00
12,PetRoL pump,20.0,transport,2026-06-07 16:27:00
12,SPOTIFY TXN38943,220.07,entertainment,2026-06-08 09:24:00
12,AMAZON REF8328,756.6,shopping,2026-06-08 15:41:00
12,EXAM FEE PAYMENT*ORD818328,446.11,education,2026-06-08 18:46:00
12,PetrOl pUmp/UPI/996057376,112.89,recharge,2026-06-08 19:26:00
12,UPI-ROOMMATE SPLIT-8898@okaxis,583.29,misc,2026-06-08 23:45:00
12,UBer*ORD29266,20.0,transport,2026-06-09 06:41:00
12,fliPkaRT/UPI/4,985.67,shopping,2026-06-09 07:02:00
12,PRINTOUTS HOP,50.0,education,2026-06-09 11:29:00
12,RAPIDO TXN68204,310.85,transport,2026-06-10 08:22:00
12,Dominos,231.54,food,2026-06-10 14:53:00
12,UPI-RAHUL K-9253@okaxis,50.0,misc,2026-06-10 15:59:00
12,printouT shO,501.19,education,2026-06-12 10:18:00
12,PRINTOUT SHOP*ORD317185,321.25,education,2026-06-12 15:32:00
12,aMAzoN REF3141,251.99,shopping,2026-06-13 07:02:00
12,Prime Video REF7653,79.0,entertainment,2026-06-13 15:38:00
12,MEESHO,707.51,shopping,2026-06-14 15:33:00
12,Myntra TXN27639,490.47,shopping,2026-06-14 21:55:00
12,Vi Prepaid REF2289,116.32,recharge,2026-06-15 08:41:00
12,courSERa,265.09,education,2026-06-17 09:30:00
12,Zomato*ORD381399,326.41,food,2026-06-18 13:36:00
12,FLIPKART REF9317,274.02,shopping,2026-06-18 16:51:00
12,BOOKMYSHOW,79.0,entertainment,2026-06-18 21:16:00
12,Ajio REF7997,569.93,shopping,2026-06-18 21:30:00
12,Dominos/UPI/411309968,40.0,food,2026-06-19 07:36:00
12,Airtel Prepaid,272.02,shopping,2026-06-19 16:39:00
12,BOOKMYSHOW T,465.18,entertainment,2026-06-19 19:07:00
12,Petrol Pump*ORD602138,188.3,transport,2026-06-20 15:52:00
12,Spotify,79.0,entertainment,2026-06-20 17:48:00
12,UPI-ROOMMATE SPLIT-4395@okaxis,476.78,misc,2026-06-20 19:52:00
12,Exam Fee Payment REF7427,50.0,education,2026-06-21 18:54:00
12,Hotstar,170.9,entertainment,2026-06-24 07:19:00
12,NETFLIX REF8268,183.2,entertainment,2026-06-26 13:20:00
12,BOOKMYSHOW,79.0,entertainment,2026-06-26 19:36:00
12,UPI-MESS SECRETARY-4504@okaxis,307.54,misc,2026-06-27 19:27:00
13,Campus Canteen/UPI/546336674,252.65,food,2026-04-01 13:44:00
13,OLA*ORD791321,125.03,transport,2026-04-01 14:54:00
13,PG RENT PAY,7640.79,rent,2026-04-02 17:19:00
13,Pg Rent Payment TXN46817,9662.97,rent,2026-04-04 07:20:00
13,LANDLORD TRANSFER*ORD515841,6030.66,rent,2026-04-04 07:41:00
13,UPI-FRIEND REPAYMENT-5971@okaxis,404.13,misc,2026-04-04 22:13:00
13,AIRTEL PREPAID,387.87,recharge,2026-04-05 16:19:00
13,LANDLORD TRANSFER,8454.19,rent,2026-04-05 22:15:00
13,HOSTEL FEE TXN38153,5700.74,rent,2026-04-05 23:38:00
13,MyNtRa*ORD,375.64,shopping,2026-04-06 08:51:00
13,PETROL PUM,134.58,transport,2026-04-07 13:45:00
13,bOOkmYsHow,79.0,entertainment,2026-04-07 19:10:00
13,UPI-FRIEND REPAYMENT-7162@okaxis,617.4,misc,2026-04-07 19:54:00
13,Cafe Coffee Day*ORD330434,59.88,food,2026-04-08 06:51:00
13,Netflix,369.86,entertainment,2026-04-10 07:12:00
13,Dominos,270.61,food,2026-04-12 10:54:00
13,UPI-ROOMMATE SPLIT-2829@okaxis,199.98,misc,2026-04-12 14:46:00
13,Mess Fee TXN45582,235.2,food,2026-04-13 06:44:00
13,DOMINOS TXN,215.35,shopping,2026-04-15 16:51:00
13,UPI-UNKNOWN UPI-3494@okaxis,624.32,misc,2026-04-17 23:45:00
13,Petrol Pump,20.0,transport,2026-04-18 17:37:00
13,VI PREPAID TXN96978,149.41,recharge,2026-04-19 16:28:00
13,MeesHO*ORD166469,729.93,shopping,2026-04-19 20:54:00
13,UPI-UNKNOWN UPI-7622@okaxis,856.99,misc,2026-04-20 13:24:00
13,Swiggy Instamart*ORD124929,134.26,recharge,2026-04-20 19:08:00
13,vi PrePAid,99.0,recharge,2026-04-21 17:37:00
13,MeesHO TXN44562,696.42,shopping,2026-04-23 08:43:00
13,WFII BILL,400.09,recharge,2026-04-24 07:45:00
13,UPI-ROOMMATE SPLIT-4856@okaxis,415.48,misc,2026-04-24 23:41:00
13,UPI-PRIYA S-5473@okaxis,246.28,misc,2026-04-25 21:44:00
13,UPI-PRIYA S-3421@okaxis,423.22,misc,2026-05-01 09:56:00
13,WiFi BILl,180.2,recharge,2026-05-01 11:46:00
13,Bookmyshow TXN16928,292.19,entertainment,2026-05-01 19:38:00
13,hotsTaR*ORD528187,109.19,entertainment,2026-05-01 23:26:00
13,Dominos REF6402,240.01,food,2026-05-02 08:17:00
13,UPI-RAHUL K-8704@okaxis,196.48,misc,2026-05-02 08:41:00
13,hOStEl FeE TXN94989,8651.44,rent,2026-05-02 08:42:00
13,CAFE COFFEE DAY,532.38,food,2026-05-02 15:46:00
13,Bookmyshow,491.11,entertainment,2026-05-02 18:24:00
13,PG RENT PA,6570.99,rent,2026-05-02 20:59:00
13,Pg Rent Pamy,5155.68,rent,2026-05-03 07:18:00
13,Swiggy Instamart/UPI/306723705,377.74,food,2026-05-03 07:52:00
13,PG RENT PAYMENT REF8402,6111.3,rent,2026-05-03 09:44:00
13,meesHo*ORD566516,565.93,shopping,2026-05-03 10:29:00
13,UPI-FRIEND REPAYMENT-7751@okaxis,487.08,misc,2026-05-03 15:22:00
13,COllEge FEe PORTal,334.23,education,2026-05-03 20:38:00
13,Ola TXN52005,243.56,transport,2026-05-03 23:14:00
13,P GRENT PAYMENT,5148.48,rent,2026-05-04 07:45:00
13,PrIntOuT SHOp,138.17,education,2026-05-04 09:24:00
13,UPI-UNKNOWN UPI-8437@okaxis,734.31,misc,2026-05-04 14:03:00
13,Prime Video,324.73,entertainment,2026-05-04 14:45:00
13,Jio Rechagre,246.04,recharge,2026-05-04 20:36:00
13,ZOMATo,204.98,food,2026-05-05 18:32:00
13,UPI-MESS SECRETARY-5666@okaxis,166.47,misc,2026-05-05 20:40:00
13,Landlord Transfer TXN29837,9937.52,rent,2026-05-05 21:28:00
13,cAmPuS CAntEEn*ORD282069,364.56,food,2026-05-07 21:14:00
13,RAPIDO TXN536,210.1,transport,2026-05-07 22:37:00
13,wIFi Bill,292.02,recharge,2026-05-08 08:53:00
13,UPI-MESS SECRETARY-5869@okaxis,939.46,misc,2026-05-08 23:37:00
13,BOOKMYSHOW/UPI/690678586,79.0,entertainment,2026-05-09 10:52:00
13,vi prEpAID*ORD224796,128.56,recharge,2026-05-09 15:18:00
13,City bUS PASs,124.21,transport,2026-05-09 15:20:00
13,nEtFlIx,422.34,entertainment,2026-05-09 17:54:00
13,Spotify/UPI/3557,79.0,entertainment,2026-05-09 22:56:00
13,Ajio TXN39802,368.92,shopping,2026-05-10 21:11:00
13,neTFlIx*ORD602832,79.0,entertainment,2026-05-11 06:28:00
13,Exam Fee Payment,336.43,education,2026-05-11 13:11:00
13,Coursera,115.7,education,2026-05-11 14:35:00
13,UPI-FRIEND REPAYMENT-3686@okaxis,162.72,misc,2026-05-11 18:18:00
13,Swiggy Instamar,402.61,food,2026-05-11 21:52:00
13,Meesho*ORD271536,256.11,shopping,2026-05-12 12:02:00
13,ZOMATO REF9388,67.26,food,2026-05-13 22:54:00
13,HOTSTAR*ORD334012,79.0,entertainment,2026-05-15 09:16:00
13,SwiGGY REF1042,40.0,food,2026-05-15 14:42:00
13,Flipkart TXN62014,1347.84,shopping,2026-05-15 20:24:00
13,UPI-PRIYA S-7980@okaxis,578.78,misc,2026-05-15 20:37:00
13,MAaZon REF8870,339.58,shopping,2026-05-15 20:54:00
13,petROL puMP,20.0,transport,2026-05-16 08:04:00
13,NETFLIX TXN77,215.89,entertainment,2026-05-16 10:28:00
13,Zomat/oUPI/239474584,62.25,food,2026-05-16 11:15:00
13,Uber TXN42114,100.7,transport,2026-05-16 13:08:00
13,Prime Vide,79.0,entertainment,2026-05-16 23:25:00
13,UPI-PRIYA S-3718@okaxis,401.5,misc,2026-05-17 18:38:00
13,UPI-UNKNOWN UPI-2160@okaxis,1357.74,misc,2026-05-17 19:51:00
13,COlleGE fee PoRtAl TXN84678,403.85,education,2026-05-18 13:28:00
13,UPI-UNKNOWN UPI-7951@okaxis,50.0,misc,2026-05-18 16:26:00
13,Wifi Bill/UPI/923691492,324.5,recharge,2026-05-18 16:50:00
13,UPI-ROOMMATE SPLIT-1507@okaxis,447.86,misc,2026-05-19 11:44:00
13,CITY BUS PASS*ORD999495,20.0,recharge,2026-05-19 19:14:00
13,UPI-UNKNOWN UPI-4976@okaxis,152.0,misc,2026-05-19 22:25:00
13,Flipkart,545.39,shopping,2026-05-20 12:36:00
13,Mess Fee/UPI/506321822,282.68,food,2026-05-20 20:59:00
13,PRINTOUT SHOP/UPI/843175867,727.77,education,2026-05-20 22:11:00
13,ExaM FEE PAMyEnt*ORD566765,391.33,education,2026-05-20 23:11:00
13,UPI-PRIYA S-1141@okaxis,407.65,misc,2026-05-20 23:42:00
13,UPI-MESS SECRETARY-4847@okaxis,264.65,misc,2026-05-21 11:34:00
13,UPI-ROOMMATE SPLIT-6810@okaxis,769.25,misc,2026-05-21 15:19:00
13,UPI-PRIYA S-6671@okaxis,143.34,misc,2026-05-22 21:16:00
13,Dominos/UPI/385045116,462.55,food,2026-05-23 06:07:00
13,Ajio,1305.15,shopping,2026-05-23 09:30:00
13,MESS FEE,309.33,food,2026-05-23 09:34:00
13,UPI-MESS SECRETARY-8708@okaxis,152.16,misc,2026-05-23 12:04:00
13,Zomato/UPI/968509000,52.85,food,2026-05-24 13:12:00
13,UPI-MESS SECRETARY-9714@okaxis,339.19,misc,2026-05-24 14:41:00
13,DOMINOS,40.0,entertainment,2026-05-25 11:19:00
13,fliPKarT/UPI/874492255,378.66,shopping,2026-05-25 22:01:00
13,Rapido TXN42546,113.04,transport,2026-05-25 22:26:00
13,HOTSTAR,79.0,entertainment,2026-05-26 11:25:00
13,UPI-ROOMMATE SPLIT-5139@okaxis,524.37,misc,2026-05-26 16:20:00
13,COURSERA REF6429,654.44,education,2026-05-27 18:49:00
13,ODMinOs TXN73124,40.0,food,2026-05-27 18:55:00
13,UPI-FRIEND REPAYMENT-2670@okaxis,548.63,misc,2026-05-27 23:58:00
13,UPI-RAHUL K-1708@okaxis,181.81,misc,2026-05-28 17:17:00
13,JIO RECHRAGE,191.72,recharge,2026-06-01 21:35:00
13,UPI-UNKNOWN UPI-6214@okaxis,50.0,misc,2026-06-01 23:06:00
13,AIRTEl PrepaID XT,392.13,recharge,2026-06-02 06:41:00
13,Swiggy Instamart,128.47,food,2026-06-02 18:18:00
13,wiFi biLl,247.19,recharge,2026-06-02 19:39:00
13,LANDLORD TRA,4000.0,rent,2026-06-04 06:46:00
13,RAPIDO,276.73,transport,2026-06-04 12:27:00
13,Pg Rent Paym,7983.85,rent,2026-06-04 18:37:00
13,LANdLorD tRaNsfeR,7890.34,rent,2026-06-04 22:29:00
13,HOSTEL FEE REF5689,8700.66,rent,2026-06-05 18:05:00
13,Swiggy*ORD580259,215.9,food,2026-06-05 21:11:00
13,BOOKMYSHOW/,193.44,entertainment,2026-06-05 21:43:00
13,CAMPUS CANTEEN,272.79,food,2026-06-06 06:11:00
13,Flipkart/UPI/16005,622.55,shopping,2026-06-07 09:41:00
13,ZOmAtO REF,396.67,food,2026-06-07 13:45:00
13,UPI-RAHUL K-7655@okaxis,505.23,misc,2026-06-07 17:13:00
13,NETFLIX,263.34,entertainment,2026-06-07 22:28:00
13,AJIO,910.56,shopping,2026-06-07 22:33:00
13,UPI-ROOMMATE SPLIT-1971@okaxis,50.0,misc,2026-06-08 14:44:00
13,UPI-FRIEND REPAYMENT-1085@okaxis,50.0,misc,2026-06-08 22:21:00
13,HoTstar,276.78,entertainment,2026-06-08 23:17:00
13,UPI-MESS SECRETARY-9875@okaxis,590.04,misc,2026-06-11 23:18:00
13,WiFI bilL REF2865,279.21,recharge,2026-06-12 06:59:00
13,Hotstar REF71,150.4,entertainment,2026-06-12 08:46:00
13,UPI-RAHUL K-4466@okaxis,775.57,misc,2026-06-12 18:55:00
13,COURSERA*O,50.0,education,2026-06-14 07:24:00
13,Cafe Coffee Day,93.2,food,2026-06-14 11:13:00
13,meesHo*ORD971536,761.62,shopping,2026-06-14 15:33:00
13,MeSS FeE,40.0,food,2026-06-15 08:10:00
13,jIO recHARgE/UPI/625119993,418.62,recharge,2026-06-15 12:12:00
13,UPI-RAHUL K-9117@okaxis,50.0,misc,2026-06-17 08:50:00
13,COURSERA/UPI/114671898,644.23,education,2026-06-17 12:49:00
13,FLIPKART RE8F342,792.78,shopping,2026-06-18 18:52:00
13,UPI-PRIYA S-3991@okaxis,681.25,misc,2026-06-18 21:12:00
13,MESS FEE*ORD988600,136.61,food,2026-06-19 07:34:00
13,DOMINos/UPI/377006524,377.65,recharge,2026-06-19 14:53:00
13,UPI-FRIEND REPAYMENT-7894@okaxis,583.32,misc,2026-06-20 11:57:00
13,Campus Canteen*ORD478017,412.42,food,2026-06-21 21:21:00
13,UPI-MESS SECRETARY-5494@okaxis,601.72,misc,2026-06-22 19:35:00
13,UPI-UNKNOWN UPI-3803@okaxis,506.47,misc,2026-06-23 14:39:00
13,Bookmyshow,150.76,entertainment,2026-06-24 14:39:00
13,Zomato,212.8,food,2026-06-24 22:44:00
13,UPI-PRIYA S-9595@okaxis,472.77,misc,2026-06-27 23:11:00
13,OLA TXN90857,526.53,transport,2026-06-28 06:09:00
13,UPI-UNKNOWN UPI-1795@okaxis,644.96,misc,2026-06-28 10:17:00
13,ZoMATO/UPI/871770122,40.0,food,2026-06-28 11:57:00
13,UPI-FRIEND REPAYMENT-3316@okaxis,620.16,misc,2026-06-28 18:58:00
13,BOOKMYSHOW TXN629,157.31,entertainment,2026-06-28 19:07:00
14,COURSERA*ORD2882,566.43,education,2026-04-01 19:48:00
14,Pg rENt PAYmeNT REF5017,4588.66,rent,2026-04-02 14:06:00
14,Hostel Fee/UPI/202924922,5846.29,rent,2026-04-03 08:56:00
14,OLA TXN50228,60.61,transport,2026-04-03 09:24:00
14,PG RENT PAYMENT REF1504,6603.23,rent,2026-04-03 09:59:00
14,Hotstar,133.81,entertainment,2026-04-03 16:51:00
14,Landlord Transfer,8406.36,rent,2026-04-03 22:32:00
14,Hostel Fee*ORD979527,6709.26,rent,2026-04-03 23:42:00
14,NETFLIX,211.99,entertainment,2026-04-04 15:29:00
14,HostEl FEE,5590.15,rent,2026-04-04 18:00:00
14,HOSTEL FEE,8244.21,rent,2026-04-04 19:55:00
14,Landlord Transfer,7988.87,rent,2026-04-05 11:37:00
14,Cafe Coffee Day*ORD873905,96.54,food,2026-04-05 12:26:00
14,UPI-RAHUL K-4349@okaxis,795.58,misc,2026-04-05 14:16:00
14,Coursera REF8841,50.0,education,2026-04-05 15:09:00
14,Landlord Transfer,5855.91,rent,2026-04-05 15:30:00
14,College Fee Portal REF5524,435.96,education,2026-04-06 11:08:00
14,Udemy,1216.4,entertainment,2026-04-07 10:39:00
14,UPI-PRIYA S-3028@okaxis,103.35,misc,2026-04-07 15:56:00
14,PRINTOUT SHOP REF45,510.31,transport,2026-04-07 19:49:00
14,uber/UPI/219086705,130.43,transport,2026-04-08 11:56:00
14,Flipkart,577.74,shopping,2026-04-10 11:01:00
14,DoMiNsO,216.29,food,2026-04-10 20:27:00
14,iArtEL pREpAiD,99.0,recharge,2026-04-11 18:13:00
14,BoOkmYShOw*ORD1730,79.0,entertainment,2026-04-11 21:37:00
14,EXAM FEE PAYMENT,50.0,education,2026-04-13 06:46:00
14,UPI-MESS SECRETARY-8976@okaxis,50.0,misc,2026-04-13 10:08:00
14,UPI-FRIEND REPAYMENT-7089@okaxis,502.19,misc,2026-04-15 11:37:00
14,Wifi Bill,99.0,recharge,2026-04-15 19:34:00
14,AIRTEL PREPAID REF1575,345.31,recharge,2026-04-16 20:37:00
14,PRIME VIDEO*ORD276743,79.0,entertainment,2026-04-17 19:22:00
14,UPI-ROOMMATE SPLIT-4590@okaxis,490.54,misc,2026-04-18 08:17:00
14,Meesho,312.41,shopping,2026-04-18 19:17:00
14,NETFLIX TXN88770,79.0,entertainment,2026-04-20 13:27:00
14,UPI-MESS SECRETARY-7015@okaxis,622.85,misc,2026-04-21 14:34:00
14,Bookmyshow/UPI/559289592,180.18,entertainment,2026-04-21 20:38:00
14,UPI-FRIEND REPAYMENT-6114@okaxis,1020.2,misc,2026-04-23 09:00:00
14,UPI-MESS SECRETARY-4236@okaxis,383.86,misc,2026-04-24 22:00:00
14,UPI-ROOMMATE SPLIT-7318@okaxis,724.08,misc,2026-04-25 11:30:00
14,Vi Prepaid,263.3,recharge,2026-05-01 08:56:00
14,Rapido REF8361,20.0,transport,2026-05-01 13:26:00
14,UPI-ROOMMATE SPLIT-8746@okaxis,50.0,misc,2026-05-01 16:28:00
14,Ola/UPI/295102944,230.46,transport,2026-05-01 18:25:00
14,Amazon,1212.72,shopping,2026-05-01 20:25:00
14,Myntra,215.17,shopping,2026-05-01 20:26:00
14,Uber REF8328,51.31,transport,2026-05-01 23:47:00
14,Mytnra,216.43,shopping,2026-05-02 06:21:00
14,boOKMYshOw/UPI/687951964,238.57,entertainment,2026-05-02 10:50:00
14,Meesho,320.94,shopping,2026-05-02 11:17:00
14,COURSERA/UPI/3,728.27,education,2026-05-02 14:59:00
14,UPI-MESS SECRETARY-6988@okaxis,540.48,misc,2026-05-02 15:16:00
14,Myntra,100.0,shopping,2026-05-02 20:37:00
14,neTFLIX,159.39,entertainment,2026-05-03 06:41:00
14,MESs Fee,40.0,food,2026-05-03 14:56:00
14,Landlord Transfer,8111.24,rent,2026-05-03 15:55:00
14,hOSTeL feE REF,5496.72,rent,2026-05-03 16:15:00
14,Hostel Fee TXN45768,6755.81,rent,2026-05-03 19:15:00
14,UBER,140.91,transport,2026-05-03 19:38:00
14,LANDLOR DTRANSFER,7061.38,rent,2026-05-03 20:17:00
14,SWIGGY,265.74,food,2026-05-04 18:01:00
14,Pg Rent Pamyent/UPI/40,7398.04,rent,2026-05-04 19:53:00
14,Jio Recharge/UPI/803623828,215.71,recharge,2026-05-04 21:27:00
14,HOSTEL FEE,6845.17,rent,2026-05-05 08:50:00
14,UdEmY TXN11534,285.38,education,2026-05-05 16:19:00
14,ZOMATO TXN86238,216.42,food,2026-05-05 19:01:00
14,UPI-UNKNOWN UPI-5923@okaxis,173.57,misc,2026-05-05 21:13:00
14,Campus Canteen REF6937,423.35,food,2026-05-06 07:50:00
14,cOLlEgE FEe poRtal,518.39,education,2026-05-06 22:59:00
14,UPI-RAHUL K-8633@okaxis,119.92,misc,2026-05-07 18:07:00
14,AMAZON,498.14,shopping,2026-05-08 08:21:00
14,MEESHO,486.05,shopping,2026-05-08 10:02:00
14,mYntRa/UPI/173637121,240.37,shopping,2026-05-08 10:20:00
14,UPI-ROOMMATE SPLIT-3602@okaxis,50.0,misc,2026-05-08 13:32:00
14,Hotstar,130.71,entertainment,2026-05-08 16:41:00
14,Bookmyshow,98.38,entertainment,2026-05-08 20:40:00
14,Flipkart REF8362,645.35,shopping,2026-05-08 23:35:00
14,Airtel Prep,435.42,recharge,2026-05-08 23:39:00
14,Hotstar TXN99394,79.0,entertainment,2026-05-09 11:23:00
14,SWIGGY INSTAMART,274.94,food,2026-05-09 14:01:00
14,HOTSTAR,275.76,entertainment,2026-05-09 19:19:00
14,Netflix REF6098,311.16,entertainment,2026-05-09 20:31:00
14,Prime Video/UPI/265892596,209.04,entertainment,2026-05-09 22:30:00
14,VI PREPAID*,394.81,recharge,2026-05-09 23:03:00
14,AMAZON,114.07,shopping,2026-05-09 23:11:00
14,VI PREPAIDT XN54770,388.93,recharge,2026-05-10 07:09:00
14,FLIPKART,1062.55,shopping,2026-05-10 09:07:00
14,ZoMaTO,148.75,food,2026-05-10 10:46:00
14,CAFE COfFEE DaY TXN26720,262.07,food,2026-05-10 16:22:00
14,Mess Fee/UPI/869639577,148.86,food,2026-05-10 19:03:00
14,ubEr,150.02,transport,2026-05-11 12:31:00
14,UPI-MESS SECRETARY-6982@okaxis,475.39,misc,2026-05-11 13:55:00
14,Jio ReCHaRGe TXN9,99.0,recharge,2026-05-11 19:38:00
14,SWIGGY INSTAMART/UPI/740563044,162.7,food,2026-05-11 22:28:00
14,aMAzoN*ORD473546,411.89,shopping,2026-05-11 22:51:00
14,Spotify*ORD420395,426.4,entertainment,2026-05-12 06:11:00
14,MEeShO TXN62395,1058.94,shopping,2026-05-12 07:15:00
14,Exam Fee Payment/UPI/970555903,50.0,education,2026-05-12 11:26:00
14,Flipkart REF2195,838.2,recharge,2026-05-12 16:04:00
14,JIO ReChaRGE TXN87581,173.02,recharge,2026-05-13 12:09:00
14,prImE Video/UPI/738369591,270.48,entertainment,2026-05-13 12:24:00
14,OLa,284.52,transport,2026-05-13 14:27:00
14,COURSERA TXN56952,413.48,education,2026-05-13 16:24:00
14,AjIo,100.0,shopping,2026-05-13 18:51:00
14,Swiggy Instamart,606.35,food,2026-05-13 21:22:00
14,PRINTOUT SHOP,388.44,education,2026-05-13 21:35:00
14,UPI-ROOMMATE SPLIT-1725@okaxis,79.79,misc,2026-05-14 20:58:00
14,AIRTel prEPaiD,162.59,recharge,2026-05-15 12:27:00
14,Flipkart,727.6,shopping,2026-05-15 21:40:00
14,Swiggy,199.31,food,2026-05-16 08:41:00
14,UPI-UNKNOWN UPI-4076@okaxis,745.73,misc,2026-05-16 12:55:00
14,PETROL PUMP*ORD168484,168.28,food,2026-05-16 15:17:00
14,Amazon/UPI/3307012,100.0,shopping,2026-05-16 22:02:00
14,Hotstar,307.63,entertainment,2026-05-16 22:24:00
14,UPI-UNKNOWN UPI-9093@okaxis,546.31,misc,2026-05-17 12:12:00
14,UPI-RAHUL K-6425@okaxis,300.21,misc,2026-05-17 13:35:00
14,EXAM FEE PaYMeNt*ORD8,242.27,education,2026-05-17 14:33:00
14,Wifi Bill REF6053,229.86,recharge,2026-05-17 19:34:00
14,UPI-FRIEND REPAYMENT-9112@okaxis,50.0,misc,2026-05-18 12:34:00
14,city bUs PasS TXN6118,87.11,transport,2026-05-18 12:49:00
14,Wifi Bill/U,463.41,recharge,2026-05-18 17:07:00
14,PRINTOUT SHOP,1847.57,education,2026-05-19 14:29:00
14,Exam Fee Payment*ORD444523,870.76,education,2026-05-19 15:49:00
14,UPI-RAHUL K-9264@okaxis,587.27,misc,2026-05-19 19:55:00
14,Meesho*ORD,198.97,shopping,2026-05-20 17:00:00
14,UBER REF9248,274.69,transport,2026-05-20 18:34:00
14,Airtel Prepaid TXN62885,100.85,recharge,2026-05-20 20:22:00
14,SWIGGY INSTAMART,122.74,food,2026-05-22 16:11:00
14,zOMato TXN61949,307.11,food,2026-05-24 09:11:00
14,UPI-UNKNOWN UPI-6274@okaxis,244.22,misc,2026-05-24 13:08:00
14,cOlLEge FeE p,50.0,education,2026-05-25 06:44:00
14,COLLEGE FEE PORTAL,50.0,education,2026-05-25 10:46:00
14,UPI-MESS SECRETARY-3154@okaxis,586.15,misc,2026-05-25 12:27:00
14,Swiggy TXN87447,156.55,food,2026-05-26 18:07:00
14,UPI-MESS SECRETARY-5840@okaxis,781.55,misc,2026-05-27 12:20:00
14,neTflIx*ORD241315,219.38,entertainment,2026-05-28 22:44:00
14,NETFLIX TXN2,87.55,entertainment,2026-06-01 10:35:00
14,UPI-ROOMMATE SPLIT-8765@okaxis,50.0,misc,2026-06-01 17:09:00
14,CAMPUS CANTEEN,46.53,food,2026-06-01 23:21:00
14,PG RENT PAYMEN,7369.76,rent,2026-06-02 06:29:00
14,cOllege feE porTaL REF5451,404.08,education,2026-06-02 14:42:00
14,Landlord Transfer,6648.97,rent,2026-06-02 18:51:00
14,PG RENT PAYMENT,5332.81,rent,2026-06-02 19:07:00
14,Printout Shop/UPI/709518162,1614.16,education,2026-06-03 13:29:00
14,LANDLORD TRANSFER,5113.63,recharge,2026-06-03 17:31:00
14,Landlord Transfer,5783.71,rent,2026-06-03 18:03:00
14,Pg reNt PaY,7747.33,rent,2026-06-03 20:36:00
14,Meesho,1480.74,shopping,2026-06-03 20:41:00
14,PG rEnt PaYmEnt,6523.43,rent,2026-06-04 06:04:00
14,UPI-FRIEND REPAYMENT-2163@okaxis,50.0,misc,2026-06-04 08:06:00
14,Prime Video*ORD363518,183.13,entertainment,2026-06-04 13:16:00
14,lanDlORd TransfER*ORD536886,8710.22,rent,2026-06-04 15:21:00
14,Hostel Fee TXN11618,7699.54,rent,2026-06-04 17:54:00
14,PG Rent pAyMenT REF3779,9370.81,rent,2026-06-04 18:03:00
14,FLIpkart/UPI/859,100.0,shopping,2026-06-04 21:09:00
14,PETROL PUMP,123.22,transport,2026-06-04 23:28:00
14,HOSTEL FEE,7836.54,rent,2026-06-05 12:26:00
14,PG RENT PAYMENT/UPI/544338175,8922.47,rent,2026-06-05 12:54:00
14,iRCTC,179.27,transport,2026-06-05 16:15:00
14,Landlord Transfer TXN89315,5477.36,rent,2026-06-05 17:54:00
14,netflIX REF7729,79.0,entertainment,2026-06-05 21:20:00
14,wIFI bIll REF8695,563.43,recharge,2026-06-05 23:31:00
14,vI pRepAId TXN84571,272.76,recharge,2026-06-06 14:12:00
14,Rapido,20.0,transport,2026-06-06 19:26:00
14,fLIPKaRT*ORD902865,598.37,shopping,2026-06-07 12:09:00
14,CAMPUS CANTEEN*ORD537649,243.07,food,2026-06-07 23:47:00
14,wiFI bIlL*ORD996001,277.71,recharge,2026-06-08 21:11:00
14,UPI-UNKNOWN UPI-2105@okaxis,849.14,misc,2026-06-09 11:03:00
14,Ola,156.11,transport,2026-06-09 12:24:00
14,UPI-MESS SECRETARY-3461@okaxis,913.37,misc,2026-06-09 14:22:00
14,mESs feE,222.75,food,2026-06-09 16:33:00
14,BOOKMYSHOW*ORD441623,214.61,entertainment,2026-06-09 19:55:00
14,CAfE COFfee day,314.2,food,2026-06-09 21:00:00
14,swiGGy,139.7,food,2026-06-10 06:31:00
14,Ajio/UPI/385073461,562.07,shopping,2026-06-10 11:56:00
14,BoOkMyShOw,123.72,entertainment,2026-06-10 22:41:00
14,mYnTrA*ORD507026,235.75,shopping,2026-06-12 10:38:00
14,Jio Recharge TXN93,124.73,recharge,2026-06-13 06:22:00
14,WiFi bIll,99.0,recharge,2026-06-13 12:16:00
14,Cafe Coffee Day REF2015,302.85,food,2026-06-13 22:23:00
14,wifI BIll TXN979,202.02,recharge,2026-06-14 21:08:00
14,Airtle Prepaid,238.61,recharge,2026-06-17 16:50:00
14,CITY BUS PASS REF9396,328.78,transport,2026-06-17 20:08:00
14,Dominos*ORD165802,436.86,food,2026-06-18 09:30:00
14,Swiggy Instamart ,170.43,food,2026-06-18 15:31:00
14,UPI-ROOMMATE SPLIT-1078@okaxis,223.98,misc,2026-06-18 20:56:00
14,UPI-FRIEND REPAYMENT-5466@okaxis,227.84,misc,2026-06-19 16:14:00
14,meSs Fee*ORD572281,234.26,food,2026-06-20 14:12:00
14,Airtel Prepaid*ORD234920,398.1,recharge,2026-06-25 07:42:00
14,UPI-RAHUL K-7549@okaxis,157.02,misc,2026-06-26 18:20:00
14,PETROL PUMP REF2,170.8,education,2026-06-27 12:48:00
14,Mess Fee,40.0,food,2026-06-27 13:59:00
15,HOTSTAR,79.0,entertainment,2026-04-02 14:37:00
15,UPI-RAHUL K-5143@okaxis,50.0,misc,2026-04-02 16:23:00
15,UPI-ROOMMATE SPLIT-4683@okaxis,227.51,misc,2026-04-02 16:32:00
15,LANDLORD TRANSFER/UPI/876545398,7708.61,rent,2026-04-02 20:54:00
15,swiGGy INStamarT/UPI/741326952,503.4,food,2026-04-02 22:10:00
15,Printout Shop/UPI/297264372,128.75,education,2026-04-03 13:27:00
15,UPI-ROOMMATE SPLIT-3633@okaxis,597.68,misc,2026-04-03 15:39:00
15,pg rEnT PAyMenT,6530.41,rent,2026-04-04 09:54:00
15,Landlord Transfer,7533.42,rent,2026-04-04 20:16:00
15,SPoTIfY REF4140,287.96,entertainment,2026-04-04 23:27:00
15,MYNTRA TXN47179,554.55,shopping,2026-04-05 06:50:00
15,Landlord Transfer,9226.17,rent,2026-04-05 12:24:00
15,Swiggy REF8656,284.7,food,2026-04-05 21:04:00
15,UDEMY,559.53,education,2026-04-06 06:23:00
15,peTROl puMp,70.56,transport,2026-04-06 07:57:00
15,UPI-ROOMMATE SPLIT-6226@okaxis,50.0,misc,2026-04-08 11:22:00
15,UBER,73.02,transport,2026-04-09 10:49:00
15,Amazon,893.94,shopping,2026-04-09 14:24:00
15,Netflix REF677,79.0,entertainment,2026-04-10 23:58:00
15,cAMPUs cANT,182.67,food,2026-04-11 14:57:00
15,swigGy iNsTAmART REF1112,40.0,food,2026-04-11 18:42:00
15,UPI-FRIEND REPAYMENT-7715@okaxis,828.52,misc,2026-04-11 18:47:00
15,UBER,172.76,rent,2026-04-12 08:20:00
15,UPI-FRIEND REPAYMENT-8870@okaxis,156.66,misc,2026-04-12 10:13:00
15,meeSHO/UPI/142,1552.17,shopping,2026-04-12 18:58:00
15,cOruSera*ORD171011,929.4,education,2026-04-12 20:01:00
15,AIRTEL PREPAID*ORD735778,340.68,recharge,2026-04-12 21:57:00
15,Exam Fee Payment,137.97,education,2026-04-13 08:21:00
15,UPI-PRIYA S-9798@okaxis,50.0,misc,2026-04-15 10:08:00
15,Swiggy Instamart REF1053,159.91,food,2026-04-15 12:21:00
15,COLLEGE FEE PORTAL,360.32,education,2026-04-15 12:48:00
15,aiRTEL pREP,99.0,recharge,2026-04-15 20:07:00
15,SWIGGY INSTAMART/UPI/3,302.4,food,2026-04-16 19:36:00
15,UPI-UNKNOWN UPI-8175@okaxis,201.19,misc,2026-04-16 21:30:00
15,UPI-UNKNOWN UPI-8475@okaxis,867.84,misc,2026-04-17 10:41:00
15,AIRTEL PREPAID TXN73814,249.89,recharge,2026-04-17 14:31:00
15,UPI-PRIYA S-2737@okaxis,616.25,misc,2026-04-17 18:39:00
15,UPI-FRIEND REPAYMENT-7598@okaxis,50.0,misc,2026-04-18 08:31:00
15,UPI-FRIEND REPAYMENT-8437@okaxis,1139.89,misc,2026-04-18 23:45:00
15,EXAM FEE PAYMENT,117.97,education,2026-04-20 08:01:00
15,Irctc,201.11,transport,2026-04-22 17:06:00
15,UPI-UNKNOWN UPI-1656@okaxis,703.01,misc,2026-04-25 17:46:00
15,petROl PUmP RE,152.3,transport,2026-04-26 08:07:00
15,wSiggy Instamart,40.0,food,2026-04-26 13:59:00
15,UPI-RAHUL K-9823@okaxis,59.83,misc,2026-04-27 15:17:00
15,UPI-FRIEND REPAYMENT-1013@okaxis,50.0,misc,2026-05-01 08:37:00
15,UPI-UNKNOWN UPI-9289@okaxis,50.0,misc,2026-05-01 18:29:00
15,SWIGGY INSTAMART/UPI/832766012,50.44,food,2026-05-02 14:42:00
15,AIRTEL PREPAID,476.67,recharge,2026-05-02 16:39:00
15,UBeR,162.71,transport,2026-05-02 19:16:00
15,pg reNt PaYmeNT/UPI/976497758,9425.82,rent,2026-05-02 21:57:00
15,Landlord Transfer/UPI/757173843,5651.82,rent,2026-05-03 08:41:00
15,pEtROl pumP*ORD236502,293.1,transport,2026-05-03 09:35:00
15,hoSTeL feE TXN86796,5004.53,rent,2026-05-03 12:14:00
15,NeTfLIX/UPI/149375941,106.92,entertainment,2026-05-03 14:21:00
15,oLa TXN70710,101.16,transport,2026-05-03 20:31:00
15,LANDLORD TRANSFER TXN37479,7156.53,rent,2026-05-04 08:50:00
15,UPI-UNKNOWN UPI-4162@okaxis,50.0,misc,2026-05-04 13:28:00
15,Hostel Fee/UPI/707194295,6716.32,rent,2026-05-04 18:30:00
15,Landlord Transfer TXN98969,5986.44,rent,2026-05-04 20:58:00
15,PG RENT PAYMENT REF8155,7051.23,rent,2026-05-05 07:48:00
15,vI pREPAid,99.0,food,2026-05-06 06:10:00
15,UPI-PRIYA S-1079@okaxis,571.75,misc,2026-05-06 10:09:00
15,MYNTAR,609.24,shopping,2026-05-06 12:10:00
15,UPI-ROOMMATE SPLIT-7236@okaxis,50.0,misc,2026-05-06 18:49:00
15,PRIME VIDEO,232.15,entertainment,2026-05-06 18:58:00
15,UPI-FRIEND REPAYMENT-1756@okaxis,50.0,misc,2026-05-07 21:41:00
15,Vi Prepaid,99.0,recharge,2026-05-08 15:28:00
15,UBER TXN96429,232.36,transport,2026-05-09 10:18:00
15,VI PrePaid,230.87,recharge,2026-05-09 21:35:00
15,Rapido,89.5,recharge,2026-05-10 12:29:00
15,Netflix/UPI/,476.47,entertainment,2026-05-10 14:38:00
15,UPI-UNKNOWN UPI-5996@okaxis,485.04,misc,2026-05-12 15:09:00
15,SWIGGY INSTA,344.96,food,2026-05-12 19:20:00
15,OLa*ODR7251,188.36,transport,2026-05-13 08:48:00
15,meSS FeE REF5471,70.05,food,2026-05-13 20:18:00
15,UPI-ROOMMATE SPLIT-5335@okaxis,50.0,misc,2026-05-14 10:50:00
15,Swiggy,40.0,food,2026-05-14 13:08:00
15,Petrol Pump/UPI/939978716,151.71,transport,2026-05-15 10:49:00
15,BOOKMYSHOW ,79.0,entertainment,2026-05-15 23:50:00
15,UDEMY/UPI/904790296,50.0,education,2026-05-16 08:25:00
15,cIty bus PASS REF7269,231.63,transport,2026-05-16 09:26:00
15,UPI-UNKNOWN UPI-4977@okaxis,295.16,misc,2026-05-18 19:09:00
15,Airtel Prepaid TXN98027,388.25,recharge,2026-05-19 06:36:00
15,UPI-MESS SECRETARY-6507@okaxis,445.45,misc,2026-05-19 21:46:00
15,PETROL PUMP TXN22221,220.13,transport,2026-05-20 14:18:00
15,MeSS FEE,322.31,food,2026-05-20 22:33:00
15,UPI-UNKNOWN UPI-2744@okaxis,474.7,misc,2026-05-22 12:28:00
15,City Bus Pass TXN78395,35.53,transport,2026-05-22 22:01:00
15,UPI-ROOMMATE SPLIT-9307@okaxis,131.7,misc,2026-05-23 19:53:00
15,CAMPUS CANTEEN*ORD797995,276.6,food,2026-05-24 06:13:00
15,UPI-UNKNOWN UPI-5716@okaxis,379.58,misc,2026-05-24 11:31:00
15,UPI-UNKNOWN UPI-6805@okaxis,654.75,misc,2026-05-26 17:38:00
15,RApiDo,20.0,transport,2026-05-27 18:42:00
15,Mess Fee*ORD271306,393.01,food,2026-05-27 22:21:00
15,UPI-ROOMMATE SPLIT-9809@okaxis,777.64,misc,2026-05-28 18:58:00
15,UPI-FRIEND REPAYMENT-2886@okaxis,566.53,misc,2026-05-28 19:50:00
15,UDEMY,720.7,education,2026-06-01 08:38:00
15,UPI-MESS SECRETARY-4106@okaxis,499.1,misc,2026-06-01 16:53:00
15,lANDLORD traNsF,9993.5,rent,2026-06-02 12:48:00
15,Myntra TXN19549,859.2,shopping,2026-06-02 17:59:00
15,Landlord Tarnsfer,8577.92,rent,2026-06-02 21:08:00
15,LNADLORD TRANSFER*ORD438724,6424.04,rent,2026-06-04 08:12:00
15,Amazon REF,234.78,shopping,2026-06-04 09:55:00
15,coURSEra*ORD568150,290.08,education,2026-06-04 21:40:00
15,Landlord Transfer/UPI/165807810,7375.3,rent,2026-06-04 21:48:00
15,Ajio/UPI/498928031,911.26,shopping,2026-06-05 12:32:00
15,hostEl FeE TX,5502.91,rent,2026-06-05 22:07:00
15,SWIGGY INSTAMART/UPI/77406003,184.78,food,2026-06-06 15:04:00
15,Dominos,419.13,food,2026-06-06 22:22:00
15,amAZOn TXN19254,1139.43,shopping,2026-06-09 10:25:00
15,UPI-PRIYA S-3627@okaxis,468.63,misc,2026-06-09 17:16:00
15,Jio Recharge/UPI/341851653,716.49,recharge,2026-06-10 10:25:00
15,dOMInOS/UPI/613258649,329.67,food,2026-06-10 22:12:00
15,CAMPUs can,284.69,food,2026-06-10 22:17:00
15,UPI-RAHUL K-5715@okaxis,655.06,misc,2026-06-11 22:42:00
15,UPI-PRIYA S-7427@okaxis,566.37,misc,2026-06-13 16:56:00
15,IrctC,358.67,transport,2026-06-14 06:20:00
15,UPI-RAHUL K-7415@okaxis,1018.08,misc,2026-06-14 13:11:00
15,Amazon,245.87,shopping,2026-06-14 19:02:00
15,Hotstar,390.24,entertainment,2026-06-14 23:27:00
15,zOMATO*ORD6,136.35,education,2026-06-15 18:08:00
15,Hotstar TXN25325,79.0,entertainment,2026-06-16 09:51:00
15,nETfLIx,277.57,entertainment,2026-06-24 19:57:00
15,Jio Rechar,341.01,recharge,2026-06-25 13:27:00
15,UPI-UNKNOWN UPI-2467@okaxis,171.73,misc,2026-06-26 13:05:00
15,SWIGGY,154.98,food,2026-06-26 22:17:00
15,FLIPKART TXN15320,692.66,shopping,2026-06-28 11:17:00
15,UPI-RAHUL K-1751@okaxis,392.03,misc,2026-06-28 18:38:00
16,ZoMaTo,219.22,food,2026-04-01 20:09:00
16,Landlrod Transf,6210.95,rent,2026-04-02 09:38:00
16,SwIGGy inStamaRT/UPI/980517039,281.53,food,2026-04-02 18:08:00
16,HOSTEL FEE,6281.74,education,2026-04-03 14:38:00
16,Hosttar,243.15,entertainment,2026-04-03 22:50:00
16,Netflix*ORD753519,181.06,entertainment,2026-04-03 23:57:00
16,AmaZon TXN96912,937.6,shopping,2026-04-04 06:15:00
16,Amazon REF4192,1095.19,recharge,2026-04-04 08:37:00
16,City Bus Pas,233.46,transport,2026-04-04 08:43:00
16,Prime Video/UPI/2837,253.8,entertainment,2026-04-04 10:10:00
16,Hostel Fee TXN42833,4000.0,rent,2026-04-04 11:59:00
16,ZomaTo,67.16,food,2026-04-04 16:34:00
16,FLipKaRT*ORD913585,471.49,shopping,2026-04-04 17:51:00
16,SWIGGY INTSAMART,454.43,food,2026-04-05 06:04:00
16,MESsf Ee,65.98,food,2026-04-05 15:54:00
16,Pg Rent Paym,8645.73,entertainment,2026-04-05 17:53:00
16,PRIME VIDEO/UPI/405670893,187.47,entertainment,2026-04-05 21:58:00
16,WIFI BILL/UPI/696054300,352.54,recharge,2026-04-06 22:55:00
16,VI PREpAid/UPI/330811883,99.0,recharge,2026-04-07 08:39:00
16,UPI-RAHUL K-2911@okaxis,357.36,misc,2026-04-08 16:49:00
16,Jio Recharge*ORD4,354.02,recharge,2026-04-08 21:38:00
16,VI PREPAID*ORD518492,342.55,recharge,2026-04-09 07:55:00
16,UPI-MESS SECRETARY-7526@okaxis,50.0,misc,2026-04-09 12:05:00
16,AiRTEl pREpaID/UPI/908595900,408.99,recharge,2026-04-09 15:25:00
16,CAfe cOffee dAy/UPI/479166750,284.09,food,2026-04-12 14:02:00
16,College Fee Portal REF8754,556.75,education,2026-04-13 15:42:00
16,PeTRol PumP*ORD517079,114.72,transport,2026-04-13 20:26:00
16,PrIMe viDEo*ORD267958,80.95,entertainment,2026-04-14 09:07:00
16,Mess Fee TXN70406,313.62,food,2026-04-14 20:43:00
16,HOTstAr,255.1,entertainment,2026-04-15 06:06:00
16,COuRSEra REF5070,1127.17,education,2026-04-16 22:39:00
16,SPOTIYF,284.82,entertainment,2026-04-16 23:47:00
16,SWIGGY INSTAMART TXN17389,141.84,food,2026-04-18 14:05:00
16,Uber/UPI/326253648,251.89,transport,2026-04-18 16:50:00
16,WIFI BILL,191.2,recharge,2026-04-20 07:05:00
16,AIRTEL PREPAID,120.58,recharge,2026-04-23 12:05:00
16,aJio REF9851,100.0,shopping,2026-04-23 16:27:00
16,domiNOS TXN84564,329.05,food,2026-04-25 13:47:00
16,MYNTRA,614.2,shopping,2026-04-27 10:57:00
16,Zomato,165.81,food,2026-04-27 12:35:00
16,UPI-ROOMMATE SPLIT-4185@okaxis,152.29,misc,2026-04-28 11:26:00
16,PrIMe VIdEo/UPI,397.27,entertainment,2026-05-01 12:35:00
16,Dominos/UPI/7106,229.71,food,2026-05-01 22:15:00
16,UPI-FRIEND REPAYMENT-3089@okaxis,50.0,misc,2026-05-01 23:37:00
16,MESS FEE,131.9,food,2026-05-02 08:23:00
16,Hostel Fee*ORD702243,9306.9,rent,2026-05-02 10:29:00
16,Spotify TXN45881,219.04,entertainment,2026-05-02 12:10:00
16,Campus Cante,40.0,food,2026-05-02 13:56:00
16,Exam Fee Payment,604.35,education,2026-05-02 16:37:00
16,Pg Rent Payment REF7301,7049.2,rent,2026-05-02 18:39:00
16,pG reNT PAyMeNt REF6420,6654.4,rent,2026-05-02 22:34:00
16,OLA,298.3,transport,2026-05-02 22:48:00
16,LANDLORD TRANSFER REF4089,8335.3,rent,2026-05-03 06:39:00
16,Exam fEe PaymENT REF3291,1010.6,education,2026-05-03 18:47:00
16,sPOTIfY REF2099,79.0,entertainment,2026-05-03 20:00:00
16,City Bus Pass REF6071,20.0,transport,2026-05-03 20:38:00
16,HOSTEL FEE REF8043,5862.26,rent,2026-05-04 07:41:00
16,Swiggy Instamar,75.89,food,2026-05-04 11:17:00
16,FliPkART REF1137,1486.73,shopping,2026-05-04 12:30:00
16,Dominos/UPI/244035046,143.46,food,2026-05-04 17:05:00
16,PG RENT PAYMEN,5613.65,rent,2026-05-04 19:46:00
16,PG RENT PAYMENT*ORD118207,8552.87,rent,2026-05-04 20:29:00
16,PG RenT pAymENt,5316.18,rent,2026-05-04 22:10:00
16,Landlord Transfer,8228.17,rent,2026-05-05 11:54:00
16,PG reNt pAYmENT*ORD522735,5277.61,rent,2026-05-05 12:44:00
16,CAMPUS CANTEEN*O,434.72,food,2026-05-05 14:56:00
16,MEESHO/UPI/554340990,730.01,shopping,2026-05-05 15:53:00
16,Meesho,1320.23,shopping,2026-05-05 20:11:00
16,HOSTEL FEE,5623.75,rent,2026-05-05 20:26:00
16,UPI-FRIEND REPAYMENT-3885@okaxis,718.93,misc,2026-05-07 11:08:00
16,ZOMATO*ORD626514,79.45,food,2026-05-07 13:41:00
16,SWIGGY INSTAMART*ORD491320,118.96,food,2026-05-08 08:58:00
16,PRIME VIDEO*ORD858137,231.57,entertainment,2026-05-08 09:18:00
16,NETFLIX TXN,172.7,entertainment,2026-05-08 11:26:00
16,DOMINOS TXN38102,375.78,food,2026-05-08 17:32:00
16,hotStar REF6611,79.0,entertainment,2026-05-08 21:59:00
16,CAFE COFFee day,244.75,food,2026-05-09 12:53:00
16,BOOKMYSHOW,79.0,entertainment,2026-05-09 19:37:00
16,HoTstar,117.98,entertainment,2026-05-09 21:16:00
16,BOOKMYSHOW,79.0,entertainment,2026-05-09 21:34:00
16,VI pREPaid REF8831,99.0,recharge,2026-05-09 22:26:00
16,OLa,117.4,transport,2026-05-10 08:38:00
16,Mess Fee TXN65229,249.02,food,2026-05-10 20:07:00
16,Coursera REF4266,562.9,education,2026-05-12 21:27:00
16,Rapido REF1147,20.0,transport,2026-05-13 06:04:00
16,MEESHO/UPI/417136,572.05,shopping,2026-05-14 09:35:00
16,UPI-UNKNOWN UPI-5883@okaxis,266.62,misc,2026-05-14 11:14:00
16,mEESHo TXN72634,900.89,shopping,2026-05-16 14:20:00
16,neTFlix,301.71,entertainment,2026-05-16 15:32:00
16,Netflix TXN37406,304.46,entertainment,2026-05-16 22:32:00
16,Uber TXN92824,85.7,transport,2026-05-17 18:24:00
16,AMAZON,375.86,shopping,2026-05-17 22:10:00
16,UPI-PRIYA S-6415@okaxis,50.0,misc,2026-05-18 11:03:00
16,prIntoUT sHOP,50.0,education,2026-05-18 14:31:00
16,SWIGGY INSTAMART TXN45797,40.0,food,2026-05-18 15:57:00
16,WIFI BILL*ORD672730,110.57,recharge,2026-05-18 17:29:00
16,MyNTRA*ORD909375,1208.7,shopping,2026-05-19 14:30:00
16,Spotify REF1997,126.03,entertainment,2026-05-20 08:01:00
16,UdeMy TXN63482,730.89,education,2026-05-22 14:29:00
16,UPI-FRIEND REPAYMENT-8024@okaxis,456.28,misc,2026-05-25 19:33:00
16,UPI-MESS SECRETARY-6735@okaxis,50.0,misc,2026-05-26 10:24:00
16,WIfI bILl*O,99.0,recharge,2026-05-26 16:05:00
16,DOMINOS,277.21,food,2026-05-28 21:13:00
16,COURSERA/UPI/428594048,576.53,education,2026-06-02 19:27:00
16,FLIPKART TXN70286,465.24,shopping,2026-06-02 20:30:00
16,UPI-RAHUL K-9379@okaxis,50.0,misc,2026-06-03 11:40:00
16,HOSTEL FEE/UPI/886348989,9624.38,rent,2026-06-03 19:00:00
16,PG RENT PAYME,9072.18,rent,2026-06-03 22:56:00
16,WIFI BLIL REF5742,174.55,recharge,2026-06-04 09:23:00
16,MYNTrA,762.65,shopping,2026-06-04 11:51:00
16,pg ReNt pAYMENt,4590.13,rent,2026-06-04 19:11:00
16,Prime Video/UPI/366958091,303.91,entertainment,2026-06-05 07:48:00
16,UPI-FRIEND REPAYMENT-6767@okaxis,206.24,misc,2026-06-05 13:57:00
16,Cafe Coffee Da,187.89,recharge,2026-06-05 15:15:00
16,Bookmyshow TXN54203,114.49,entertainment,2026-06-05 21:08:00
16,Campus Canteen REF4588,213.91,food,2026-06-06 17:20:00
16,UPI-RAHUL K-5852@okaxis,50.0,misc,2026-06-06 20:57:00
16,OLA TXN7159,217.75,transport,2026-06-07 07:20:00
16,wiFI bIlL TXN67442,353.46,recharge,2026-06-07 20:32:00
16,HOTSTAR,160.28,entertainment,2026-06-07 20:54:00
16,City BUs paSS*ORD976568,27.64,transport,2026-06-09 08:45:00
16,UPI-FRIEND REPAYMENT-2735@okaxis,50.0,misc,2026-06-09 18:12:00
16,Jio Recharge,99.0,recharge,2026-06-09 18:55:00
16,UPI-RAHUL K-7269@okaxis,50.0,misc,2026-06-10 21:05:00
16,UBER REF4220,284.92,transport,2026-06-11 18:41:00
16,MYNTRA,562.82,shopping,2026-06-12 23:44:00
16,ZomATO REF4739,292.0,food,2026-06-13 06:18:00
16,Uber,109.91,food,2026-06-13 14:00:00
16,UPI-RAHUL K-8244@okaxis,273.13,misc,2026-06-14 08:40:00
16,Zomato,40.0,food,2026-06-14 18:45:00
16,Myntra,638.22,shopping,2026-06-17 22:24:00
16,aIRtEL PREPAid REF4924,289.52,recharge,2026-06-20 06:30:00
16,CAFE COfFEe daY/UPI/325093754,383.74,food,2026-06-20 12:31:00
16,SWIGGY INSTAMART,211.29,food,2026-06-20 20:53:00
16,UPI-RAHUL K-1985@okaxis,50.0,misc,2026-06-24 21:47:00
16,UPI-PRIYA S-6116@okaxis,572.82,misc,2026-06-27 20:57:00
16,DOMINOS,300.09,food,2026-06-28 14:40:00
17,cAMpUS caNteEnO*RD366594,428.21,food,2026-04-02 13:31:00
17,Pg ErNt pAYMEnt,6931.88,rent,2026-04-02 20:22:00
17,HOsteL FEe,6175.66,rent,2026-04-02 23:56:00
17,PG rENT pAyMeNT,7038.08,rent,2026-04-03 17:41:00
17,Pg Rent Payment TXN62015,5850.02,rent,2026-04-03 23:03:00
17,PRIME VIDEO/UPI/906783874,397.99,entertainment,2026-04-04 13:25:00
17,hoStEl feE,8289.38,rent,2026-04-04 15:06:00
17,Pg Rent Payment,9579.07,rent,2026-04-04 16:44:00
17,HOSTEL FEE,6419.3,rent,2026-04-05 14:21:00
17,Landlord Transfer REF2750,9988.77,rent,2026-04-05 16:12:00
17,BOOMKYSHOW,79.0,entertainment,2026-04-06 06:47:00
17,Jio Rceharge/UPI/889278820,99.0,recharge,2026-04-06 12:26:00
17,wIFI bilL TXN21454,247.92,recharge,2026-04-06 19:21:00
17,UPI-FRIEND REPAYMENT-9769@okaxis,877.45,misc,2026-04-06 22:04:00
17,pEtROl pUMp,124.88,transport,2026-04-07 21:10:00
17,zoMaTo REF2081,286.08,food,2026-04-09 16:14:00
17,ajio/UPI/227468968,801.91,shopping,2026-04-09 19:59:00
17,OLA TXN49921,278.76,transport,2026-04-11 09:45:00
17,pEtROL pump/UPI/6187796,154.55,transport,2026-04-11 15:13:00
17,CAmPUS Canteen,230.63,food,2026-04-11 18:03:00
17,IRCTC REF2138,232.0,transport,2026-04-11 18:06:00
17,Hotstar/UPI/827339007,145.37,entertainment,2026-04-12 13:40:00
17,RaPIDO*ORD531452,20.0,transport,2026-04-12 20:35:00
17,WIFI BILL*ORD363379,146.54,recharge,2026-04-12 21:11:00
17,UBER TXN48297,58.41,transport,2026-04-12 22:28:00
17,MESS FEE,289.96,food,2026-04-13 09:42:00
17,SWIGGY,323.98,food,2026-04-13 17:15:00
17,CITY BUS PASS/UPI/482837052,256.47,transport,2026-04-15 14:16:00
17,Jio Recharge TXN29490,176.03,recharge,2026-04-15 22:26:00
17,BoOKmYsHOW TXN35546,89.12,entertainment,2026-04-17 16:42:00
17,ZOMATO REF5615,287.51,food,2026-04-17 17:52:00
17,RAPIDO*ORD315580,55.68,transport,2026-04-18 09:43:00
17,Ola TXN85361,433.66,transport,2026-04-20 19:39:00
17,FLIPKART,100.0,shopping,2026-04-22 21:58:00
17,Flipkart REF3618,1010.78,shopping,2026-04-24 23:07:00
17,raPIdo/UPI/371801354,254.3,transport,2026-04-25 15:06:00
17,Netflix,283.94,entertainment,2026-04-28 14:49:00
17,Airtel Prepaid REF9195,188.78,recharge,2026-05-01 19:23:00
17,LANDLORD TRANSFER,5611.86,rent,2026-05-02 06:37:00
17,lANDlord Transfer/UPI/927078496,7383.08,rent,2026-05-02 06:54:00
17,SWIGGY,180.95,food,2026-05-02 17:26:00
17,Hostel Fee TXN46109,7005.06,rent,2026-05-02 17:40:00
17,CAMPUS CANTEEN,637.94,food,2026-05-02 18:55:00
17,Flipkart REF8810,541.49,shopping,2026-05-02 21:20:00
17,HOSTEL FEER EF86,4000.0,rent,2026-05-02 22:01:00
17,OLA,396.79,transport,2026-05-02 22:06:00
17,HoSTEL FEe*ORD136559,5479.16,rent,2026-05-03 07:48:00
17,HotSTAR,79.0,entertainment,2026-05-03 12:37:00
17,Landlord Transfer/UPI/616200104,5697.56,rent,2026-05-03 13:21:00
17,hoStel FeE,7584.42,rent,2026-05-03 14:00:00
17,Ajio TXN87004,677.47,shopping,2026-05-03 18:55:00
17,Jio Recharge REF8021,100.63,recharge,2026-05-03 19:29:00
17,Exam Fee Payment/UPI/393314498,259.23,education,2026-05-04 08:44:00
17,PG RENT PAYMENT REF64,9806.45,rent,2026-05-04 10:28:00
17,Pg rEnt PaYMEnT,4180.11,rent,2026-05-04 11:20:00
17,lAnDLORd tranSFE,7491.73,rent,2026-05-04 11:41:00
17,PG rENt pAymeNt,5656.98,rent,2026-05-04 12:35:00
17,PRINTOUT SHOP,50.0,education,2026-05-04 18:11:00
17,LaNdLorD TRAnSFER/UPI/641005546,7801.94,rent,2026-05-04 20:20:00
17,Hostel Fee,8386.41,education,2026-05-04 21:19:00
17,LaNDlOrd TrANsFeR,7722.8,rent,2026-05-04 22:40:00
17,HoSTEl FEE/UPI/937806400,7820.9,rent,2026-05-04 23:41:00
17,Pg Rent Payment*ORD703301,7128.53,rent,2026-05-05 08:20:00
17,PetrOl PuMp,267.1,transport,2026-05-05 16:28:00
17,CAMPus cANteEn*ORD721564,44.09,food,2026-05-05 21:19:00
17,Petrlo Pump REF6291,190.81,transport,2026-05-06 10:02:00
17,PRIME VIDE,244.94,entertainment,2026-05-06 13:55:00
17,UPI-PRIYA S-2239@okaxis,279.92,misc,2026-05-07 13:02:00
17,MSeS FEE,333.85,food,2026-05-07 21:07:00
17,EXAM FEE PAYMENT*ORD439070,596.73,education,2026-05-08 07:11:00
17,sPoTIFY,79.0,entertainment,2026-05-08 13:50:00
17,IRCTC/UPI/9137294,38.83,transport,2026-05-08 14:16:00
17,PRIME vIDeo*ORD739418,333.21,entertainment,2026-05-08 15:36:00
17,exAm fEe PaYment/UPI/577039271,50.0,education,2026-05-08 17:39:00
17,CITY BUS PASS REF6658,244.84,transport,2026-05-08 21:32:00
17,OLA TXN83664,114.59,transport,2026-05-08 22:22:00
17,PertOL PumP,206.84,transport,2026-05-09 12:33:00
17,Petrol Pump/UPI/774963404,20.0,transport,2026-05-09 18:15:00
17,SPOTIFY,79.0,entertainment,2026-05-09 19:03:00
17,bOOkmysHow,366.7,entertainment,2026-05-09 20:48:00
17,PRIME VIDEO TXN80022,79.0,entertainment,2026-05-10 06:45:00
17,FLIPKART,100.0,rent,2026-05-10 12:20:00
17,aMAZon,495.76,shopping,2026-05-10 14:24:00
17,OLA REF6973,216.66,transport,2026-05-10 17:23:00
17,Myntra/UPI/371834168,100.0,shopping,2026-05-10 19:57:00
17,PRIME ViDeo,95.28,entertainment,2026-05-10 20:20:00
17,PRINTOUT SHOP,422.94,education,2026-05-10 22:41:00
17,Uber TXN57584,218.47,transport,2026-05-11 10:58:00
17,DOmInOS,271.45,food,2026-05-12 11:25:00
17,UPI-UNKNOWN UPI-4381@okaxis,1348.32,misc,2026-05-13 11:57:00
17,Coursera/UPI/823044258,451.54,education,2026-05-13 18:57:00
17,Amazon TXN40161,1863.36,education,2026-05-14 07:37:00
17,NETFLIX,88.16,entertainment,2026-05-14 16:47:00
17,pEtrol PuMP*ORD673775,99.92,transport,2026-05-14 22:26:00
17,HOTSTAR/UPI/116857392,493.27,entertainment,2026-05-15 12:28:00
17,boOkmYShOw TXN65316,79.0,entertainment,2026-05-15 23:53:00
17,Mess FEE/UPI/800572100,349.05,food,2026-05-16 12:28:00
17,BOOKMYSHOW REF5101,622.36,entertainment,2026-05-16 18:03:00
17,zoMAto,287.58,food,2026-05-16 23:04:00
17,Amazon,295.21,shopping,2026-05-17 08:35:00
17,WIFI BILL,347.67,recharge,2026-05-17 09:30:00
17,JIO RECHARGE,332.33,recharge,2026-05-17 23:21:00
17,CITyb US PaSS,116.43,transport,2026-05-18 08:45:00
17,CAFE COFFEE DAY,176.11,food,2026-05-18 14:42:00
17,UDEMY,324.73,education,2026-05-18 15:41:00
17,UPI-RAHUL K-8705@okaxis,370.08,misc,2026-05-20 10:16:00
17,olA/UPI/652932133,266.18,transport,2026-05-20 10:56:00
17,COllEGe fee PoRTAl REF1074,220.19,education,2026-05-20 21:48:00
17,JIO RECHARGE/UPI/449556663,378.77,recharge,2026-05-22 09:44:00
17,UPI-MESS SECRETARY-8169@okaxis,50.0,misc,2026-05-22 10:00:00
17,UBEr TXN790,39.76,transport,2026-05-22 19:09:00
17,Printout Shop,247.03,education,2026-05-22 19:36:00
17,NeTfLix,79.0,entertainment,2026-05-22 21:31:00
17,MEESHO REF22,1109.23,shopping,2026-05-22 21:59:00
17,mEeshO,484.35,shopping,2026-05-26 09:15:00
17,SWIGGY INSTAMART*ORD899071,278.81,food,2026-05-26 13:19:00
17,DOMINOS/UPI/950985701,304.96,food,2026-05-28 06:41:00
17,UPI-ROOMMATE SPLIT-1242@okaxis,50.0,misc,2026-05-28 11:30:00
17,UPI-RAHUL K-4388@okaxis,208.08,misc,2026-05-28 23:20:00
17,RAPIDO TXN1231,196.7,transport,2026-06-01 07:33:00
17,Hostel Fee*,5215.5,rent,2026-06-02 06:15:00
17,FLIPKATR TXN3,628.59,shopping,2026-06-02 07:39:00
17,RAPIDO TXN27718,20.0,transport,2026-06-02 09:07:00
17,UDEMY,759.28,education,2026-06-02 09:48:00
17,LANDLORD TRANSFER REF3059,6046.96,rent,2026-06-02 12:13:00
17,AJIO TXN59120,421.35,shopping,2026-06-02 13:37:00
17,PG RENT PAYMENT*ORD211033,6262.15,rent,2026-06-02 19:55:00
17,UBER*ORD564020,296.83,transport,2026-06-02 22:43:00
17,aiRteL PrEpaiD/UPI/909134314,159.29,recharge,2026-06-02 23:18:00
17,FLIPKART R,679.01,shopping,2026-06-03 21:14:00
17,College Fee Portal/UPI/985368863,801.0,education,2026-06-04 07:21:00
17,UDEMY REF913,50.0,education,2026-06-04 08:16:00
17,eXaM FEE paYmENT,822.7,education,2026-06-04 14:12:00
17,HOSTEL FEE,7929.57,rent,2026-06-04 20:12:00
17,Hotstar TXN53609,307.26,entertainment,2026-06-05 08:42:00
17,CAMPUS CANTEEN*ORD206754,424.98,food,2026-06-05 10:43:00
17,CITY BUS PAS,125.64,transport,2026-06-05 16:54:00
17,jiO recHARgE T,441.23,recharge,2026-06-05 18:31:00
17,Pg Rent Payment*ORD877070,4185.17,rent,2026-06-05 22:59:00
17,OlA*ORD928870,281.58,transport,2026-06-06 06:39:00
17,Airtel Prepaid,222.32,recharge,2026-06-06 13:27:00
17,Ola,54.0,transport,2026-06-06 14:03:00
17,UPI-ROOMMATE SPLIT-1195@okaxis,333.53,misc,2026-06-07 11:15:00
17,Wifi Bill*ORD104296,99.0,recharge,2026-06-07 17:53:00
17,MEESHO,1268.72,shopping,2026-06-07 20:47:00
17,UPI-PRIYA S-3029@okaxis,463.91,misc,2026-06-07 23:39:00
17,doMiNoS,272.09,food,2026-06-08 13:09:00
17,Bookmyshow TXN26843,211.69,entertainment,2026-06-09 11:02:00
17,eXam feE PAymEnT,449.2,education,2026-06-10 22:06:00
17,CAMPUS CANTEEN,359.56,food,2026-06-11 11:08:00
17,JIO RECHARGE,347.73,recharge,2026-06-13 19:30:00
17,JIO RECHARGE TXN9,249.02,recharge,2026-06-14 07:40:00
17,Swiggy Instamart,259.29,food,2026-06-14 10:07:00
17,Irctc,143.63,transport,2026-06-14 23:33:00
17,UPI-UNKNOWN UPI-5987@okaxis,615.62,misc,2026-06-16 09:49:00
17,UDEMY*ORD189199,1273.49,education,2026-06-16 23:50:00
17,AJIO/UPI/785611125,618.24,shopping,2026-06-17 13:38:00
17,PRINTOUT SHOP TXN37637,674.37,education,2026-06-17 14:51:00
17,VI PREPAID/UPI/639222599,219.78,recharge,2026-06-17 16:20:00
17,UPI-ROOMMATE SPLIT-9506@okaxis,864.18,misc,2026-06-17 19:35:00
17,WIFI BILL,99.0,recharge,2026-06-17 20:00:00
17,Prime Video REF1355,88.99,entertainment,2026-06-18 23:03:00
17,Spotify,360.01,entertainment,2026-06-20 19:22:00
17,JIO RECHARGE,384.56,recharge,2026-06-21 23:41:00
17,JiO reChArGE,156.35,recharge,2026-06-23 08:25:00
17,Swiggy TXN594,466.21,food,2026-06-23 11:51:00
17,City Bus Pass,74.92,transport,2026-06-25 15:20:00
17,PRIME VIDEO*,79.0,entertainment,2026-06-28 13:30:00
18,UPI-ROOMMATE SPLIT-8129@okaxis,50.0,misc,2026-04-01 13:49:00
18,UPI-PRIYA S-6621@okaxis,50.0,misc,2026-04-01 23:51:00
18,UPI-FRIEND REPAYMENT-7522@okaxis,521.3,misc,2026-04-02 09:30:00
18,HOSTEL FEE TXN19258,5365.55,rent,2026-04-02 11:01:00
18,MESS FEe,157.97,food,2026-04-02 16:17:00
18,DOMINOS TXN14085,152.87,entertainment,2026-04-04 11:17:00
18,Uber*ORD489124,205.58,transport,2026-04-04 14:22:00
18,Wifi Bill,252.34,recharge,2026-04-05 17:51:00
18,City Bus Pass,187.36,transport,2026-04-05 19:04:00
18,Irctc,173.68,transport,2026-04-05 19:24:00
18,AIRTEL PREPAID TXN41729,194.42,recharge,2026-04-05 22:34:00
18,COLLEge feE PortAL/UPI/848625795,1311.57,education,2026-04-06 17:54:00
18,UPI-ROOMMATE SPLIT-1374@okaxis,50.0,misc,2026-04-06 21:52:00
18,Netflix/UPI/373664595,79.0,entertainment,2026-04-06 23:00:00
18,ubEr TXN38168,353.99,food,2026-04-07 16:31:00
18,colleGE Fee poRtAL TXN76520,1018.35,education,2026-04-07 17:30:00
18,College Fee Portal,706.48,education,2026-04-07 23:13:00
18,UPI-ROOMMATE SPLIT-9852@okaxis,641.81,misc,2026-04-08 21:59:00
18,Jio Recharge TXN87819,132.29,recharge,2026-04-09 11:24:00
18,UPI-ROOMMATE SPLIT-2739@okaxis,538.89,misc,2026-04-09 12:17:00
18,Myntra*ORD545224,745.32,shopping,2026-04-09 15:09:00
18,VI PREPAID TXN2607,385.34,recharge,2026-04-10 10:09:00
18,SPOTIFY,451.4,entertainment,2026-04-10 19:43:00
18,OlA/UPI/965405947,185.59,transport,2026-04-11 08:32:00
18,Spotfiy,79.0,entertainment,2026-04-11 17:54:00
18,HOTSTAR/UPI/713011179,147.29,entertainment,2026-04-13 06:47:00
18,UPI-ROOMMATE SPLIT-6466@okaxis,485.28,misc,2026-04-13 14:43:00
18,UPI-RAHUL K-2830@okaxis,50.0,misc,2026-04-14 17:36:00
18,udemy TXN68762,50.0,education,2026-04-15 07:39:00
18,UPI-ROOMMATE SPLIT-9609@okaxis,50.0,misc,2026-04-16 23:55:00
18,PRiMe vidEoU/PI,239.69,entertainment,2026-04-17 14:45:00
18,Bookmyshow REF2461,82.19,entertainment,2026-04-19 13:01:00
18,UPI-UNKNOWN UPI-6904@okaxis,368.74,misc,2026-04-21 17:12:00
18,UPI-FRIEND REPAYMENT-3825@okaxis,656.1,misc,2026-04-22 17:16:00
18,FLIPKART/UPI/519998167,1185.77,shopping,2026-04-22 22:33:00
18,Amazon,1120.66,entertainment,2026-04-23 18:08:00
18,CAMPUS CANTEEN REF1886,99.45,food,2026-04-25 21:47:00
18,UPI-MESS SECRETARY-4668@okaxis,50.0,misc,2026-04-26 11:27:00
18,VI PRepAID TXN47905,99.0,recharge,2026-04-27 21:58:00
18,MESS FEE,122.45,food,2026-05-01 10:52:00
18,PRIME VIDEO,231.35,entertainment,2026-05-01 18:43:00
18,AMAZON/UPI/521151486,1643.53,shopping,2026-05-02 06:58:00
18,eXAm fEE Paym,631.79,education,2026-05-02 07:25:00
18,RAPIDO*ORD,20.0,transport,2026-05-02 09:22:00
18,Hotstar,227.42,entertainment,2026-05-02 11:47:00
18,Landlord Transfer ,4000.0,rent,2026-05-02 16:28:00
18,LANDLORD tRaNSfer/UPI/141126225,9147.05,rent,2026-05-02 19:22:00
18,OLA*ORD518326,164.83,transport,2026-05-02 22:24:00
18,Landlord Transfer,7500.79,rent,2026-05-03 08:11:00
18,Pg RenT PaymEnT TXN7,7065.27,rent,2026-05-03 17:40:00
18,UPI-UNKNOWN UPI-6162@okaxis,925.37,misc,2026-05-03 17:57:00
18,Petrol Pump TXN51947,385.51,transport,2026-05-03 21:33:00
18,HOSTEL FEE/UPI/268536987,8280.96,rent,2026-05-03 21:43:00
18,HOSTEL FEE,5031.67,rent,2026-05-03 23:08:00
18,SWIGGY*ORD991255,47.45,food,2026-05-04 06:33:00
18,wIfI BILl/UPI/904788900,99.0,recharge,2026-05-04 07:55:00
18,Swiggy Instamart,338.74,food,2026-05-04 13:04:00
18,UPI-MESS SECRETARY-8411@okaxis,239.66,misc,2026-05-04 15:32:00
18,UPI-UNKNOWN UPI-4812@okaxis,499.95,misc,2026-05-04 17:24:00
18,LANDLORD TR,7694.93,rent,2026-05-04 20:33:00
18,ZOMATO,40.0,food,2026-05-04 21:13:00
18,AMAZON,518.28,shopping,2026-05-04 21:30:00
18,UPI-MESS SECRETARY-2714@okaxis,378.01,misc,2026-05-04 21:51:00
18,aJio,1015.94,shopping,2026-05-05 08:20:00
18,COURSERA*ORD575009,277.32,education,2026-05-05 09:16:00
18,Myntra REF0943,384.51,shopping,2026-05-05 15:33:00
18,PRIME VIDEO,250.39,entertainment,2026-05-05 16:31:00
18,Landlord Transfer,7622.3,rent,2026-05-05 16:57:00
18,Pg Rent Payment*ORD581285,6941.04,rent,2026-05-05 19:43:00
18,LANDLORD TRANSFER,7837.21,entertainment,2026-05-05 21:47:00
18,PETROL PUMP,384.5,transport,2026-05-05 22:27:00
18,hOstel FeE,8622.65,rent,2026-05-05 22:59:00
18,LandlORd TraNsfER/UPI/694030180,6798.25,rent,2026-05-05 23:45:00
18,AJiO,989.57,shopping,2026-05-06 09:52:00
18,SWIGGY INSTAMART TXN10416,137.07,food,2026-05-06 18:29:00
18,mEeShO REF2822,651.85,education,2026-05-06 23:53:00
18,Udemy*ORD143740,1014.23,education,2026-05-06 23:59:00
18,Jio Recharg,343.31,recharge,2026-05-07 06:35:00
18,OLA TXN18598,161.44,transport,2026-05-07 09:56:00
18,Hotstar,79.0,entertainment,2026-05-08 16:04:00
18,Netflix*ORD165817,79.0,entertainment,2026-05-08 17:28:00
18,MEESHO TXN66093,210.09,shopping,2026-05-08 18:00:00
18,UPI-FRIEND REPAYMENT-5704@okaxis,357.96,misc,2026-05-08 21:24:00
18,BOOKMYSHOW TXN98011,413.12,entertainment,2026-05-08 23:26:00
18,olA/UPI/878922249,89.31,transport,2026-05-09 06:07:00
18,SWIGGY INSTAMART/UPI/483590806,301.48,food,2026-05-09 09:36:00
18,eXaM fee P,1607.36,education,2026-05-09 10:00:00
18,Myntra REF1848,931.44,shopping,2026-05-09 10:25:00
18,NETFLIX/UPI/336183642,143.39,entertainment,2026-05-09 16:28:00
18,Ajio/UPI/206185700,407.35,shopping,2026-05-09 19:30:00
18,Coursera TXN47047,632.09,education,2026-05-10 10:55:00
18,CAMPUS CANTEEN TXN31678,78.8,food,2026-05-10 16:58:00
18,Meesho REF6129,498.98,shopping,2026-05-10 21:37:00
18,CAMPUS CANTEEN*ORD9959,343.93,food,2026-05-10 21:49:00
18,AIRTEl prEPAID*ORD1286,449.34,recharge,2026-05-10 21:58:00
18,rAPIdo TXN13873,22.93,transport,2026-05-11 13:50:00
18,UPI-ROOMMATE SPLIT-5654@okaxis,50.0,misc,2026-05-11 18:10:00
18,UPI-RAHUL K-7930@okaxis,658.14,misc,2026-05-11 20:56:00
18,CampUs CAnteen TXN72473,307.57,food,2026-05-12 09:01:00
18,UPI-FRIEND REPAYMENT-6236@okaxis,912.95,misc,2026-05-12 09:48:00
18,SWiGgy/UPI/743765077,307.59,food,2026-05-12 18:07:00
18,Myntra,1492.51,shopping,2026-05-13 09:41:00
18,MYNTRA REF7912,278.76,shopping,2026-05-13 12:54:00
18,caFE coffeE daY REF6000,256.46,food,2026-05-13 20:00:00
18,Hotstar/UPI/47,230.26,entertainment,2026-05-13 21:16:00
18,UPI-UNKNOWN UPI-1759@okaxis,447.06,misc,2026-05-14 15:15:00
18,IRcTC,327.8,transport,2026-05-14 17:33:00
18,UPI-UNKNOWN UPI-4194@okaxis,159.43,misc,2026-05-14 19:43:00
18,UPI-MESS SECRETARY-6431@okaxis,50.0,misc,2026-05-15 23:06:00
18,ZOMaTO,144.56,food,2026-05-16 15:56:00
18,OLA TXN11042,20.0,transport,2026-05-17 07:32:00
18,Wifi Bill,286.2,recharge,2026-05-17 18:22:00
18,OHTSTAR,271.87,entertainment,2026-05-17 18:33:00
18,Netflix REF2497,293.52,entertainment,2026-05-17 23:56:00
18,IRCTC,191.96,transport,2026-05-18 19:15:00
18,UDEMY REF5867,1027.05,education,2026-05-19 08:53:00
18,CoLleeG fEE pORtal/,1054.59,education,2026-05-19 14:08:00
18,AjIo TXN63957,482.43,shopping,2026-05-19 18:35:00
18,Cafe Coffe,297.32,food,2026-05-19 21:11:00
18,AMAZON,485.28,shopping,2026-05-19 21:45:00
18,Ajio,1155.73,shopping,2026-05-20 14:02:00
18,College Fee P,1453.29,education,2026-05-20 16:33:00
18,UPI-PRIYA S-2167@okaxis,551.81,misc,2026-05-21 22:36:00
18,Myntra TXN25315,1320.74,shopping,2026-05-23 06:07:00
18,UPI-PRIYA S-7549@okaxis,270.42,misc,2026-05-23 12:33:00
18,UPI-ROOMMATE SPLIT-2922@okaxis,50.0,misc,2026-05-23 16:23:00
18,PRINTOUT SHOPO*RD258181,549.59,education,2026-05-24 10:29:00
18,UPI-PRIYA S-2157@okaxis,549.08,misc,2026-05-24 15:12:00
18,FLIPKART,1265.44,shopping,2026-05-24 19:33:00
18,UPI-ROOMMATE SPLIT-8846@okaxis,50.0,misc,2026-05-26 11:34:00
18,UPI-FRIEND REPAYMENT-1292@okaxis,119.34,misc,2026-05-26 12:47:00
18,UPI-MESS SECRETARY-9111@okaxis,50.0,misc,2026-05-26 14:41:00
18,UPI-MESS SECRETARY-5386@okaxis,113.68,misc,2026-05-26 17:23:00
18,Airtel Prepaid/UPI/467635611,205.51,recharge,2026-05-26 19:58:00
18,UPI-FRIEND REPAYMENT-2783@okaxis,929.21,misc,2026-05-27 14:24:00
18,UPI-MESS SECRETARY-4400@okaxis,309.56,misc,2026-05-28 14:27:00
18,Uber,20.0,transport,2026-06-01 13:03:00
18,OLA TXN77255,115.81,transport,2026-06-01 17:52:00
18,UBEr,128.79,transport,2026-06-01 21:18:00
18,ZOMATO,131.58,food,2026-06-02 13:03:00
18,Hostel Fee,6315.82,rent,2026-06-02 15:57:00
18,LANdLord TRanSfER,6269.2,rent,2026-06-02 17:31:00
18,LANDLORD TRANSFER/UPI/349543417,6472.12,rent,2026-06-03 12:38:00
18,PG RENT PAYMENT/UPI/612484112,5055.83,rent,2026-06-03 15:00:00
18,City Bus Pass/UPI/211571550,91.06,transport,2026-06-03 20:40:00
18,VI PREPAI/DUPI/841723433,339.25,recharge,2026-06-04 09:14:00
18,LANDLORD TRANSFER/UPI/762500182,5845.01,rent,2026-06-05 11:19:00
18,Swiggy Instamart,192.49,food,2026-06-07 19:29:00
18,sWiGgy Instam,283.66,food,2026-06-08 18:03:00
18,COLLEGE FEE PORTAL,65.55,education,2026-06-09 09:46:00
18,sWiGgY iNSTmAART TXN74639,215.29,food,2026-06-09 10:06:00
18,Netflix,79.0,education,2026-06-09 17:10:00
18,Ola REF1344,125.3,transport,2026-06-09 19:21:00
18,SWIggy iNSTAmArT,255.44,food,2026-06-10 18:36:00
18,Hotstar*ORD463978,82.54,entertainment,2026-06-12 19:18:00
18,Meesho REF1261,529.25,shopping,2026-06-12 22:16:00
18,hOTsTAR TXN20580,79.0,entertainment,2026-06-13 14:53:00
18,Airtel Prepaid REF4610,277.21,recharge,2026-06-13 14:57:00
18,COLLEGE FEE PORTAL*ORD560933,50.0,education,2026-06-15 17:13:00
18,eXaM FEE paymENT TXN47433,152.2,education,2026-06-16 15:23:00
18,Ola,60.41,transport,2026-06-16 18:40:00
18,UPI-FRIEND REPAYMENT-2232@okaxis,287.42,misc,2026-06-17 13:34:00
18,Netflix TXN41628,311.18,rent,2026-06-18 18:39:00
18,Prime Video*ORD392086,251.92,entertainment,2026-06-19 10:05:00
18,RAPIDO TXN61342,119.26,transport,2026-06-20 22:09:00
18,UPI-MESS SECRETARY-8420@okaxis,529.25,misc,2026-06-22 20:51:00
18,UPI-PRIYA S-8974@okaxis,50.0,misc,2026-06-23 19:54:00
18,DOMINOS*ORD6406,334.85,food,2026-06-24 19:50:00
18,UPI-PRIYA S-4653@okaxis,50.0,misc,2026-06-26 13:45:00
18,Zmoato,147.7,food,2026-06-27 07:17:00
18,HOTSTAR,170.74,entertainment,2026-06-27 16:58:00
